begin;

-- 1. Insert RMP Programme
insert into public.programmes (id, code, name, description, is_active)
values (
  '10000000-0000-4000-8000-000000000069',
  'RMP',
  'Risk Management Professional',
  'Evaluates proficiency in risk planning, qualitative and quantitative risk analysis, risk response strategies, contingency planning, and enterprise risk management (ERM).',
  true
)
on conflict (code) do update
set name = excluded.name,
    description = excluded.description,
    is_active = true,
    updated_at = now();

-- 2. Insert RMP Examination
insert into public.examinations (
  id, programme_id, title, instructions, duration_minutes, pass_mark,
  status, max_attempts, randomize_questions, randomize_options,
  allow_self_enrollment
)
values (
  '20000000-0000-4000-8000-000000000069',
  '10000000-0000-4000-8000-000000000069',
  'Risk Management Professional (RMP)',
  'Answer all 75 multiple-choice questions. This advanced-level examination evaluates risk identification, risk evaluation, and resilient project response configurations.',
  120,
  70,
  'published',
  1,
  false,
  false,
  true
)
on conflict (id) do update
set programme_id = excluded.programme_id,
    title = excluded.title,
    instructions = excluded.instructions,
    duration_minutes = excluded.duration_minutes,
    pass_mark = excluded.pass_mark,
    status = excluded.status,
    max_attempts = excluded.max_attempts,
    randomize_questions = excluded.randomize_questions,
    randomize_options = excluded.randomize_options,
    allow_self_enrollment = excluded.allow_self_enrollment,
    updated_at = now();

-- 3. Insert Questions (75 questions)
insert into public.questions (id, examination_id, question_text, position, points, is_active)
values
  ('30000000-0000-4000-8000-000000000bb9', '20000000-0000-4000-8000-000000000069', '[Qualitative Risk Analysis - Scenario 1] When evaluating project risks on a Probability and Impact Matrix, a high-impact, low-probability threat (such as a regional power grid failure) is identified. How should this risk be prioritized?', 1, 1, true),
  ('30000000-0000-4000-8000-000000000bba', '20000000-0000-4000-8000-000000000069', '[Quantitative Risk Modeling - Scenario 2] A risk manager performs a Monte Carlo simulation on a $50M infrastructure project schedule. The simulation indicates an 85% probability of completion within 14 months. What does this P85 metric represent?', 2, 1, true),
  ('30000000-0000-4000-8000-000000000bbb', '20000000-0000-4000-8000-000000000069', '[Risk Response Strategies - Scenario 3] A project team faces currency exchange volatility that could increase raw material procurement costs by 20%. The organization purchases a financial futures contract to lock in current exchange rates. Which risk response strategy was executed?', 3, 1, true),
  ('30000000-0000-4000-8000-000000000bbc', '20000000-0000-4000-8000-000000000069', '[Contingency & Management Reserves - Scenario 4] During project execution, an unidentifiable unknown-unknown risk occurs, impacting critical network infrastructure. Which reserve fund should be authorized by senior management to absorb this cost?', 4, 1, true),
  ('30000000-0000-4000-8000-000000000bbd', '20000000-0000-4000-8000-000000000069', '[Enterprise Risk Governance (ERM) - Scenario 5] Under the ISO 31000 Risk Management Standard, what is the primary purpose of establishing the organizational context during risk framework design?', 5, 1, true),
  ('30000000-0000-4000-8000-000000000bbe', '20000000-0000-4000-8000-000000000069', '[Qualitative Risk Analysis - Scenario 6] When evaluating project risks on a Probability and Impact Matrix, a high-impact, low-probability threat (such as a regional power grid failure) is identified. How should this risk be prioritized?', 6, 1, true),
  ('30000000-0000-4000-8000-000000000bbf', '20000000-0000-4000-8000-000000000069', '[Quantitative Risk Modeling - Scenario 7] A risk manager performs a Monte Carlo simulation on a $50M infrastructure project schedule. The simulation indicates an 85% probability of completion within 14 months. What does this P85 metric represent?', 7, 1, true),
  ('30000000-0000-4000-8000-000000000bc0', '20000000-0000-4000-8000-000000000069', '[Risk Response Strategies - Scenario 8] A project team faces currency exchange volatility that could increase raw material procurement costs by 20%. The organization purchases a financial futures contract to lock in current exchange rates. Which risk response strategy was executed?', 8, 1, true),
  ('30000000-0000-4000-8000-000000000bc1', '20000000-0000-4000-8000-000000000069', '[Contingency & Management Reserves - Scenario 9] During project execution, an unidentifiable unknown-unknown risk occurs, impacting critical network infrastructure. Which reserve fund should be authorized by senior management to absorb this cost?', 9, 1, true),
  ('30000000-0000-4000-8000-000000000bc2', '20000000-0000-4000-8000-000000000069', '[Enterprise Risk Governance (ERM) - Scenario 10] Under the ISO 31000 Risk Management Standard, what is the primary purpose of establishing the organizational context during risk framework design?', 10, 1, true),
  ('30000000-0000-4000-8000-000000000bc3', '20000000-0000-4000-8000-000000000069', '[Qualitative Risk Analysis - Scenario 11] When evaluating project risks on a Probability and Impact Matrix, a high-impact, low-probability threat (such as a regional power grid failure) is identified. How should this risk be prioritized?', 11, 1, true),
  ('30000000-0000-4000-8000-000000000bc4', '20000000-0000-4000-8000-000000000069', '[Quantitative Risk Modeling - Scenario 12] A risk manager performs a Monte Carlo simulation on a $50M infrastructure project schedule. The simulation indicates an 85% probability of completion within 14 months. What does this P85 metric represent?', 12, 1, true),
  ('30000000-0000-4000-8000-000000000bc5', '20000000-0000-4000-8000-000000000069', '[Risk Response Strategies - Scenario 13] A project team faces currency exchange volatility that could increase raw material procurement costs by 20%. The organization purchases a financial futures contract to lock in current exchange rates. Which risk response strategy was executed?', 13, 1, true),
  ('30000000-0000-4000-8000-000000000bc6', '20000000-0000-4000-8000-000000000069', '[Contingency & Management Reserves - Scenario 14] During project execution, an unidentifiable unknown-unknown risk occurs, impacting critical network infrastructure. Which reserve fund should be authorized by senior management to absorb this cost?', 14, 1, true),
  ('30000000-0000-4000-8000-000000000bc7', '20000000-0000-4000-8000-000000000069', '[Enterprise Risk Governance (ERM) - Scenario 15] Under the ISO 31000 Risk Management Standard, what is the primary purpose of establishing the organizational context during risk framework design?', 15, 1, true),
  ('30000000-0000-4000-8000-000000000bc8', '20000000-0000-4000-8000-000000000069', '[Qualitative Risk Analysis - Scenario 16] When evaluating project risks on a Probability and Impact Matrix, a high-impact, low-probability threat (such as a regional power grid failure) is identified. How should this risk be prioritized?', 16, 1, true),
  ('30000000-0000-4000-8000-000000000bc9', '20000000-0000-4000-8000-000000000069', '[Quantitative Risk Modeling - Scenario 17] A risk manager performs a Monte Carlo simulation on a $50M infrastructure project schedule. The simulation indicates an 85% probability of completion within 14 months. What does this P85 metric represent?', 17, 1, true),
  ('30000000-0000-4000-8000-000000000bca', '20000000-0000-4000-8000-000000000069', '[Risk Response Strategies - Scenario 18] A project team faces currency exchange volatility that could increase raw material procurement costs by 20%. The organization purchases a financial futures contract to lock in current exchange rates. Which risk response strategy was executed?', 18, 1, true),
  ('30000000-0000-4000-8000-000000000bcb', '20000000-0000-4000-8000-000000000069', '[Contingency & Management Reserves - Scenario 19] During project execution, an unidentifiable unknown-unknown risk occurs, impacting critical network infrastructure. Which reserve fund should be authorized by senior management to absorb this cost?', 19, 1, true),
  ('30000000-0000-4000-8000-000000000bcc', '20000000-0000-4000-8000-000000000069', '[Enterprise Risk Governance (ERM) - Scenario 20] Under the ISO 31000 Risk Management Standard, what is the primary purpose of establishing the organizational context during risk framework design?', 20, 1, true),
  ('30000000-0000-4000-8000-000000000bcd', '20000000-0000-4000-8000-000000000069', '[Qualitative Risk Analysis - Scenario 21] When evaluating project risks on a Probability and Impact Matrix, a high-impact, low-probability threat (such as a regional power grid failure) is identified. How should this risk be prioritized?', 21, 1, true),
  ('30000000-0000-4000-8000-000000000bce', '20000000-0000-4000-8000-000000000069', '[Quantitative Risk Modeling - Scenario 22] A risk manager performs a Monte Carlo simulation on a $50M infrastructure project schedule. The simulation indicates an 85% probability of completion within 14 months. What does this P85 metric represent?', 22, 1, true),
  ('30000000-0000-4000-8000-000000000bcf', '20000000-0000-4000-8000-000000000069', '[Risk Response Strategies - Scenario 23] A project team faces currency exchange volatility that could increase raw material procurement costs by 20%. The organization purchases a financial futures contract to lock in current exchange rates. Which risk response strategy was executed?', 23, 1, true),
  ('30000000-0000-4000-8000-000000000bd0', '20000000-0000-4000-8000-000000000069', '[Contingency & Management Reserves - Scenario 24] During project execution, an unidentifiable unknown-unknown risk occurs, impacting critical network infrastructure. Which reserve fund should be authorized by senior management to absorb this cost?', 24, 1, true),
  ('30000000-0000-4000-8000-000000000bd1', '20000000-0000-4000-8000-000000000069', '[Enterprise Risk Governance (ERM) - Scenario 25] Under the ISO 31000 Risk Management Standard, what is the primary purpose of establishing the organizational context during risk framework design?', 25, 1, true),
  ('30000000-0000-4000-8000-000000000bd2', '20000000-0000-4000-8000-000000000069', '[Qualitative Risk Analysis - Scenario 26] When evaluating project risks on a Probability and Impact Matrix, a high-impact, low-probability threat (such as a regional power grid failure) is identified. How should this risk be prioritized?', 26, 1, true),
  ('30000000-0000-4000-8000-000000000bd3', '20000000-0000-4000-8000-000000000069', '[Quantitative Risk Modeling - Scenario 27] A risk manager performs a Monte Carlo simulation on a $50M infrastructure project schedule. The simulation indicates an 85% probability of completion within 14 months. What does this P85 metric represent?', 27, 1, true),
  ('30000000-0000-4000-8000-000000000bd4', '20000000-0000-4000-8000-000000000069', '[Risk Response Strategies - Scenario 28] A project team faces currency exchange volatility that could increase raw material procurement costs by 20%. The organization purchases a financial futures contract to lock in current exchange rates. Which risk response strategy was executed?', 28, 1, true),
  ('30000000-0000-4000-8000-000000000bd5', '20000000-0000-4000-8000-000000000069', '[Contingency & Management Reserves - Scenario 29] During project execution, an unidentifiable unknown-unknown risk occurs, impacting critical network infrastructure. Which reserve fund should be authorized by senior management to absorb this cost?', 29, 1, true),
  ('30000000-0000-4000-8000-000000000bd6', '20000000-0000-4000-8000-000000000069', '[Enterprise Risk Governance (ERM) - Scenario 30] Under the ISO 31000 Risk Management Standard, what is the primary purpose of establishing the organizational context during risk framework design?', 30, 1, true),
  ('30000000-0000-4000-8000-000000000bd7', '20000000-0000-4000-8000-000000000069', '[Qualitative Risk Analysis - Scenario 31] When evaluating project risks on a Probability and Impact Matrix, a high-impact, low-probability threat (such as a regional power grid failure) is identified. How should this risk be prioritized?', 31, 1, true),
  ('30000000-0000-4000-8000-000000000bd8', '20000000-0000-4000-8000-000000000069', '[Quantitative Risk Modeling - Scenario 32] A risk manager performs a Monte Carlo simulation on a $50M infrastructure project schedule. The simulation indicates an 85% probability of completion within 14 months. What does this P85 metric represent?', 32, 1, true),
  ('30000000-0000-4000-8000-000000000bd9', '20000000-0000-4000-8000-000000000069', '[Risk Response Strategies - Scenario 33] A project team faces currency exchange volatility that could increase raw material procurement costs by 20%. The organization purchases a financial futures contract to lock in current exchange rates. Which risk response strategy was executed?', 33, 1, true),
  ('30000000-0000-4000-8000-000000000bda', '20000000-0000-4000-8000-000000000069', '[Contingency & Management Reserves - Scenario 34] During project execution, an unidentifiable unknown-unknown risk occurs, impacting critical network infrastructure. Which reserve fund should be authorized by senior management to absorb this cost?', 34, 1, true),
  ('30000000-0000-4000-8000-000000000bdb', '20000000-0000-4000-8000-000000000069', '[Enterprise Risk Governance (ERM) - Scenario 35] Under the ISO 31000 Risk Management Standard, what is the primary purpose of establishing the organizational context during risk framework design?', 35, 1, true),
  ('30000000-0000-4000-8000-000000000bdc', '20000000-0000-4000-8000-000000000069', '[Qualitative Risk Analysis - Scenario 36] When evaluating project risks on a Probability and Impact Matrix, a high-impact, low-probability threat (such as a regional power grid failure) is identified. How should this risk be prioritized?', 36, 1, true),
  ('30000000-0000-4000-8000-000000000bdd', '20000000-0000-4000-8000-000000000069', '[Quantitative Risk Modeling - Scenario 37] A risk manager performs a Monte Carlo simulation on a $50M infrastructure project schedule. The simulation indicates an 85% probability of completion within 14 months. What does this P85 metric represent?', 37, 1, true),
  ('30000000-0000-4000-8000-000000000bde', '20000000-0000-4000-8000-000000000069', '[Risk Response Strategies - Scenario 38] A project team faces currency exchange volatility that could increase raw material procurement costs by 20%. The organization purchases a financial futures contract to lock in current exchange rates. Which risk response strategy was executed?', 38, 1, true),
  ('30000000-0000-4000-8000-000000000bdf', '20000000-0000-4000-8000-000000000069', '[Contingency & Management Reserves - Scenario 39] During project execution, an unidentifiable unknown-unknown risk occurs, impacting critical network infrastructure. Which reserve fund should be authorized by senior management to absorb this cost?', 39, 1, true),
  ('30000000-0000-4000-8000-000000000be0', '20000000-0000-4000-8000-000000000069', '[Enterprise Risk Governance (ERM) - Scenario 40] Under the ISO 31000 Risk Management Standard, what is the primary purpose of establishing the organizational context during risk framework design?', 40, 1, true),
  ('30000000-0000-4000-8000-000000000be1', '20000000-0000-4000-8000-000000000069', '[Qualitative Risk Analysis - Scenario 41] When evaluating project risks on a Probability and Impact Matrix, a high-impact, low-probability threat (such as a regional power grid failure) is identified. How should this risk be prioritized?', 41, 1, true),
  ('30000000-0000-4000-8000-000000000be2', '20000000-0000-4000-8000-000000000069', '[Quantitative Risk Modeling - Scenario 42] A risk manager performs a Monte Carlo simulation on a $50M infrastructure project schedule. The simulation indicates an 85% probability of completion within 14 months. What does this P85 metric represent?', 42, 1, true),
  ('30000000-0000-4000-8000-000000000be3', '20000000-0000-4000-8000-000000000069', '[Risk Response Strategies - Scenario 43] A project team faces currency exchange volatility that could increase raw material procurement costs by 20%. The organization purchases a financial futures contract to lock in current exchange rates. Which risk response strategy was executed?', 43, 1, true),
  ('30000000-0000-4000-8000-000000000be4', '20000000-0000-4000-8000-000000000069', '[Contingency & Management Reserves - Scenario 44] During project execution, an unidentifiable unknown-unknown risk occurs, impacting critical network infrastructure. Which reserve fund should be authorized by senior management to absorb this cost?', 44, 1, true),
  ('30000000-0000-4000-8000-000000000be5', '20000000-0000-4000-8000-000000000069', '[Enterprise Risk Governance (ERM) - Scenario 45] Under the ISO 31000 Risk Management Standard, what is the primary purpose of establishing the organizational context during risk framework design?', 45, 1, true),
  ('30000000-0000-4000-8000-000000000be6', '20000000-0000-4000-8000-000000000069', '[Qualitative Risk Analysis - Scenario 46] When evaluating project risks on a Probability and Impact Matrix, a high-impact, low-probability threat (such as a regional power grid failure) is identified. How should this risk be prioritized?', 46, 1, true),
  ('30000000-0000-4000-8000-000000000be7', '20000000-0000-4000-8000-000000000069', '[Quantitative Risk Modeling - Scenario 47] A risk manager performs a Monte Carlo simulation on a $50M infrastructure project schedule. The simulation indicates an 85% probability of completion within 14 months. What does this P85 metric represent?', 47, 1, true),
  ('30000000-0000-4000-8000-000000000be8', '20000000-0000-4000-8000-000000000069', '[Risk Response Strategies - Scenario 48] A project team faces currency exchange volatility that could increase raw material procurement costs by 20%. The organization purchases a financial futures contract to lock in current exchange rates. Which risk response strategy was executed?', 48, 1, true),
  ('30000000-0000-4000-8000-000000000be9', '20000000-0000-4000-8000-000000000069', '[Contingency & Management Reserves - Scenario 49] During project execution, an unidentifiable unknown-unknown risk occurs, impacting critical network infrastructure. Which reserve fund should be authorized by senior management to absorb this cost?', 49, 1, true),
  ('30000000-0000-4000-8000-000000000bea', '20000000-0000-4000-8000-000000000069', '[Enterprise Risk Governance (ERM) - Scenario 50] Under the ISO 31000 Risk Management Standard, what is the primary purpose of establishing the organizational context during risk framework design?', 50, 1, true),
  ('30000000-0000-4000-8000-000000000beb', '20000000-0000-4000-8000-000000000069', '[Qualitative Risk Analysis - Scenario 51] When evaluating project risks on a Probability and Impact Matrix, a high-impact, low-probability threat (such as a regional power grid failure) is identified. How should this risk be prioritized?', 51, 1, true),
  ('30000000-0000-4000-8000-000000000bec', '20000000-0000-4000-8000-000000000069', '[Quantitative Risk Modeling - Scenario 52] A risk manager performs a Monte Carlo simulation on a $50M infrastructure project schedule. The simulation indicates an 85% probability of completion within 14 months. What does this P85 metric represent?', 52, 1, true),
  ('30000000-0000-4000-8000-000000000bed', '20000000-0000-4000-8000-000000000069', '[Risk Response Strategies - Scenario 53] A project team faces currency exchange volatility that could increase raw material procurement costs by 20%. The organization purchases a financial futures contract to lock in current exchange rates. Which risk response strategy was executed?', 53, 1, true),
  ('30000000-0000-4000-8000-000000000bee', '20000000-0000-4000-8000-000000000069', '[Contingency & Management Reserves - Scenario 54] During project execution, an unidentifiable unknown-unknown risk occurs, impacting critical network infrastructure. Which reserve fund should be authorized by senior management to absorb this cost?', 54, 1, true),
  ('30000000-0000-4000-8000-000000000bef', '20000000-0000-4000-8000-000000000069', '[Enterprise Risk Governance (ERM) - Scenario 55] Under the ISO 31000 Risk Management Standard, what is the primary purpose of establishing the organizational context during risk framework design?', 55, 1, true),
  ('30000000-0000-4000-8000-000000000bf0', '20000000-0000-4000-8000-000000000069', '[Qualitative Risk Analysis - Scenario 56] When evaluating project risks on a Probability and Impact Matrix, a high-impact, low-probability threat (such as a regional power grid failure) is identified. How should this risk be prioritized?', 56, 1, true),
  ('30000000-0000-4000-8000-000000000bf1', '20000000-0000-4000-8000-000000000069', '[Quantitative Risk Modeling - Scenario 57] A risk manager performs a Monte Carlo simulation on a $50M infrastructure project schedule. The simulation indicates an 85% probability of completion within 14 months. What does this P85 metric represent?', 57, 1, true),
  ('30000000-0000-4000-8000-000000000bf2', '20000000-0000-4000-8000-000000000069', '[Risk Response Strategies - Scenario 58] A project team faces currency exchange volatility that could increase raw material procurement costs by 20%. The organization purchases a financial futures contract to lock in current exchange rates. Which risk response strategy was executed?', 58, 1, true),
  ('30000000-0000-4000-8000-000000000bf3', '20000000-0000-4000-8000-000000000069', '[Contingency & Management Reserves - Scenario 59] During project execution, an unidentifiable unknown-unknown risk occurs, impacting critical network infrastructure. Which reserve fund should be authorized by senior management to absorb this cost?', 59, 1, true),
  ('30000000-0000-4000-8000-000000000bf4', '20000000-0000-4000-8000-000000000069', '[Enterprise Risk Governance (ERM) - Scenario 60] Under the ISO 31000 Risk Management Standard, what is the primary purpose of establishing the organizational context during risk framework design?', 60, 1, true),
  ('30000000-0000-4000-8000-000000000bf5', '20000000-0000-4000-8000-000000000069', '[Qualitative Risk Analysis - Scenario 61] When evaluating project risks on a Probability and Impact Matrix, a high-impact, low-probability threat (such as a regional power grid failure) is identified. How should this risk be prioritized?', 61, 1, true),
  ('30000000-0000-4000-8000-000000000bf6', '20000000-0000-4000-8000-000000000069', '[Quantitative Risk Modeling - Scenario 62] A risk manager performs a Monte Carlo simulation on a $50M infrastructure project schedule. The simulation indicates an 85% probability of completion within 14 months. What does this P85 metric represent?', 62, 1, true),
  ('30000000-0000-4000-8000-000000000bf7', '20000000-0000-4000-8000-000000000069', '[Risk Response Strategies - Scenario 63] A project team faces currency exchange volatility that could increase raw material procurement costs by 20%. The organization purchases a financial futures contract to lock in current exchange rates. Which risk response strategy was executed?', 63, 1, true),
  ('30000000-0000-4000-8000-000000000bf8', '20000000-0000-4000-8000-000000000069', '[Contingency & Management Reserves - Scenario 64] During project execution, an unidentifiable unknown-unknown risk occurs, impacting critical network infrastructure. Which reserve fund should be authorized by senior management to absorb this cost?', 64, 1, true),
  ('30000000-0000-4000-8000-000000000bf9', '20000000-0000-4000-8000-000000000069', '[Enterprise Risk Governance (ERM) - Scenario 65] Under the ISO 31000 Risk Management Standard, what is the primary purpose of establishing the organizational context during risk framework design?', 65, 1, true),
  ('30000000-0000-4000-8000-000000000bfa', '20000000-0000-4000-8000-000000000069', '[Qualitative Risk Analysis - Scenario 66] When evaluating project risks on a Probability and Impact Matrix, a high-impact, low-probability threat (such as a regional power grid failure) is identified. How should this risk be prioritized?', 66, 1, true),
  ('30000000-0000-4000-8000-000000000bfb', '20000000-0000-4000-8000-000000000069', '[Quantitative Risk Modeling - Scenario 67] A risk manager performs a Monte Carlo simulation on a $50M infrastructure project schedule. The simulation indicates an 85% probability of completion within 14 months. What does this P85 metric represent?', 67, 1, true),
  ('30000000-0000-4000-8000-000000000bfc', '20000000-0000-4000-8000-000000000069', '[Risk Response Strategies - Scenario 68] A project team faces currency exchange volatility that could increase raw material procurement costs by 20%. The organization purchases a financial futures contract to lock in current exchange rates. Which risk response strategy was executed?', 68, 1, true),
  ('30000000-0000-4000-8000-000000000bfd', '20000000-0000-4000-8000-000000000069', '[Contingency & Management Reserves - Scenario 69] During project execution, an unidentifiable unknown-unknown risk occurs, impacting critical network infrastructure. Which reserve fund should be authorized by senior management to absorb this cost?', 69, 1, true),
  ('30000000-0000-4000-8000-000000000bfe', '20000000-0000-4000-8000-000000000069', '[Enterprise Risk Governance (ERM) - Scenario 70] Under the ISO 31000 Risk Management Standard, what is the primary purpose of establishing the organizational context during risk framework design?', 70, 1, true),
  ('30000000-0000-4000-8000-000000000bff', '20000000-0000-4000-8000-000000000069', '[Qualitative Risk Analysis - Scenario 71] When evaluating project risks on a Probability and Impact Matrix, a high-impact, low-probability threat (such as a regional power grid failure) is identified. How should this risk be prioritized?', 71, 1, true),
  ('30000000-0000-4000-8000-000000000c00', '20000000-0000-4000-8000-000000000069', '[Quantitative Risk Modeling - Scenario 72] A risk manager performs a Monte Carlo simulation on a $50M infrastructure project schedule. The simulation indicates an 85% probability of completion within 14 months. What does this P85 metric represent?', 72, 1, true),
  ('30000000-0000-4000-8000-000000000c01', '20000000-0000-4000-8000-000000000069', '[Risk Response Strategies - Scenario 73] A project team faces currency exchange volatility that could increase raw material procurement costs by 20%. The organization purchases a financial futures contract to lock in current exchange rates. Which risk response strategy was executed?', 73, 1, true),
  ('30000000-0000-4000-8000-000000000c02', '20000000-0000-4000-8000-000000000069', '[Contingency & Management Reserves - Scenario 74] During project execution, an unidentifiable unknown-unknown risk occurs, impacting critical network infrastructure. Which reserve fund should be authorized by senior management to absorb this cost?', 74, 1, true),
  ('30000000-0000-4000-8000-000000000c03', '20000000-0000-4000-8000-000000000069', '[Enterprise Risk Governance (ERM) - Scenario 75] Under the ISO 31000 Risk Management Standard, what is the primary purpose of establishing the organizational context during risk framework design?', 75, 1, true)
on conflict (id) do update
set question_text = excluded.question_text,
    position = excluded.position,
    updated_at = now();

-- 4. Insert Options (300 options)
insert into public.question_options (id, question_id, option_text, position)
values
  ('40000000-0000-4000-8000-000000002ee5', '30000000-0000-4000-8000-000000000bb9', 'Positioned on the risk watch list with a detailed contingency plan and business continuity response.', 1),
  ('40000000-0000-4000-8000-000000002ee6', '30000000-0000-4000-8000-000000000bb9', 'Ignored completely because low probability implies zero financial exposure.', 2),
  ('40000000-0000-4000-8000-000000002ee7', '30000000-0000-4000-8000-000000000bb9', 'Converted immediately into an active issue and allocated 50% of the project contingency reserve.', 3),
  ('40000000-0000-4000-8000-000000002ee8', '30000000-0000-4000-8000-000000000bb9', 'Transferred immediately to the software development team for code refactoring.', 4),
  ('40000000-0000-4000-8000-000000002ee9', '30000000-0000-4000-8000-000000000bba', 'A guarantee that the project will cost 15% less than the approved baseline budget.', 1),
  ('40000000-0000-4000-8000-000000002eea', '30000000-0000-4000-8000-000000000bba', 'The project schedule baseline required to achieve an 85% statistical confidence level for on-time delivery.', 2),
  ('40000000-0000-4000-8000-000000002eeb', '30000000-0000-4000-8000-000000000bba', 'The exact percentage of contractor invoices that will be rejected during audit.', 3),
  ('40000000-0000-4000-8000-000000002eec', '30000000-0000-4000-8000-000000000bba', 'The probability that a catastrophic risk event will destroy the primary construction site.', 4),
  ('40000000-0000-4000-8000-000000002eed', '30000000-0000-4000-8000-000000000bbb', 'Avoided (Risk Avoidance).', 1),
  ('40000000-0000-4000-8000-000000002eee', '30000000-0000-4000-8000-000000000bbb', 'Mitigated (Risk Mitigation).', 2),
  ('40000000-0000-4000-8000-000000002eef', '30000000-0000-4000-8000-000000000bbb', 'Transferred (Risk Transfer).', 3),
  ('40000000-0000-4000-8000-000000002ef0', '30000000-0000-4000-8000-000000000bbb', 'Accepted (Passive Acceptance).', 4),
  ('40000000-0000-4000-8000-000000002ef1', '30000000-0000-4000-8000-000000000bbc', 'Contingency Reserve.', 1),
  ('40000000-0000-4000-8000-000000002ef2', '30000000-0000-4000-8000-000000000bbc', 'Operational Quality Baseline.', 2),
  ('40000000-0000-4000-8000-000000002ef3', '30000000-0000-4000-8000-000000000bbc', 'Employee Health Insurance Fund.', 3),
  ('40000000-0000-4000-8000-000000002ef4', '30000000-0000-4000-8000-000000000bbc', 'Management Reserve.', 4),
  ('40000000-0000-4000-8000-000000002ef5', '30000000-0000-4000-8000-000000000bbd', 'Aligning risk management criteria with internal culture, regulatory environments, and strategic business goals.', 1),
  ('40000000-0000-4000-8000-000000002ef6', '30000000-0000-4000-8000-000000000bbd', 'Calculating the exact hourly billable rates for external project consultants.', 2),
  ('40000000-0000-4000-8000-000000002ef7', '30000000-0000-4000-8000-000000000bbd', 'Selecting the brand of antivirus software installed on developer laptops.', 3),
  ('40000000-0000-4000-8000-000000002ef8', '30000000-0000-4000-8000-000000000bbd', 'Determining the physical layout of executive conference rooms.', 4),
  ('40000000-0000-4000-8000-000000002ef9', '30000000-0000-4000-8000-000000000bbe', 'Ignored completely because low probability implies zero financial exposure.', 1),
  ('40000000-0000-4000-8000-000000002efa', '30000000-0000-4000-8000-000000000bbe', 'Positioned on the risk watch list with a detailed contingency plan and business continuity response.', 2),
  ('40000000-0000-4000-8000-000000002efb', '30000000-0000-4000-8000-000000000bbe', 'Converted immediately into an active issue and allocated 50% of the project contingency reserve.', 3),
  ('40000000-0000-4000-8000-000000002efc', '30000000-0000-4000-8000-000000000bbe', 'Transferred immediately to the software development team for code refactoring.', 4),
  ('40000000-0000-4000-8000-000000002efd', '30000000-0000-4000-8000-000000000bbf', 'A guarantee that the project will cost 15% less than the approved baseline budget.', 1),
  ('40000000-0000-4000-8000-000000002efe', '30000000-0000-4000-8000-000000000bbf', 'The exact percentage of contractor invoices that will be rejected during audit.', 2),
  ('40000000-0000-4000-8000-000000002eff', '30000000-0000-4000-8000-000000000bbf', 'The project schedule baseline required to achieve an 85% statistical confidence level for on-time delivery.', 3),
  ('40000000-0000-4000-8000-000000002f00', '30000000-0000-4000-8000-000000000bbf', 'The probability that a catastrophic risk event will destroy the primary construction site.', 4),
  ('40000000-0000-4000-8000-000000002f01', '30000000-0000-4000-8000-000000000bc0', 'Avoided (Risk Avoidance).', 1),
  ('40000000-0000-4000-8000-000000002f02', '30000000-0000-4000-8000-000000000bc0', 'Mitigated (Risk Mitigation).', 2),
  ('40000000-0000-4000-8000-000000002f03', '30000000-0000-4000-8000-000000000bc0', 'Accepted (Passive Acceptance).', 3),
  ('40000000-0000-4000-8000-000000002f04', '30000000-0000-4000-8000-000000000bc0', 'Transferred (Risk Transfer).', 4),
  ('40000000-0000-4000-8000-000000002f05', '30000000-0000-4000-8000-000000000bc1', 'Management Reserve.', 1),
  ('40000000-0000-4000-8000-000000002f06', '30000000-0000-4000-8000-000000000bc1', 'Contingency Reserve.', 2),
  ('40000000-0000-4000-8000-000000002f07', '30000000-0000-4000-8000-000000000bc1', 'Operational Quality Baseline.', 3),
  ('40000000-0000-4000-8000-000000002f08', '30000000-0000-4000-8000-000000000bc1', 'Employee Health Insurance Fund.', 4),
  ('40000000-0000-4000-8000-000000002f09', '30000000-0000-4000-8000-000000000bc2', 'Calculating the exact hourly billable rates for external project consultants.', 1),
  ('40000000-0000-4000-8000-000000002f0a', '30000000-0000-4000-8000-000000000bc2', 'Aligning risk management criteria with internal culture, regulatory environments, and strategic business goals.', 2),
  ('40000000-0000-4000-8000-000000002f0b', '30000000-0000-4000-8000-000000000bc2', 'Selecting the brand of antivirus software installed on developer laptops.', 3),
  ('40000000-0000-4000-8000-000000002f0c', '30000000-0000-4000-8000-000000000bc2', 'Determining the physical layout of executive conference rooms.', 4),
  ('40000000-0000-4000-8000-000000002f0d', '30000000-0000-4000-8000-000000000bc3', 'Ignored completely because low probability implies zero financial exposure.', 1),
  ('40000000-0000-4000-8000-000000002f0e', '30000000-0000-4000-8000-000000000bc3', 'Converted immediately into an active issue and allocated 50% of the project contingency reserve.', 2),
  ('40000000-0000-4000-8000-000000002f0f', '30000000-0000-4000-8000-000000000bc3', 'Positioned on the risk watch list with a detailed contingency plan and business continuity response.', 3),
  ('40000000-0000-4000-8000-000000002f10', '30000000-0000-4000-8000-000000000bc3', 'Transferred immediately to the software development team for code refactoring.', 4),
  ('40000000-0000-4000-8000-000000002f11', '30000000-0000-4000-8000-000000000bc4', 'A guarantee that the project will cost 15% less than the approved baseline budget.', 1),
  ('40000000-0000-4000-8000-000000002f12', '30000000-0000-4000-8000-000000000bc4', 'The exact percentage of contractor invoices that will be rejected during audit.', 2),
  ('40000000-0000-4000-8000-000000002f13', '30000000-0000-4000-8000-000000000bc4', 'The probability that a catastrophic risk event will destroy the primary construction site.', 3),
  ('40000000-0000-4000-8000-000000002f14', '30000000-0000-4000-8000-000000000bc4', 'The project schedule baseline required to achieve an 85% statistical confidence level for on-time delivery.', 4),
  ('40000000-0000-4000-8000-000000002f15', '30000000-0000-4000-8000-000000000bc5', 'Transferred (Risk Transfer).', 1),
  ('40000000-0000-4000-8000-000000002f16', '30000000-0000-4000-8000-000000000bc5', 'Avoided (Risk Avoidance).', 2),
  ('40000000-0000-4000-8000-000000002f17', '30000000-0000-4000-8000-000000000bc5', 'Mitigated (Risk Mitigation).', 3),
  ('40000000-0000-4000-8000-000000002f18', '30000000-0000-4000-8000-000000000bc5', 'Accepted (Passive Acceptance).', 4),
  ('40000000-0000-4000-8000-000000002f19', '30000000-0000-4000-8000-000000000bc6', 'Contingency Reserve.', 1),
  ('40000000-0000-4000-8000-000000002f1a', '30000000-0000-4000-8000-000000000bc6', 'Management Reserve.', 2),
  ('40000000-0000-4000-8000-000000002f1b', '30000000-0000-4000-8000-000000000bc6', 'Operational Quality Baseline.', 3),
  ('40000000-0000-4000-8000-000000002f1c', '30000000-0000-4000-8000-000000000bc6', 'Employee Health Insurance Fund.', 4),
  ('40000000-0000-4000-8000-000000002f1d', '30000000-0000-4000-8000-000000000bc7', 'Calculating the exact hourly billable rates for external project consultants.', 1),
  ('40000000-0000-4000-8000-000000002f1e', '30000000-0000-4000-8000-000000000bc7', 'Selecting the brand of antivirus software installed on developer laptops.', 2),
  ('40000000-0000-4000-8000-000000002f1f', '30000000-0000-4000-8000-000000000bc7', 'Aligning risk management criteria with internal culture, regulatory environments, and strategic business goals.', 3),
  ('40000000-0000-4000-8000-000000002f20', '30000000-0000-4000-8000-000000000bc7', 'Determining the physical layout of executive conference rooms.', 4),
  ('40000000-0000-4000-8000-000000002f21', '30000000-0000-4000-8000-000000000bc8', 'Ignored completely because low probability implies zero financial exposure.', 1),
  ('40000000-0000-4000-8000-000000002f22', '30000000-0000-4000-8000-000000000bc8', 'Converted immediately into an active issue and allocated 50% of the project contingency reserve.', 2),
  ('40000000-0000-4000-8000-000000002f23', '30000000-0000-4000-8000-000000000bc8', 'Transferred immediately to the software development team for code refactoring.', 3),
  ('40000000-0000-4000-8000-000000002f24', '30000000-0000-4000-8000-000000000bc8', 'Positioned on the risk watch list with a detailed contingency plan and business continuity response.', 4),
  ('40000000-0000-4000-8000-000000002f25', '30000000-0000-4000-8000-000000000bc9', 'The project schedule baseline required to achieve an 85% statistical confidence level for on-time delivery.', 1),
  ('40000000-0000-4000-8000-000000002f26', '30000000-0000-4000-8000-000000000bc9', 'A guarantee that the project will cost 15% less than the approved baseline budget.', 2),
  ('40000000-0000-4000-8000-000000002f27', '30000000-0000-4000-8000-000000000bc9', 'The exact percentage of contractor invoices that will be rejected during audit.', 3),
  ('40000000-0000-4000-8000-000000002f28', '30000000-0000-4000-8000-000000000bc9', 'The probability that a catastrophic risk event will destroy the primary construction site.', 4),
  ('40000000-0000-4000-8000-000000002f29', '30000000-0000-4000-8000-000000000bca', 'Avoided (Risk Avoidance).', 1),
  ('40000000-0000-4000-8000-000000002f2a', '30000000-0000-4000-8000-000000000bca', 'Transferred (Risk Transfer).', 2),
  ('40000000-0000-4000-8000-000000002f2b', '30000000-0000-4000-8000-000000000bca', 'Mitigated (Risk Mitigation).', 3),
  ('40000000-0000-4000-8000-000000002f2c', '30000000-0000-4000-8000-000000000bca', 'Accepted (Passive Acceptance).', 4),
  ('40000000-0000-4000-8000-000000002f2d', '30000000-0000-4000-8000-000000000bcb', 'Contingency Reserve.', 1),
  ('40000000-0000-4000-8000-000000002f2e', '30000000-0000-4000-8000-000000000bcb', 'Operational Quality Baseline.', 2),
  ('40000000-0000-4000-8000-000000002f2f', '30000000-0000-4000-8000-000000000bcb', 'Management Reserve.', 3),
  ('40000000-0000-4000-8000-000000002f30', '30000000-0000-4000-8000-000000000bcb', 'Employee Health Insurance Fund.', 4),
  ('40000000-0000-4000-8000-000000002f31', '30000000-0000-4000-8000-000000000bcc', 'Calculating the exact hourly billable rates for external project consultants.', 1),
  ('40000000-0000-4000-8000-000000002f32', '30000000-0000-4000-8000-000000000bcc', 'Selecting the brand of antivirus software installed on developer laptops.', 2),
  ('40000000-0000-4000-8000-000000002f33', '30000000-0000-4000-8000-000000000bcc', 'Determining the physical layout of executive conference rooms.', 3),
  ('40000000-0000-4000-8000-000000002f34', '30000000-0000-4000-8000-000000000bcc', 'Aligning risk management criteria with internal culture, regulatory environments, and strategic business goals.', 4),
  ('40000000-0000-4000-8000-000000002f35', '30000000-0000-4000-8000-000000000bcd', 'Positioned on the risk watch list with a detailed contingency plan and business continuity response.', 1),
  ('40000000-0000-4000-8000-000000002f36', '30000000-0000-4000-8000-000000000bcd', 'Ignored completely because low probability implies zero financial exposure.', 2),
  ('40000000-0000-4000-8000-000000002f37', '30000000-0000-4000-8000-000000000bcd', 'Converted immediately into an active issue and allocated 50% of the project contingency reserve.', 3),
  ('40000000-0000-4000-8000-000000002f38', '30000000-0000-4000-8000-000000000bcd', 'Transferred immediately to the software development team for code refactoring.', 4),
  ('40000000-0000-4000-8000-000000002f39', '30000000-0000-4000-8000-000000000bce', 'A guarantee that the project will cost 15% less than the approved baseline budget.', 1),
  ('40000000-0000-4000-8000-000000002f3a', '30000000-0000-4000-8000-000000000bce', 'The project schedule baseline required to achieve an 85% statistical confidence level for on-time delivery.', 2),
  ('40000000-0000-4000-8000-000000002f3b', '30000000-0000-4000-8000-000000000bce', 'The exact percentage of contractor invoices that will be rejected during audit.', 3),
  ('40000000-0000-4000-8000-000000002f3c', '30000000-0000-4000-8000-000000000bce', 'The probability that a catastrophic risk event will destroy the primary construction site.', 4),
  ('40000000-0000-4000-8000-000000002f3d', '30000000-0000-4000-8000-000000000bcf', 'Avoided (Risk Avoidance).', 1),
  ('40000000-0000-4000-8000-000000002f3e', '30000000-0000-4000-8000-000000000bcf', 'Mitigated (Risk Mitigation).', 2),
  ('40000000-0000-4000-8000-000000002f3f', '30000000-0000-4000-8000-000000000bcf', 'Transferred (Risk Transfer).', 3),
  ('40000000-0000-4000-8000-000000002f40', '30000000-0000-4000-8000-000000000bcf', 'Accepted (Passive Acceptance).', 4),
  ('40000000-0000-4000-8000-000000002f41', '30000000-0000-4000-8000-000000000bd0', 'Contingency Reserve.', 1),
  ('40000000-0000-4000-8000-000000002f42', '30000000-0000-4000-8000-000000000bd0', 'Operational Quality Baseline.', 2),
  ('40000000-0000-4000-8000-000000002f43', '30000000-0000-4000-8000-000000000bd0', 'Employee Health Insurance Fund.', 3),
  ('40000000-0000-4000-8000-000000002f44', '30000000-0000-4000-8000-000000000bd0', 'Management Reserve.', 4),
  ('40000000-0000-4000-8000-000000002f45', '30000000-0000-4000-8000-000000000bd1', 'Aligning risk management criteria with internal culture, regulatory environments, and strategic business goals.', 1),
  ('40000000-0000-4000-8000-000000002f46', '30000000-0000-4000-8000-000000000bd1', 'Calculating the exact hourly billable rates for external project consultants.', 2),
  ('40000000-0000-4000-8000-000000002f47', '30000000-0000-4000-8000-000000000bd1', 'Selecting the brand of antivirus software installed on developer laptops.', 3),
  ('40000000-0000-4000-8000-000000002f48', '30000000-0000-4000-8000-000000000bd1', 'Determining the physical layout of executive conference rooms.', 4),
  ('40000000-0000-4000-8000-000000002f49', '30000000-0000-4000-8000-000000000bd2', 'Ignored completely because low probability implies zero financial exposure.', 1),
  ('40000000-0000-4000-8000-000000002f4a', '30000000-0000-4000-8000-000000000bd2', 'Positioned on the risk watch list with a detailed contingency plan and business continuity response.', 2),
  ('40000000-0000-4000-8000-000000002f4b', '30000000-0000-4000-8000-000000000bd2', 'Converted immediately into an active issue and allocated 50% of the project contingency reserve.', 3),
  ('40000000-0000-4000-8000-000000002f4c', '30000000-0000-4000-8000-000000000bd2', 'Transferred immediately to the software development team for code refactoring.', 4),
  ('40000000-0000-4000-8000-000000002f4d', '30000000-0000-4000-8000-000000000bd3', 'A guarantee that the project will cost 15% less than the approved baseline budget.', 1),
  ('40000000-0000-4000-8000-000000002f4e', '30000000-0000-4000-8000-000000000bd3', 'The exact percentage of contractor invoices that will be rejected during audit.', 2),
  ('40000000-0000-4000-8000-000000002f4f', '30000000-0000-4000-8000-000000000bd3', 'The project schedule baseline required to achieve an 85% statistical confidence level for on-time delivery.', 3),
  ('40000000-0000-4000-8000-000000002f50', '30000000-0000-4000-8000-000000000bd3', 'The probability that a catastrophic risk event will destroy the primary construction site.', 4),
  ('40000000-0000-4000-8000-000000002f51', '30000000-0000-4000-8000-000000000bd4', 'Avoided (Risk Avoidance).', 1),
  ('40000000-0000-4000-8000-000000002f52', '30000000-0000-4000-8000-000000000bd4', 'Mitigated (Risk Mitigation).', 2),
  ('40000000-0000-4000-8000-000000002f53', '30000000-0000-4000-8000-000000000bd4', 'Accepted (Passive Acceptance).', 3),
  ('40000000-0000-4000-8000-000000002f54', '30000000-0000-4000-8000-000000000bd4', 'Transferred (Risk Transfer).', 4),
  ('40000000-0000-4000-8000-000000002f55', '30000000-0000-4000-8000-000000000bd5', 'Management Reserve.', 1),
  ('40000000-0000-4000-8000-000000002f56', '30000000-0000-4000-8000-000000000bd5', 'Contingency Reserve.', 2),
  ('40000000-0000-4000-8000-000000002f57', '30000000-0000-4000-8000-000000000bd5', 'Operational Quality Baseline.', 3),
  ('40000000-0000-4000-8000-000000002f58', '30000000-0000-4000-8000-000000000bd5', 'Employee Health Insurance Fund.', 4),
  ('40000000-0000-4000-8000-000000002f59', '30000000-0000-4000-8000-000000000bd6', 'Calculating the exact hourly billable rates for external project consultants.', 1),
  ('40000000-0000-4000-8000-000000002f5a', '30000000-0000-4000-8000-000000000bd6', 'Aligning risk management criteria with internal culture, regulatory environments, and strategic business goals.', 2),
  ('40000000-0000-4000-8000-000000002f5b', '30000000-0000-4000-8000-000000000bd6', 'Selecting the brand of antivirus software installed on developer laptops.', 3),
  ('40000000-0000-4000-8000-000000002f5c', '30000000-0000-4000-8000-000000000bd6', 'Determining the physical layout of executive conference rooms.', 4),
  ('40000000-0000-4000-8000-000000002f5d', '30000000-0000-4000-8000-000000000bd7', 'Ignored completely because low probability implies zero financial exposure.', 1),
  ('40000000-0000-4000-8000-000000002f5e', '30000000-0000-4000-8000-000000000bd7', 'Converted immediately into an active issue and allocated 50% of the project contingency reserve.', 2),
  ('40000000-0000-4000-8000-000000002f5f', '30000000-0000-4000-8000-000000000bd7', 'Positioned on the risk watch list with a detailed contingency plan and business continuity response.', 3),
  ('40000000-0000-4000-8000-000000002f60', '30000000-0000-4000-8000-000000000bd7', 'Transferred immediately to the software development team for code refactoring.', 4),
  ('40000000-0000-4000-8000-000000002f61', '30000000-0000-4000-8000-000000000bd8', 'A guarantee that the project will cost 15% less than the approved baseline budget.', 1),
  ('40000000-0000-4000-8000-000000002f62', '30000000-0000-4000-8000-000000000bd8', 'The exact percentage of contractor invoices that will be rejected during audit.', 2),
  ('40000000-0000-4000-8000-000000002f63', '30000000-0000-4000-8000-000000000bd8', 'The probability that a catastrophic risk event will destroy the primary construction site.', 3),
  ('40000000-0000-4000-8000-000000002f64', '30000000-0000-4000-8000-000000000bd8', 'The project schedule baseline required to achieve an 85% statistical confidence level for on-time delivery.', 4),
  ('40000000-0000-4000-8000-000000002f65', '30000000-0000-4000-8000-000000000bd9', 'Transferred (Risk Transfer).', 1),
  ('40000000-0000-4000-8000-000000002f66', '30000000-0000-4000-8000-000000000bd9', 'Avoided (Risk Avoidance).', 2),
  ('40000000-0000-4000-8000-000000002f67', '30000000-0000-4000-8000-000000000bd9', 'Mitigated (Risk Mitigation).', 3),
  ('40000000-0000-4000-8000-000000002f68', '30000000-0000-4000-8000-000000000bd9', 'Accepted (Passive Acceptance).', 4),
  ('40000000-0000-4000-8000-000000002f69', '30000000-0000-4000-8000-000000000bda', 'Contingency Reserve.', 1),
  ('40000000-0000-4000-8000-000000002f6a', '30000000-0000-4000-8000-000000000bda', 'Management Reserve.', 2),
  ('40000000-0000-4000-8000-000000002f6b', '30000000-0000-4000-8000-000000000bda', 'Operational Quality Baseline.', 3),
  ('40000000-0000-4000-8000-000000002f6c', '30000000-0000-4000-8000-000000000bda', 'Employee Health Insurance Fund.', 4),
  ('40000000-0000-4000-8000-000000002f6d', '30000000-0000-4000-8000-000000000bdb', 'Calculating the exact hourly billable rates for external project consultants.', 1),
  ('40000000-0000-4000-8000-000000002f6e', '30000000-0000-4000-8000-000000000bdb', 'Selecting the brand of antivirus software installed on developer laptops.', 2),
  ('40000000-0000-4000-8000-000000002f6f', '30000000-0000-4000-8000-000000000bdb', 'Aligning risk management criteria with internal culture, regulatory environments, and strategic business goals.', 3),
  ('40000000-0000-4000-8000-000000002f70', '30000000-0000-4000-8000-000000000bdb', 'Determining the physical layout of executive conference rooms.', 4),
  ('40000000-0000-4000-8000-000000002f71', '30000000-0000-4000-8000-000000000bdc', 'Ignored completely because low probability implies zero financial exposure.', 1),
  ('40000000-0000-4000-8000-000000002f72', '30000000-0000-4000-8000-000000000bdc', 'Converted immediately into an active issue and allocated 50% of the project contingency reserve.', 2),
  ('40000000-0000-4000-8000-000000002f73', '30000000-0000-4000-8000-000000000bdc', 'Transferred immediately to the software development team for code refactoring.', 3),
  ('40000000-0000-4000-8000-000000002f74', '30000000-0000-4000-8000-000000000bdc', 'Positioned on the risk watch list with a detailed contingency plan and business continuity response.', 4),
  ('40000000-0000-4000-8000-000000002f75', '30000000-0000-4000-8000-000000000bdd', 'The project schedule baseline required to achieve an 85% statistical confidence level for on-time delivery.', 1),
  ('40000000-0000-4000-8000-000000002f76', '30000000-0000-4000-8000-000000000bdd', 'A guarantee that the project will cost 15% less than the approved baseline budget.', 2),
  ('40000000-0000-4000-8000-000000002f77', '30000000-0000-4000-8000-000000000bdd', 'The exact percentage of contractor invoices that will be rejected during audit.', 3),
  ('40000000-0000-4000-8000-000000002f78', '30000000-0000-4000-8000-000000000bdd', 'The probability that a catastrophic risk event will destroy the primary construction site.', 4),
  ('40000000-0000-4000-8000-000000002f79', '30000000-0000-4000-8000-000000000bde', 'Avoided (Risk Avoidance).', 1),
  ('40000000-0000-4000-8000-000000002f7a', '30000000-0000-4000-8000-000000000bde', 'Transferred (Risk Transfer).', 2),
  ('40000000-0000-4000-8000-000000002f7b', '30000000-0000-4000-8000-000000000bde', 'Mitigated (Risk Mitigation).', 3),
  ('40000000-0000-4000-8000-000000002f7c', '30000000-0000-4000-8000-000000000bde', 'Accepted (Passive Acceptance).', 4),
  ('40000000-0000-4000-8000-000000002f7d', '30000000-0000-4000-8000-000000000bdf', 'Contingency Reserve.', 1),
  ('40000000-0000-4000-8000-000000002f7e', '30000000-0000-4000-8000-000000000bdf', 'Operational Quality Baseline.', 2),
  ('40000000-0000-4000-8000-000000002f7f', '30000000-0000-4000-8000-000000000bdf', 'Management Reserve.', 3),
  ('40000000-0000-4000-8000-000000002f80', '30000000-0000-4000-8000-000000000bdf', 'Employee Health Insurance Fund.', 4),
  ('40000000-0000-4000-8000-000000002f81', '30000000-0000-4000-8000-000000000be0', 'Calculating the exact hourly billable rates for external project consultants.', 1),
  ('40000000-0000-4000-8000-000000002f82', '30000000-0000-4000-8000-000000000be0', 'Selecting the brand of antivirus software installed on developer laptops.', 2),
  ('40000000-0000-4000-8000-000000002f83', '30000000-0000-4000-8000-000000000be0', 'Determining the physical layout of executive conference rooms.', 3),
  ('40000000-0000-4000-8000-000000002f84', '30000000-0000-4000-8000-000000000be0', 'Aligning risk management criteria with internal culture, regulatory environments, and strategic business goals.', 4),
  ('40000000-0000-4000-8000-000000002f85', '30000000-0000-4000-8000-000000000be1', 'Positioned on the risk watch list with a detailed contingency plan and business continuity response.', 1),
  ('40000000-0000-4000-8000-000000002f86', '30000000-0000-4000-8000-000000000be1', 'Ignored completely because low probability implies zero financial exposure.', 2),
  ('40000000-0000-4000-8000-000000002f87', '30000000-0000-4000-8000-000000000be1', 'Converted immediately into an active issue and allocated 50% of the project contingency reserve.', 3),
  ('40000000-0000-4000-8000-000000002f88', '30000000-0000-4000-8000-000000000be1', 'Transferred immediately to the software development team for code refactoring.', 4),
  ('40000000-0000-4000-8000-000000002f89', '30000000-0000-4000-8000-000000000be2', 'A guarantee that the project will cost 15% less than the approved baseline budget.', 1),
  ('40000000-0000-4000-8000-000000002f8a', '30000000-0000-4000-8000-000000000be2', 'The project schedule baseline required to achieve an 85% statistical confidence level for on-time delivery.', 2),
  ('40000000-0000-4000-8000-000000002f8b', '30000000-0000-4000-8000-000000000be2', 'The exact percentage of contractor invoices that will be rejected during audit.', 3),
  ('40000000-0000-4000-8000-000000002f8c', '30000000-0000-4000-8000-000000000be2', 'The probability that a catastrophic risk event will destroy the primary construction site.', 4),
  ('40000000-0000-4000-8000-000000002f8d', '30000000-0000-4000-8000-000000000be3', 'Avoided (Risk Avoidance).', 1),
  ('40000000-0000-4000-8000-000000002f8e', '30000000-0000-4000-8000-000000000be3', 'Mitigated (Risk Mitigation).', 2),
  ('40000000-0000-4000-8000-000000002f8f', '30000000-0000-4000-8000-000000000be3', 'Transferred (Risk Transfer).', 3),
  ('40000000-0000-4000-8000-000000002f90', '30000000-0000-4000-8000-000000000be3', 'Accepted (Passive Acceptance).', 4),
  ('40000000-0000-4000-8000-000000002f91', '30000000-0000-4000-8000-000000000be4', 'Contingency Reserve.', 1),
  ('40000000-0000-4000-8000-000000002f92', '30000000-0000-4000-8000-000000000be4', 'Operational Quality Baseline.', 2),
  ('40000000-0000-4000-8000-000000002f93', '30000000-0000-4000-8000-000000000be4', 'Employee Health Insurance Fund.', 3),
  ('40000000-0000-4000-8000-000000002f94', '30000000-0000-4000-8000-000000000be4', 'Management Reserve.', 4),
  ('40000000-0000-4000-8000-000000002f95', '30000000-0000-4000-8000-000000000be5', 'Aligning risk management criteria with internal culture, regulatory environments, and strategic business goals.', 1),
  ('40000000-0000-4000-8000-000000002f96', '30000000-0000-4000-8000-000000000be5', 'Calculating the exact hourly billable rates for external project consultants.', 2),
  ('40000000-0000-4000-8000-000000002f97', '30000000-0000-4000-8000-000000000be5', 'Selecting the brand of antivirus software installed on developer laptops.', 3),
  ('40000000-0000-4000-8000-000000002f98', '30000000-0000-4000-8000-000000000be5', 'Determining the physical layout of executive conference rooms.', 4),
  ('40000000-0000-4000-8000-000000002f99', '30000000-0000-4000-8000-000000000be6', 'Ignored completely because low probability implies zero financial exposure.', 1),
  ('40000000-0000-4000-8000-000000002f9a', '30000000-0000-4000-8000-000000000be6', 'Positioned on the risk watch list with a detailed contingency plan and business continuity response.', 2),
  ('40000000-0000-4000-8000-000000002f9b', '30000000-0000-4000-8000-000000000be6', 'Converted immediately into an active issue and allocated 50% of the project contingency reserve.', 3),
  ('40000000-0000-4000-8000-000000002f9c', '30000000-0000-4000-8000-000000000be6', 'Transferred immediately to the software development team for code refactoring.', 4),
  ('40000000-0000-4000-8000-000000002f9d', '30000000-0000-4000-8000-000000000be7', 'A guarantee that the project will cost 15% less than the approved baseline budget.', 1),
  ('40000000-0000-4000-8000-000000002f9e', '30000000-0000-4000-8000-000000000be7', 'The exact percentage of contractor invoices that will be rejected during audit.', 2),
  ('40000000-0000-4000-8000-000000002f9f', '30000000-0000-4000-8000-000000000be7', 'The project schedule baseline required to achieve an 85% statistical confidence level for on-time delivery.', 3),
  ('40000000-0000-4000-8000-000000002fa0', '30000000-0000-4000-8000-000000000be7', 'The probability that a catastrophic risk event will destroy the primary construction site.', 4),
  ('40000000-0000-4000-8000-000000002fa1', '30000000-0000-4000-8000-000000000be8', 'Avoided (Risk Avoidance).', 1),
  ('40000000-0000-4000-8000-000000002fa2', '30000000-0000-4000-8000-000000000be8', 'Mitigated (Risk Mitigation).', 2),
  ('40000000-0000-4000-8000-000000002fa3', '30000000-0000-4000-8000-000000000be8', 'Accepted (Passive Acceptance).', 3),
  ('40000000-0000-4000-8000-000000002fa4', '30000000-0000-4000-8000-000000000be8', 'Transferred (Risk Transfer).', 4),
  ('40000000-0000-4000-8000-000000002fa5', '30000000-0000-4000-8000-000000000be9', 'Management Reserve.', 1),
  ('40000000-0000-4000-8000-000000002fa6', '30000000-0000-4000-8000-000000000be9', 'Contingency Reserve.', 2),
  ('40000000-0000-4000-8000-000000002fa7', '30000000-0000-4000-8000-000000000be9', 'Operational Quality Baseline.', 3),
  ('40000000-0000-4000-8000-000000002fa8', '30000000-0000-4000-8000-000000000be9', 'Employee Health Insurance Fund.', 4),
  ('40000000-0000-4000-8000-000000002fa9', '30000000-0000-4000-8000-000000000bea', 'Calculating the exact hourly billable rates for external project consultants.', 1),
  ('40000000-0000-4000-8000-000000002faa', '30000000-0000-4000-8000-000000000bea', 'Aligning risk management criteria with internal culture, regulatory environments, and strategic business goals.', 2),
  ('40000000-0000-4000-8000-000000002fab', '30000000-0000-4000-8000-000000000bea', 'Selecting the brand of antivirus software installed on developer laptops.', 3),
  ('40000000-0000-4000-8000-000000002fac', '30000000-0000-4000-8000-000000000bea', 'Determining the physical layout of executive conference rooms.', 4),
  ('40000000-0000-4000-8000-000000002fad', '30000000-0000-4000-8000-000000000beb', 'Ignored completely because low probability implies zero financial exposure.', 1),
  ('40000000-0000-4000-8000-000000002fae', '30000000-0000-4000-8000-000000000beb', 'Converted immediately into an active issue and allocated 50% of the project contingency reserve.', 2),
  ('40000000-0000-4000-8000-000000002faf', '30000000-0000-4000-8000-000000000beb', 'Positioned on the risk watch list with a detailed contingency plan and business continuity response.', 3),
  ('40000000-0000-4000-8000-000000002fb0', '30000000-0000-4000-8000-000000000beb', 'Transferred immediately to the software development team for code refactoring.', 4),
  ('40000000-0000-4000-8000-000000002fb1', '30000000-0000-4000-8000-000000000bec', 'A guarantee that the project will cost 15% less than the approved baseline budget.', 1),
  ('40000000-0000-4000-8000-000000002fb2', '30000000-0000-4000-8000-000000000bec', 'The exact percentage of contractor invoices that will be rejected during audit.', 2),
  ('40000000-0000-4000-8000-000000002fb3', '30000000-0000-4000-8000-000000000bec', 'The probability that a catastrophic risk event will destroy the primary construction site.', 3),
  ('40000000-0000-4000-8000-000000002fb4', '30000000-0000-4000-8000-000000000bec', 'The project schedule baseline required to achieve an 85% statistical confidence level for on-time delivery.', 4),
  ('40000000-0000-4000-8000-000000002fb5', '30000000-0000-4000-8000-000000000bed', 'Transferred (Risk Transfer).', 1),
  ('40000000-0000-4000-8000-000000002fb6', '30000000-0000-4000-8000-000000000bed', 'Avoided (Risk Avoidance).', 2),
  ('40000000-0000-4000-8000-000000002fb7', '30000000-0000-4000-8000-000000000bed', 'Mitigated (Risk Mitigation).', 3),
  ('40000000-0000-4000-8000-000000002fb8', '30000000-0000-4000-8000-000000000bed', 'Accepted (Passive Acceptance).', 4),
  ('40000000-0000-4000-8000-000000002fb9', '30000000-0000-4000-8000-000000000bee', 'Contingency Reserve.', 1),
  ('40000000-0000-4000-8000-000000002fba', '30000000-0000-4000-8000-000000000bee', 'Management Reserve.', 2),
  ('40000000-0000-4000-8000-000000002fbb', '30000000-0000-4000-8000-000000000bee', 'Operational Quality Baseline.', 3),
  ('40000000-0000-4000-8000-000000002fbc', '30000000-0000-4000-8000-000000000bee', 'Employee Health Insurance Fund.', 4),
  ('40000000-0000-4000-8000-000000002fbd', '30000000-0000-4000-8000-000000000bef', 'Calculating the exact hourly billable rates for external project consultants.', 1),
  ('40000000-0000-4000-8000-000000002fbe', '30000000-0000-4000-8000-000000000bef', 'Selecting the brand of antivirus software installed on developer laptops.', 2),
  ('40000000-0000-4000-8000-000000002fbf', '30000000-0000-4000-8000-000000000bef', 'Aligning risk management criteria with internal culture, regulatory environments, and strategic business goals.', 3),
  ('40000000-0000-4000-8000-000000002fc0', '30000000-0000-4000-8000-000000000bef', 'Determining the physical layout of executive conference rooms.', 4),
  ('40000000-0000-4000-8000-000000002fc1', '30000000-0000-4000-8000-000000000bf0', 'Ignored completely because low probability implies zero financial exposure.', 1),
  ('40000000-0000-4000-8000-000000002fc2', '30000000-0000-4000-8000-000000000bf0', 'Converted immediately into an active issue and allocated 50% of the project contingency reserve.', 2),
  ('40000000-0000-4000-8000-000000002fc3', '30000000-0000-4000-8000-000000000bf0', 'Transferred immediately to the software development team for code refactoring.', 3),
  ('40000000-0000-4000-8000-000000002fc4', '30000000-0000-4000-8000-000000000bf0', 'Positioned on the risk watch list with a detailed contingency plan and business continuity response.', 4),
  ('40000000-0000-4000-8000-000000002fc5', '30000000-0000-4000-8000-000000000bf1', 'The project schedule baseline required to achieve an 85% statistical confidence level for on-time delivery.', 1),
  ('40000000-0000-4000-8000-000000002fc6', '30000000-0000-4000-8000-000000000bf1', 'A guarantee that the project will cost 15% less than the approved baseline budget.', 2),
  ('40000000-0000-4000-8000-000000002fc7', '30000000-0000-4000-8000-000000000bf1', 'The exact percentage of contractor invoices that will be rejected during audit.', 3),
  ('40000000-0000-4000-8000-000000002fc8', '30000000-0000-4000-8000-000000000bf1', 'The probability that a catastrophic risk event will destroy the primary construction site.', 4),
  ('40000000-0000-4000-8000-000000002fc9', '30000000-0000-4000-8000-000000000bf2', 'Avoided (Risk Avoidance).', 1),
  ('40000000-0000-4000-8000-000000002fca', '30000000-0000-4000-8000-000000000bf2', 'Transferred (Risk Transfer).', 2),
  ('40000000-0000-4000-8000-000000002fcb', '30000000-0000-4000-8000-000000000bf2', 'Mitigated (Risk Mitigation).', 3),
  ('40000000-0000-4000-8000-000000002fcc', '30000000-0000-4000-8000-000000000bf2', 'Accepted (Passive Acceptance).', 4),
  ('40000000-0000-4000-8000-000000002fcd', '30000000-0000-4000-8000-000000000bf3', 'Contingency Reserve.', 1),
  ('40000000-0000-4000-8000-000000002fce', '30000000-0000-4000-8000-000000000bf3', 'Operational Quality Baseline.', 2),
  ('40000000-0000-4000-8000-000000002fcf', '30000000-0000-4000-8000-000000000bf3', 'Management Reserve.', 3),
  ('40000000-0000-4000-8000-000000002fd0', '30000000-0000-4000-8000-000000000bf3', 'Employee Health Insurance Fund.', 4),
  ('40000000-0000-4000-8000-000000002fd1', '30000000-0000-4000-8000-000000000bf4', 'Calculating the exact hourly billable rates for external project consultants.', 1),
  ('40000000-0000-4000-8000-000000002fd2', '30000000-0000-4000-8000-000000000bf4', 'Selecting the brand of antivirus software installed on developer laptops.', 2),
  ('40000000-0000-4000-8000-000000002fd3', '30000000-0000-4000-8000-000000000bf4', 'Determining the physical layout of executive conference rooms.', 3),
  ('40000000-0000-4000-8000-000000002fd4', '30000000-0000-4000-8000-000000000bf4', 'Aligning risk management criteria with internal culture, regulatory environments, and strategic business goals.', 4),
  ('40000000-0000-4000-8000-000000002fd5', '30000000-0000-4000-8000-000000000bf5', 'Positioned on the risk watch list with a detailed contingency plan and business continuity response.', 1),
  ('40000000-0000-4000-8000-000000002fd6', '30000000-0000-4000-8000-000000000bf5', 'Ignored completely because low probability implies zero financial exposure.', 2),
  ('40000000-0000-4000-8000-000000002fd7', '30000000-0000-4000-8000-000000000bf5', 'Converted immediately into an active issue and allocated 50% of the project contingency reserve.', 3),
  ('40000000-0000-4000-8000-000000002fd8', '30000000-0000-4000-8000-000000000bf5', 'Transferred immediately to the software development team for code refactoring.', 4),
  ('40000000-0000-4000-8000-000000002fd9', '30000000-0000-4000-8000-000000000bf6', 'A guarantee that the project will cost 15% less than the approved baseline budget.', 1),
  ('40000000-0000-4000-8000-000000002fda', '30000000-0000-4000-8000-000000000bf6', 'The project schedule baseline required to achieve an 85% statistical confidence level for on-time delivery.', 2),
  ('40000000-0000-4000-8000-000000002fdb', '30000000-0000-4000-8000-000000000bf6', 'The exact percentage of contractor invoices that will be rejected during audit.', 3),
  ('40000000-0000-4000-8000-000000002fdc', '30000000-0000-4000-8000-000000000bf6', 'The probability that a catastrophic risk event will destroy the primary construction site.', 4),
  ('40000000-0000-4000-8000-000000002fdd', '30000000-0000-4000-8000-000000000bf7', 'Avoided (Risk Avoidance).', 1),
  ('40000000-0000-4000-8000-000000002fde', '30000000-0000-4000-8000-000000000bf7', 'Mitigated (Risk Mitigation).', 2),
  ('40000000-0000-4000-8000-000000002fdf', '30000000-0000-4000-8000-000000000bf7', 'Transferred (Risk Transfer).', 3),
  ('40000000-0000-4000-8000-000000002fe0', '30000000-0000-4000-8000-000000000bf7', 'Accepted (Passive Acceptance).', 4),
  ('40000000-0000-4000-8000-000000002fe1', '30000000-0000-4000-8000-000000000bf8', 'Contingency Reserve.', 1),
  ('40000000-0000-4000-8000-000000002fe2', '30000000-0000-4000-8000-000000000bf8', 'Operational Quality Baseline.', 2),
  ('40000000-0000-4000-8000-000000002fe3', '30000000-0000-4000-8000-000000000bf8', 'Employee Health Insurance Fund.', 3),
  ('40000000-0000-4000-8000-000000002fe4', '30000000-0000-4000-8000-000000000bf8', 'Management Reserve.', 4),
  ('40000000-0000-4000-8000-000000002fe5', '30000000-0000-4000-8000-000000000bf9', 'Aligning risk management criteria with internal culture, regulatory environments, and strategic business goals.', 1),
  ('40000000-0000-4000-8000-000000002fe6', '30000000-0000-4000-8000-000000000bf9', 'Calculating the exact hourly billable rates for external project consultants.', 2),
  ('40000000-0000-4000-8000-000000002fe7', '30000000-0000-4000-8000-000000000bf9', 'Selecting the brand of antivirus software installed on developer laptops.', 3),
  ('40000000-0000-4000-8000-000000002fe8', '30000000-0000-4000-8000-000000000bf9', 'Determining the physical layout of executive conference rooms.', 4),
  ('40000000-0000-4000-8000-000000002fe9', '30000000-0000-4000-8000-000000000bfa', 'Ignored completely because low probability implies zero financial exposure.', 1),
  ('40000000-0000-4000-8000-000000002fea', '30000000-0000-4000-8000-000000000bfa', 'Positioned on the risk watch list with a detailed contingency plan and business continuity response.', 2),
  ('40000000-0000-4000-8000-000000002feb', '30000000-0000-4000-8000-000000000bfa', 'Converted immediately into an active issue and allocated 50% of the project contingency reserve.', 3),
  ('40000000-0000-4000-8000-000000002fec', '30000000-0000-4000-8000-000000000bfa', 'Transferred immediately to the software development team for code refactoring.', 4),
  ('40000000-0000-4000-8000-000000002fed', '30000000-0000-4000-8000-000000000bfb', 'A guarantee that the project will cost 15% less than the approved baseline budget.', 1),
  ('40000000-0000-4000-8000-000000002fee', '30000000-0000-4000-8000-000000000bfb', 'The exact percentage of contractor invoices that will be rejected during audit.', 2),
  ('40000000-0000-4000-8000-000000002fef', '30000000-0000-4000-8000-000000000bfb', 'The project schedule baseline required to achieve an 85% statistical confidence level for on-time delivery.', 3),
  ('40000000-0000-4000-8000-000000002ff0', '30000000-0000-4000-8000-000000000bfb', 'The probability that a catastrophic risk event will destroy the primary construction site.', 4),
  ('40000000-0000-4000-8000-000000002ff1', '30000000-0000-4000-8000-000000000bfc', 'Avoided (Risk Avoidance).', 1),
  ('40000000-0000-4000-8000-000000002ff2', '30000000-0000-4000-8000-000000000bfc', 'Mitigated (Risk Mitigation).', 2),
  ('40000000-0000-4000-8000-000000002ff3', '30000000-0000-4000-8000-000000000bfc', 'Accepted (Passive Acceptance).', 3),
  ('40000000-0000-4000-8000-000000002ff4', '30000000-0000-4000-8000-000000000bfc', 'Transferred (Risk Transfer).', 4),
  ('40000000-0000-4000-8000-000000002ff5', '30000000-0000-4000-8000-000000000bfd', 'Management Reserve.', 1),
  ('40000000-0000-4000-8000-000000002ff6', '30000000-0000-4000-8000-000000000bfd', 'Contingency Reserve.', 2),
  ('40000000-0000-4000-8000-000000002ff7', '30000000-0000-4000-8000-000000000bfd', 'Operational Quality Baseline.', 3),
  ('40000000-0000-4000-8000-000000002ff8', '30000000-0000-4000-8000-000000000bfd', 'Employee Health Insurance Fund.', 4),
  ('40000000-0000-4000-8000-000000002ff9', '30000000-0000-4000-8000-000000000bfe', 'Calculating the exact hourly billable rates for external project consultants.', 1),
  ('40000000-0000-4000-8000-000000002ffa', '30000000-0000-4000-8000-000000000bfe', 'Aligning risk management criteria with internal culture, regulatory environments, and strategic business goals.', 2),
  ('40000000-0000-4000-8000-000000002ffb', '30000000-0000-4000-8000-000000000bfe', 'Selecting the brand of antivirus software installed on developer laptops.', 3),
  ('40000000-0000-4000-8000-000000002ffc', '30000000-0000-4000-8000-000000000bfe', 'Determining the physical layout of executive conference rooms.', 4),
  ('40000000-0000-4000-8000-000000002ffd', '30000000-0000-4000-8000-000000000bff', 'Ignored completely because low probability implies zero financial exposure.', 1),
  ('40000000-0000-4000-8000-000000002ffe', '30000000-0000-4000-8000-000000000bff', 'Converted immediately into an active issue and allocated 50% of the project contingency reserve.', 2),
  ('40000000-0000-4000-8000-000000002fff', '30000000-0000-4000-8000-000000000bff', 'Positioned on the risk watch list with a detailed contingency plan and business continuity response.', 3),
  ('40000000-0000-4000-8000-000000003000', '30000000-0000-4000-8000-000000000bff', 'Transferred immediately to the software development team for code refactoring.', 4),
  ('40000000-0000-4000-8000-000000003001', '30000000-0000-4000-8000-000000000c00', 'A guarantee that the project will cost 15% less than the approved baseline budget.', 1),
  ('40000000-0000-4000-8000-000000003002', '30000000-0000-4000-8000-000000000c00', 'The exact percentage of contractor invoices that will be rejected during audit.', 2),
  ('40000000-0000-4000-8000-000000003003', '30000000-0000-4000-8000-000000000c00', 'The probability that a catastrophic risk event will destroy the primary construction site.', 3),
  ('40000000-0000-4000-8000-000000003004', '30000000-0000-4000-8000-000000000c00', 'The project schedule baseline required to achieve an 85% statistical confidence level for on-time delivery.', 4),
  ('40000000-0000-4000-8000-000000003005', '30000000-0000-4000-8000-000000000c01', 'Transferred (Risk Transfer).', 1),
  ('40000000-0000-4000-8000-000000003006', '30000000-0000-4000-8000-000000000c01', 'Avoided (Risk Avoidance).', 2),
  ('40000000-0000-4000-8000-000000003007', '30000000-0000-4000-8000-000000000c01', 'Mitigated (Risk Mitigation).', 3),
  ('40000000-0000-4000-8000-000000003008', '30000000-0000-4000-8000-000000000c01', 'Accepted (Passive Acceptance).', 4),
  ('40000000-0000-4000-8000-000000003009', '30000000-0000-4000-8000-000000000c02', 'Contingency Reserve.', 1),
  ('40000000-0000-4000-8000-00000000300a', '30000000-0000-4000-8000-000000000c02', 'Management Reserve.', 2),
  ('40000000-0000-4000-8000-00000000300b', '30000000-0000-4000-8000-000000000c02', 'Operational Quality Baseline.', 3),
  ('40000000-0000-4000-8000-00000000300c', '30000000-0000-4000-8000-000000000c02', 'Employee Health Insurance Fund.', 4),
  ('40000000-0000-4000-8000-00000000300d', '30000000-0000-4000-8000-000000000c03', 'Calculating the exact hourly billable rates for external project consultants.', 1),
  ('40000000-0000-4000-8000-00000000300e', '30000000-0000-4000-8000-000000000c03', 'Selecting the brand of antivirus software installed on developer laptops.', 2),
  ('40000000-0000-4000-8000-00000000300f', '30000000-0000-4000-8000-000000000c03', 'Aligning risk management criteria with internal culture, regulatory environments, and strategic business goals.', 3),
  ('40000000-0000-4000-8000-000000003010', '30000000-0000-4000-8000-000000000c03', 'Determining the physical layout of executive conference rooms.', 4)
on conflict (id) do update
set option_text = excluded.option_text,
    position = excluded.position;

-- 5. Insert Question Answer Keys (75 keys)
insert into public.question_answer_keys (question_id, correct_option_id, explanation)
values
  ('30000000-0000-4000-8000-000000000bb9', '40000000-0000-4000-8000-000000002ee5', 'High-impact, low-probability events require business continuity contingency plans and ongoing watch list monitoring.'),
  ('30000000-0000-4000-8000-000000000bba', '40000000-0000-4000-8000-000000002eea', 'In Monte Carlo schedule analysis, P85 represents the timeline associated with an 85% statistical likelihood of completion.'),
  ('30000000-0000-4000-8000-000000000bbb', '40000000-0000-4000-8000-000000002eef', 'Purchasing financial instruments (futures, insurance) shifts the financial threat to a third party, exemplifying Risk Transfer.'),
  ('30000000-0000-4000-8000-000000000bbc', '40000000-0000-4000-8000-000000002ef4', 'Management Reserves cover unknown-unknowns, whereas Contingency Reserves are allocated for identified known-unknown risks.'),
  ('30000000-0000-4000-8000-000000000bbd', '40000000-0000-4000-8000-000000002ef5', 'Establishing context in ISO 31000 ensures risk thresholds and evaluation criteria mirror organizational culture and business strategy.'),
  ('30000000-0000-4000-8000-000000000bbe', '40000000-0000-4000-8000-000000002efa', 'High-impact, low-probability events require business continuity contingency plans and ongoing watch list monitoring.'),
  ('30000000-0000-4000-8000-000000000bbf', '40000000-0000-4000-8000-000000002eff', 'In Monte Carlo schedule analysis, P85 represents the timeline associated with an 85% statistical likelihood of completion.'),
  ('30000000-0000-4000-8000-000000000bc0', '40000000-0000-4000-8000-000000002f04', 'Purchasing financial instruments (futures, insurance) shifts the financial threat to a third party, exemplifying Risk Transfer.'),
  ('30000000-0000-4000-8000-000000000bc1', '40000000-0000-4000-8000-000000002f05', 'Management Reserves cover unknown-unknowns, whereas Contingency Reserves are allocated for identified known-unknown risks.'),
  ('30000000-0000-4000-8000-000000000bc2', '40000000-0000-4000-8000-000000002f0a', 'Establishing context in ISO 31000 ensures risk thresholds and evaluation criteria mirror organizational culture and business strategy.'),
  ('30000000-0000-4000-8000-000000000bc3', '40000000-0000-4000-8000-000000002f0f', 'High-impact, low-probability events require business continuity contingency plans and ongoing watch list monitoring.'),
  ('30000000-0000-4000-8000-000000000bc4', '40000000-0000-4000-8000-000000002f14', 'In Monte Carlo schedule analysis, P85 represents the timeline associated with an 85% statistical likelihood of completion.'),
  ('30000000-0000-4000-8000-000000000bc5', '40000000-0000-4000-8000-000000002f15', 'Purchasing financial instruments (futures, insurance) shifts the financial threat to a third party, exemplifying Risk Transfer.'),
  ('30000000-0000-4000-8000-000000000bc6', '40000000-0000-4000-8000-000000002f1a', 'Management Reserves cover unknown-unknowns, whereas Contingency Reserves are allocated for identified known-unknown risks.'),
  ('30000000-0000-4000-8000-000000000bc7', '40000000-0000-4000-8000-000000002f1f', 'Establishing context in ISO 31000 ensures risk thresholds and evaluation criteria mirror organizational culture and business strategy.'),
  ('30000000-0000-4000-8000-000000000bc8', '40000000-0000-4000-8000-000000002f24', 'High-impact, low-probability events require business continuity contingency plans and ongoing watch list monitoring.'),
  ('30000000-0000-4000-8000-000000000bc9', '40000000-0000-4000-8000-000000002f25', 'In Monte Carlo schedule analysis, P85 represents the timeline associated with an 85% statistical likelihood of completion.'),
  ('30000000-0000-4000-8000-000000000bca', '40000000-0000-4000-8000-000000002f2a', 'Purchasing financial instruments (futures, insurance) shifts the financial threat to a third party, exemplifying Risk Transfer.'),
  ('30000000-0000-4000-8000-000000000bcb', '40000000-0000-4000-8000-000000002f2f', 'Management Reserves cover unknown-unknowns, whereas Contingency Reserves are allocated for identified known-unknown risks.'),
  ('30000000-0000-4000-8000-000000000bcc', '40000000-0000-4000-8000-000000002f34', 'Establishing context in ISO 31000 ensures risk thresholds and evaluation criteria mirror organizational culture and business strategy.'),
  ('30000000-0000-4000-8000-000000000bcd', '40000000-0000-4000-8000-000000002f35', 'High-impact, low-probability events require business continuity contingency plans and ongoing watch list monitoring.'),
  ('30000000-0000-4000-8000-000000000bce', '40000000-0000-4000-8000-000000002f3a', 'In Monte Carlo schedule analysis, P85 represents the timeline associated with an 85% statistical likelihood of completion.'),
  ('30000000-0000-4000-8000-000000000bcf', '40000000-0000-4000-8000-000000002f3f', 'Purchasing financial instruments (futures, insurance) shifts the financial threat to a third party, exemplifying Risk Transfer.'),
  ('30000000-0000-4000-8000-000000000bd0', '40000000-0000-4000-8000-000000002f44', 'Management Reserves cover unknown-unknowns, whereas Contingency Reserves are allocated for identified known-unknown risks.'),
  ('30000000-0000-4000-8000-000000000bd1', '40000000-0000-4000-8000-000000002f45', 'Establishing context in ISO 31000 ensures risk thresholds and evaluation criteria mirror organizational culture and business strategy.'),
  ('30000000-0000-4000-8000-000000000bd2', '40000000-0000-4000-8000-000000002f4a', 'High-impact, low-probability events require business continuity contingency plans and ongoing watch list monitoring.'),
  ('30000000-0000-4000-8000-000000000bd3', '40000000-0000-4000-8000-000000002f4f', 'In Monte Carlo schedule analysis, P85 represents the timeline associated with an 85% statistical likelihood of completion.'),
  ('30000000-0000-4000-8000-000000000bd4', '40000000-0000-4000-8000-000000002f54', 'Purchasing financial instruments (futures, insurance) shifts the financial threat to a third party, exemplifying Risk Transfer.'),
  ('30000000-0000-4000-8000-000000000bd5', '40000000-0000-4000-8000-000000002f55', 'Management Reserves cover unknown-unknowns, whereas Contingency Reserves are allocated for identified known-unknown risks.'),
  ('30000000-0000-4000-8000-000000000bd6', '40000000-0000-4000-8000-000000002f5a', 'Establishing context in ISO 31000 ensures risk thresholds and evaluation criteria mirror organizational culture and business strategy.'),
  ('30000000-0000-4000-8000-000000000bd7', '40000000-0000-4000-8000-000000002f5f', 'High-impact, low-probability events require business continuity contingency plans and ongoing watch list monitoring.'),
  ('30000000-0000-4000-8000-000000000bd8', '40000000-0000-4000-8000-000000002f64', 'In Monte Carlo schedule analysis, P85 represents the timeline associated with an 85% statistical likelihood of completion.'),
  ('30000000-0000-4000-8000-000000000bd9', '40000000-0000-4000-8000-000000002f65', 'Purchasing financial instruments (futures, insurance) shifts the financial threat to a third party, exemplifying Risk Transfer.'),
  ('30000000-0000-4000-8000-000000000bda', '40000000-0000-4000-8000-000000002f6a', 'Management Reserves cover unknown-unknowns, whereas Contingency Reserves are allocated for identified known-unknown risks.'),
  ('30000000-0000-4000-8000-000000000bdb', '40000000-0000-4000-8000-000000002f6f', 'Establishing context in ISO 31000 ensures risk thresholds and evaluation criteria mirror organizational culture and business strategy.'),
  ('30000000-0000-4000-8000-000000000bdc', '40000000-0000-4000-8000-000000002f74', 'High-impact, low-probability events require business continuity contingency plans and ongoing watch list monitoring.'),
  ('30000000-0000-4000-8000-000000000bdd', '40000000-0000-4000-8000-000000002f75', 'In Monte Carlo schedule analysis, P85 represents the timeline associated with an 85% statistical likelihood of completion.'),
  ('30000000-0000-4000-8000-000000000bde', '40000000-0000-4000-8000-000000002f7a', 'Purchasing financial instruments (futures, insurance) shifts the financial threat to a third party, exemplifying Risk Transfer.'),
  ('30000000-0000-4000-8000-000000000bdf', '40000000-0000-4000-8000-000000002f7f', 'Management Reserves cover unknown-unknowns, whereas Contingency Reserves are allocated for identified known-unknown risks.'),
  ('30000000-0000-4000-8000-000000000be0', '40000000-0000-4000-8000-000000002f84', 'Establishing context in ISO 31000 ensures risk thresholds and evaluation criteria mirror organizational culture and business strategy.'),
  ('30000000-0000-4000-8000-000000000be1', '40000000-0000-4000-8000-000000002f85', 'High-impact, low-probability events require business continuity contingency plans and ongoing watch list monitoring.'),
  ('30000000-0000-4000-8000-000000000be2', '40000000-0000-4000-8000-000000002f8a', 'In Monte Carlo schedule analysis, P85 represents the timeline associated with an 85% statistical likelihood of completion.'),
  ('30000000-0000-4000-8000-000000000be3', '40000000-0000-4000-8000-000000002f8f', 'Purchasing financial instruments (futures, insurance) shifts the financial threat to a third party, exemplifying Risk Transfer.'),
  ('30000000-0000-4000-8000-000000000be4', '40000000-0000-4000-8000-000000002f94', 'Management Reserves cover unknown-unknowns, whereas Contingency Reserves are allocated for identified known-unknown risks.'),
  ('30000000-0000-4000-8000-000000000be5', '40000000-0000-4000-8000-000000002f95', 'Establishing context in ISO 31000 ensures risk thresholds and evaluation criteria mirror organizational culture and business strategy.'),
  ('30000000-0000-4000-8000-000000000be6', '40000000-0000-4000-8000-000000002f9a', 'High-impact, low-probability events require business continuity contingency plans and ongoing watch list monitoring.'),
  ('30000000-0000-4000-8000-000000000be7', '40000000-0000-4000-8000-000000002f9f', 'In Monte Carlo schedule analysis, P85 represents the timeline associated with an 85% statistical likelihood of completion.'),
  ('30000000-0000-4000-8000-000000000be8', '40000000-0000-4000-8000-000000002fa4', 'Purchasing financial instruments (futures, insurance) shifts the financial threat to a third party, exemplifying Risk Transfer.'),
  ('30000000-0000-4000-8000-000000000be9', '40000000-0000-4000-8000-000000002fa5', 'Management Reserves cover unknown-unknowns, whereas Contingency Reserves are allocated for identified known-unknown risks.'),
  ('30000000-0000-4000-8000-000000000bea', '40000000-0000-4000-8000-000000002faa', 'Establishing context in ISO 31000 ensures risk thresholds and evaluation criteria mirror organizational culture and business strategy.'),
  ('30000000-0000-4000-8000-000000000beb', '40000000-0000-4000-8000-000000002faf', 'High-impact, low-probability events require business continuity contingency plans and ongoing watch list monitoring.'),
  ('30000000-0000-4000-8000-000000000bec', '40000000-0000-4000-8000-000000002fb4', 'In Monte Carlo schedule analysis, P85 represents the timeline associated with an 85% statistical likelihood of completion.'),
  ('30000000-0000-4000-8000-000000000bed', '40000000-0000-4000-8000-000000002fb5', 'Purchasing financial instruments (futures, insurance) shifts the financial threat to a third party, exemplifying Risk Transfer.'),
  ('30000000-0000-4000-8000-000000000bee', '40000000-0000-4000-8000-000000002fba', 'Management Reserves cover unknown-unknowns, whereas Contingency Reserves are allocated for identified known-unknown risks.'),
  ('30000000-0000-4000-8000-000000000bef', '40000000-0000-4000-8000-000000002fbf', 'Establishing context in ISO 31000 ensures risk thresholds and evaluation criteria mirror organizational culture and business strategy.'),
  ('30000000-0000-4000-8000-000000000bf0', '40000000-0000-4000-8000-000000002fc4', 'High-impact, low-probability events require business continuity contingency plans and ongoing watch list monitoring.'),
  ('30000000-0000-4000-8000-000000000bf1', '40000000-0000-4000-8000-000000002fc5', 'In Monte Carlo schedule analysis, P85 represents the timeline associated with an 85% statistical likelihood of completion.'),
  ('30000000-0000-4000-8000-000000000bf2', '40000000-0000-4000-8000-000000002fca', 'Purchasing financial instruments (futures, insurance) shifts the financial threat to a third party, exemplifying Risk Transfer.'),
  ('30000000-0000-4000-8000-000000000bf3', '40000000-0000-4000-8000-000000002fcf', 'Management Reserves cover unknown-unknowns, whereas Contingency Reserves are allocated for identified known-unknown risks.'),
  ('30000000-0000-4000-8000-000000000bf4', '40000000-0000-4000-8000-000000002fd4', 'Establishing context in ISO 31000 ensures risk thresholds and evaluation criteria mirror organizational culture and business strategy.'),
  ('30000000-0000-4000-8000-000000000bf5', '40000000-0000-4000-8000-000000002fd5', 'High-impact, low-probability events require business continuity contingency plans and ongoing watch list monitoring.'),
  ('30000000-0000-4000-8000-000000000bf6', '40000000-0000-4000-8000-000000002fda', 'In Monte Carlo schedule analysis, P85 represents the timeline associated with an 85% statistical likelihood of completion.'),
  ('30000000-0000-4000-8000-000000000bf7', '40000000-0000-4000-8000-000000002fdf', 'Purchasing financial instruments (futures, insurance) shifts the financial threat to a third party, exemplifying Risk Transfer.'),
  ('30000000-0000-4000-8000-000000000bf8', '40000000-0000-4000-8000-000000002fe4', 'Management Reserves cover unknown-unknowns, whereas Contingency Reserves are allocated for identified known-unknown risks.'),
  ('30000000-0000-4000-8000-000000000bf9', '40000000-0000-4000-8000-000000002fe5', 'Establishing context in ISO 31000 ensures risk thresholds and evaluation criteria mirror organizational culture and business strategy.'),
  ('30000000-0000-4000-8000-000000000bfa', '40000000-0000-4000-8000-000000002fea', 'High-impact, low-probability events require business continuity contingency plans and ongoing watch list monitoring.'),
  ('30000000-0000-4000-8000-000000000bfb', '40000000-0000-4000-8000-000000002fef', 'In Monte Carlo schedule analysis, P85 represents the timeline associated with an 85% statistical likelihood of completion.'),
  ('30000000-0000-4000-8000-000000000bfc', '40000000-0000-4000-8000-000000002ff4', 'Purchasing financial instruments (futures, insurance) shifts the financial threat to a third party, exemplifying Risk Transfer.'),
  ('30000000-0000-4000-8000-000000000bfd', '40000000-0000-4000-8000-000000002ff5', 'Management Reserves cover unknown-unknowns, whereas Contingency Reserves are allocated for identified known-unknown risks.'),
  ('30000000-0000-4000-8000-000000000bfe', '40000000-0000-4000-8000-000000002ffa', 'Establishing context in ISO 31000 ensures risk thresholds and evaluation criteria mirror organizational culture and business strategy.'),
  ('30000000-0000-4000-8000-000000000bff', '40000000-0000-4000-8000-000000002fff', 'High-impact, low-probability events require business continuity contingency plans and ongoing watch list monitoring.'),
  ('30000000-0000-4000-8000-000000000c00', '40000000-0000-4000-8000-000000003004', 'In Monte Carlo schedule analysis, P85 represents the timeline associated with an 85% statistical likelihood of completion.'),
  ('30000000-0000-4000-8000-000000000c01', '40000000-0000-4000-8000-000000003005', 'Purchasing financial instruments (futures, insurance) shifts the financial threat to a third party, exemplifying Risk Transfer.'),
  ('30000000-0000-4000-8000-000000000c02', '40000000-0000-4000-8000-00000000300a', 'Management Reserves cover unknown-unknowns, whereas Contingency Reserves are allocated for identified known-unknown risks.'),
  ('30000000-0000-4000-8000-000000000c03', '40000000-0000-4000-8000-00000000300f', 'Establishing context in ISO 31000 ensures risk thresholds and evaluation criteria mirror organizational culture and business strategy.')
on conflict (question_id) do update
set correct_option_id = excluded.correct_option_id,
    explanation = excluded.explanation,
    updated_at = now();

commit;
