begin;

-- 1. Insert PCM Programme
insert into public.programmes (id, code, name, description, is_active)
values (
  '10000000-0000-4000-8000-00000000006b',
  'PCM',
  'Procurement and Contract Management',
  'Evaluates capabilities in procurement planning, contract type selection, bidding processes, vendor negotiations, contract administration, and legal/dispute resolution.',
  true
)
on conflict (code) do update
set name = excluded.name,
    description = excluded.description,
    is_active = true,
    updated_at = now();

-- 2. Insert PCM Examination
insert into public.examinations (
  id, programme_id, title, instructions, duration_minutes, pass_mark,
  status, max_attempts, randomize_questions, randomize_options,
  allow_self_enrollment
)
values (
  '20000000-0000-4000-8000-00000000006b',
  '10000000-0000-4000-8000-00000000006b',
  'Procurement and Contract Management (PCM)',
  'Answer all 75 multiple-choice questions. This examination validates contract structuring, vendor sourcing, negotiation planning, and contract closeout compliance.',
  120,
  70,
  'published',
  1,
  false,
  false,
  true
)
on conflict (id) do update
set programme_id = excluded.programme_id,
    title = excluded.title,
    instructions = excluded.instructions,
    duration_minutes = excluded.duration_minutes,
    pass_mark = excluded.pass_mark,
    status = excluded.status,
    max_attempts = excluded.max_attempts,
    randomize_questions = excluded.randomize_questions,
    randomize_options = excluded.randomize_options,
    allow_self_enrollment = excluded.allow_self_enrollment,
    updated_at = now();

-- 3. Insert Questions (75 questions)
insert into public.questions (id, examination_id, question_text, position, points, is_active)
values
  ('30000000-0000-4000-8000-000000001389', '20000000-0000-4000-8000-00000000006b', '[Contract Type Selection - Scenario 1] An organization needs to hire a research consultancy for an innovative project with highly uncertain scope and unknown technical duration. Which contract structure protects the buyer while incentivizing performance?', 1, 1, true),
  ('30000000-0000-4000-8000-00000000138a', '20000000-0000-4000-8000-00000000006b', '[Make-or-Buy Analysis - Scenario 2] During procurement planning, a enterprise software firm evaluates whether to build an internal customer portal or buy a SaaS solution. Internal build costs $200k upfront plus $10k/year maintenance. SaaS costs $50k/year. What is the financial break-even horizon?', 2, 1, true),
  ('30000000-0000-4000-8000-00000000138b', '20000000-0000-4000-8000-00000000006b', '[Vendor Negotiation & Bidding - Scenario 3] During RFP evaluation for an infrastructure contractor, a buyer receives four bids. One bid is 40% lower than industry benchmarks. What is the most prudent procurement action?', 3, 1, true),
  ('30000000-0000-4000-8000-00000000138c', '20000000-0000-4000-8000-00000000006b', '[Contract Administration & Changes - Scenario 4] A vendor executes a minor requested scope change directly based on verbal instructions from a project engineer, without a signed Change Order. Upon invoice submission, the buyer''s procurement officer refuses payment. Why?', 4, 1, true),
  ('30000000-0000-4000-8000-00000000138d', '20000000-0000-4000-8000-00000000006b', '[Contract Closeout & Dispute Resolution - Scenario 5] At the conclusion of a major construction contract, what document must be secured from the contractor before releasing final retention payments?', 5, 1, true),
  ('30000000-0000-4000-8000-00000000138e', '20000000-0000-4000-8000-00000000006b', '[Contract Type Selection - Scenario 6] An organization needs to hire a research consultancy for an innovative project with highly uncertain scope and unknown technical duration. Which contract structure protects the buyer while incentivizing performance?', 6, 1, true),
  ('30000000-0000-4000-8000-00000000138f', '20000000-0000-4000-8000-00000000006b', '[Make-or-Buy Analysis - Scenario 7] During procurement planning, a enterprise software firm evaluates whether to build an internal customer portal or buy a SaaS solution. Internal build costs $200k upfront plus $10k/year maintenance. SaaS costs $50k/year. What is the financial break-even horizon?', 7, 1, true),
  ('30000000-0000-4000-8000-000000001390', '20000000-0000-4000-8000-00000000006b', '[Vendor Negotiation & Bidding - Scenario 8] During RFP evaluation for an infrastructure contractor, a buyer receives four bids. One bid is 40% lower than industry benchmarks. What is the most prudent procurement action?', 8, 1, true),
  ('30000000-0000-4000-8000-000000001391', '20000000-0000-4000-8000-00000000006b', '[Contract Administration & Changes - Scenario 9] A vendor executes a minor requested scope change directly based on verbal instructions from a project engineer, without a signed Change Order. Upon invoice submission, the buyer''s procurement officer refuses payment. Why?', 9, 1, true),
  ('30000000-0000-4000-8000-000000001392', '20000000-0000-4000-8000-00000000006b', '[Contract Closeout & Dispute Resolution - Scenario 10] At the conclusion of a major construction contract, what document must be secured from the contractor before releasing final retention payments?', 10, 1, true),
  ('30000000-0000-4000-8000-000000001393', '20000000-0000-4000-8000-00000000006b', '[Contract Type Selection - Scenario 11] An organization needs to hire a research consultancy for an innovative project with highly uncertain scope and unknown technical duration. Which contract structure protects the buyer while incentivizing performance?', 11, 1, true),
  ('30000000-0000-4000-8000-000000001394', '20000000-0000-4000-8000-00000000006b', '[Make-or-Buy Analysis - Scenario 12] During procurement planning, a enterprise software firm evaluates whether to build an internal customer portal or buy a SaaS solution. Internal build costs $200k upfront plus $10k/year maintenance. SaaS costs $50k/year. What is the financial break-even horizon?', 12, 1, true),
  ('30000000-0000-4000-8000-000000001395', '20000000-0000-4000-8000-00000000006b', '[Vendor Negotiation & Bidding - Scenario 13] During RFP evaluation for an infrastructure contractor, a buyer receives four bids. One bid is 40% lower than industry benchmarks. What is the most prudent procurement action?', 13, 1, true),
  ('30000000-0000-4000-8000-000000001396', '20000000-0000-4000-8000-00000000006b', '[Contract Administration & Changes - Scenario 14] A vendor executes a minor requested scope change directly based on verbal instructions from a project engineer, without a signed Change Order. Upon invoice submission, the buyer''s procurement officer refuses payment. Why?', 14, 1, true),
  ('30000000-0000-4000-8000-000000001397', '20000000-0000-4000-8000-00000000006b', '[Contract Closeout & Dispute Resolution - Scenario 15] At the conclusion of a major construction contract, what document must be secured from the contractor before releasing final retention payments?', 15, 1, true),
  ('30000000-0000-4000-8000-000000001398', '20000000-0000-4000-8000-00000000006b', '[Contract Type Selection - Scenario 16] An organization needs to hire a research consultancy for an innovative project with highly uncertain scope and unknown technical duration. Which contract structure protects the buyer while incentivizing performance?', 16, 1, true),
  ('30000000-0000-4000-8000-000000001399', '20000000-0000-4000-8000-00000000006b', '[Make-or-Buy Analysis - Scenario 17] During procurement planning, a enterprise software firm evaluates whether to build an internal customer portal or buy a SaaS solution. Internal build costs $200k upfront plus $10k/year maintenance. SaaS costs $50k/year. What is the financial break-even horizon?', 17, 1, true),
  ('30000000-0000-4000-8000-00000000139a', '20000000-0000-4000-8000-00000000006b', '[Vendor Negotiation & Bidding - Scenario 18] During RFP evaluation for an infrastructure contractor, a buyer receives four bids. One bid is 40% lower than industry benchmarks. What is the most prudent procurement action?', 18, 1, true),
  ('30000000-0000-4000-8000-00000000139b', '20000000-0000-4000-8000-00000000006b', '[Contract Administration & Changes - Scenario 19] A vendor executes a minor requested scope change directly based on verbal instructions from a project engineer, without a signed Change Order. Upon invoice submission, the buyer''s procurement officer refuses payment. Why?', 19, 1, true),
  ('30000000-0000-4000-8000-00000000139c', '20000000-0000-4000-8000-00000000006b', '[Contract Closeout & Dispute Resolution - Scenario 20] At the conclusion of a major construction contract, what document must be secured from the contractor before releasing final retention payments?', 20, 1, true),
  ('30000000-0000-4000-8000-00000000139d', '20000000-0000-4000-8000-00000000006b', '[Contract Type Selection - Scenario 21] An organization needs to hire a research consultancy for an innovative project with highly uncertain scope and unknown technical duration. Which contract structure protects the buyer while incentivizing performance?', 21, 1, true),
  ('30000000-0000-4000-8000-00000000139e', '20000000-0000-4000-8000-00000000006b', '[Make-or-Buy Analysis - Scenario 22] During procurement planning, a enterprise software firm evaluates whether to build an internal customer portal or buy a SaaS solution. Internal build costs $200k upfront plus $10k/year maintenance. SaaS costs $50k/year. What is the financial break-even horizon?', 22, 1, true),
  ('30000000-0000-4000-8000-00000000139f', '20000000-0000-4000-8000-00000000006b', '[Vendor Negotiation & Bidding - Scenario 23] During RFP evaluation for an infrastructure contractor, a buyer receives four bids. One bid is 40% lower than industry benchmarks. What is the most prudent procurement action?', 23, 1, true),
  ('30000000-0000-4000-8000-0000000013a0', '20000000-0000-4000-8000-00000000006b', '[Contract Administration & Changes - Scenario 24] A vendor executes a minor requested scope change directly based on verbal instructions from a project engineer, without a signed Change Order. Upon invoice submission, the buyer''s procurement officer refuses payment. Why?', 24, 1, true),
  ('30000000-0000-4000-8000-0000000013a1', '20000000-0000-4000-8000-00000000006b', '[Contract Closeout & Dispute Resolution - Scenario 25] At the conclusion of a major construction contract, what document must be secured from the contractor before releasing final retention payments?', 25, 1, true),
  ('30000000-0000-4000-8000-0000000013a2', '20000000-0000-4000-8000-00000000006b', '[Contract Type Selection - Scenario 26] An organization needs to hire a research consultancy for an innovative project with highly uncertain scope and unknown technical duration. Which contract structure protects the buyer while incentivizing performance?', 26, 1, true),
  ('30000000-0000-4000-8000-0000000013a3', '20000000-0000-4000-8000-00000000006b', '[Make-or-Buy Analysis - Scenario 27] During procurement planning, a enterprise software firm evaluates whether to build an internal customer portal or buy a SaaS solution. Internal build costs $200k upfront plus $10k/year maintenance. SaaS costs $50k/year. What is the financial break-even horizon?', 27, 1, true),
  ('30000000-0000-4000-8000-0000000013a4', '20000000-0000-4000-8000-00000000006b', '[Vendor Negotiation & Bidding - Scenario 28] During RFP evaluation for an infrastructure contractor, a buyer receives four bids. One bid is 40% lower than industry benchmarks. What is the most prudent procurement action?', 28, 1, true),
  ('30000000-0000-4000-8000-0000000013a5', '20000000-0000-4000-8000-00000000006b', '[Contract Administration & Changes - Scenario 29] A vendor executes a minor requested scope change directly based on verbal instructions from a project engineer, without a signed Change Order. Upon invoice submission, the buyer''s procurement officer refuses payment. Why?', 29, 1, true),
  ('30000000-0000-4000-8000-0000000013a6', '20000000-0000-4000-8000-00000000006b', '[Contract Closeout & Dispute Resolution - Scenario 30] At the conclusion of a major construction contract, what document must be secured from the contractor before releasing final retention payments?', 30, 1, true),
  ('30000000-0000-4000-8000-0000000013a7', '20000000-0000-4000-8000-00000000006b', '[Contract Type Selection - Scenario 31] An organization needs to hire a research consultancy for an innovative project with highly uncertain scope and unknown technical duration. Which contract structure protects the buyer while incentivizing performance?', 31, 1, true),
  ('30000000-0000-4000-8000-0000000013a8', '20000000-0000-4000-8000-00000000006b', '[Make-or-Buy Analysis - Scenario 32] During procurement planning, a enterprise software firm evaluates whether to build an internal customer portal or buy a SaaS solution. Internal build costs $200k upfront plus $10k/year maintenance. SaaS costs $50k/year. What is the financial break-even horizon?', 32, 1, true),
  ('30000000-0000-4000-8000-0000000013a9', '20000000-0000-4000-8000-00000000006b', '[Vendor Negotiation & Bidding - Scenario 33] During RFP evaluation for an infrastructure contractor, a buyer receives four bids. One bid is 40% lower than industry benchmarks. What is the most prudent procurement action?', 33, 1, true),
  ('30000000-0000-4000-8000-0000000013aa', '20000000-0000-4000-8000-00000000006b', '[Contract Administration & Changes - Scenario 34] A vendor executes a minor requested scope change directly based on verbal instructions from a project engineer, without a signed Change Order. Upon invoice submission, the buyer''s procurement officer refuses payment. Why?', 34, 1, true),
  ('30000000-0000-4000-8000-0000000013ab', '20000000-0000-4000-8000-00000000006b', '[Contract Closeout & Dispute Resolution - Scenario 35] At the conclusion of a major construction contract, what document must be secured from the contractor before releasing final retention payments?', 35, 1, true),
  ('30000000-0000-4000-8000-0000000013ac', '20000000-0000-4000-8000-00000000006b', '[Contract Type Selection - Scenario 36] An organization needs to hire a research consultancy for an innovative project with highly uncertain scope and unknown technical duration. Which contract structure protects the buyer while incentivizing performance?', 36, 1, true),
  ('30000000-0000-4000-8000-0000000013ad', '20000000-0000-4000-8000-00000000006b', '[Make-or-Buy Analysis - Scenario 37] During procurement planning, a enterprise software firm evaluates whether to build an internal customer portal or buy a SaaS solution. Internal build costs $200k upfront plus $10k/year maintenance. SaaS costs $50k/year. What is the financial break-even horizon?', 37, 1, true),
  ('30000000-0000-4000-8000-0000000013ae', '20000000-0000-4000-8000-00000000006b', '[Vendor Negotiation & Bidding - Scenario 38] During RFP evaluation for an infrastructure contractor, a buyer receives four bids. One bid is 40% lower than industry benchmarks. What is the most prudent procurement action?', 38, 1, true),
  ('30000000-0000-4000-8000-0000000013af', '20000000-0000-4000-8000-00000000006b', '[Contract Administration & Changes - Scenario 39] A vendor executes a minor requested scope change directly based on verbal instructions from a project engineer, without a signed Change Order. Upon invoice submission, the buyer''s procurement officer refuses payment. Why?', 39, 1, true),
  ('30000000-0000-4000-8000-0000000013b0', '20000000-0000-4000-8000-00000000006b', '[Contract Closeout & Dispute Resolution - Scenario 40] At the conclusion of a major construction contract, what document must be secured from the contractor before releasing final retention payments?', 40, 1, true),
  ('30000000-0000-4000-8000-0000000013b1', '20000000-0000-4000-8000-00000000006b', '[Contract Type Selection - Scenario 41] An organization needs to hire a research consultancy for an innovative project with highly uncertain scope and unknown technical duration. Which contract structure protects the buyer while incentivizing performance?', 41, 1, true),
  ('30000000-0000-4000-8000-0000000013b2', '20000000-0000-4000-8000-00000000006b', '[Make-or-Buy Analysis - Scenario 42] During procurement planning, a enterprise software firm evaluates whether to build an internal customer portal or buy a SaaS solution. Internal build costs $200k upfront plus $10k/year maintenance. SaaS costs $50k/year. What is the financial break-even horizon?', 42, 1, true),
  ('30000000-0000-4000-8000-0000000013b3', '20000000-0000-4000-8000-00000000006b', '[Vendor Negotiation & Bidding - Scenario 43] During RFP evaluation for an infrastructure contractor, a buyer receives four bids. One bid is 40% lower than industry benchmarks. What is the most prudent procurement action?', 43, 1, true),
  ('30000000-0000-4000-8000-0000000013b4', '20000000-0000-4000-8000-00000000006b', '[Contract Administration & Changes - Scenario 44] A vendor executes a minor requested scope change directly based on verbal instructions from a project engineer, without a signed Change Order. Upon invoice submission, the buyer''s procurement officer refuses payment. Why?', 44, 1, true),
  ('30000000-0000-4000-8000-0000000013b5', '20000000-0000-4000-8000-00000000006b', '[Contract Closeout & Dispute Resolution - Scenario 45] At the conclusion of a major construction contract, what document must be secured from the contractor before releasing final retention payments?', 45, 1, true),
  ('30000000-0000-4000-8000-0000000013b6', '20000000-0000-4000-8000-00000000006b', '[Contract Type Selection - Scenario 46] An organization needs to hire a research consultancy for an innovative project with highly uncertain scope and unknown technical duration. Which contract structure protects the buyer while incentivizing performance?', 46, 1, true),
  ('30000000-0000-4000-8000-0000000013b7', '20000000-0000-4000-8000-00000000006b', '[Make-or-Buy Analysis - Scenario 47] During procurement planning, a enterprise software firm evaluates whether to build an internal customer portal or buy a SaaS solution. Internal build costs $200k upfront plus $10k/year maintenance. SaaS costs $50k/year. What is the financial break-even horizon?', 47, 1, true),
  ('30000000-0000-4000-8000-0000000013b8', '20000000-0000-4000-8000-00000000006b', '[Vendor Negotiation & Bidding - Scenario 48] During RFP evaluation for an infrastructure contractor, a buyer receives four bids. One bid is 40% lower than industry benchmarks. What is the most prudent procurement action?', 48, 1, true),
  ('30000000-0000-4000-8000-0000000013b9', '20000000-0000-4000-8000-00000000006b', '[Contract Administration & Changes - Scenario 49] A vendor executes a minor requested scope change directly based on verbal instructions from a project engineer, without a signed Change Order. Upon invoice submission, the buyer''s procurement officer refuses payment. Why?', 49, 1, true),
  ('30000000-0000-4000-8000-0000000013ba', '20000000-0000-4000-8000-00000000006b', '[Contract Closeout & Dispute Resolution - Scenario 50] At the conclusion of a major construction contract, what document must be secured from the contractor before releasing final retention payments?', 50, 1, true),
  ('30000000-0000-4000-8000-0000000013bb', '20000000-0000-4000-8000-00000000006b', '[Contract Type Selection - Scenario 51] An organization needs to hire a research consultancy for an innovative project with highly uncertain scope and unknown technical duration. Which contract structure protects the buyer while incentivizing performance?', 51, 1, true),
  ('30000000-0000-4000-8000-0000000013bc', '20000000-0000-4000-8000-00000000006b', '[Make-or-Buy Analysis - Scenario 52] During procurement planning, a enterprise software firm evaluates whether to build an internal customer portal or buy a SaaS solution. Internal build costs $200k upfront plus $10k/year maintenance. SaaS costs $50k/year. What is the financial break-even horizon?', 52, 1, true),
  ('30000000-0000-4000-8000-0000000013bd', '20000000-0000-4000-8000-00000000006b', '[Vendor Negotiation & Bidding - Scenario 53] During RFP evaluation for an infrastructure contractor, a buyer receives four bids. One bid is 40% lower than industry benchmarks. What is the most prudent procurement action?', 53, 1, true),
  ('30000000-0000-4000-8000-0000000013be', '20000000-0000-4000-8000-00000000006b', '[Contract Administration & Changes - Scenario 54] A vendor executes a minor requested scope change directly based on verbal instructions from a project engineer, without a signed Change Order. Upon invoice submission, the buyer''s procurement officer refuses payment. Why?', 54, 1, true),
  ('30000000-0000-4000-8000-0000000013bf', '20000000-0000-4000-8000-00000000006b', '[Contract Closeout & Dispute Resolution - Scenario 55] At the conclusion of a major construction contract, what document must be secured from the contractor before releasing final retention payments?', 55, 1, true),
  ('30000000-0000-4000-8000-0000000013c0', '20000000-0000-4000-8000-00000000006b', '[Contract Type Selection - Scenario 56] An organization needs to hire a research consultancy for an innovative project with highly uncertain scope and unknown technical duration. Which contract structure protects the buyer while incentivizing performance?', 56, 1, true),
  ('30000000-0000-4000-8000-0000000013c1', '20000000-0000-4000-8000-00000000006b', '[Make-or-Buy Analysis - Scenario 57] During procurement planning, a enterprise software firm evaluates whether to build an internal customer portal or buy a SaaS solution. Internal build costs $200k upfront plus $10k/year maintenance. SaaS costs $50k/year. What is the financial break-even horizon?', 57, 1, true),
  ('30000000-0000-4000-8000-0000000013c2', '20000000-0000-4000-8000-00000000006b', '[Vendor Negotiation & Bidding - Scenario 58] During RFP evaluation for an infrastructure contractor, a buyer receives four bids. One bid is 40% lower than industry benchmarks. What is the most prudent procurement action?', 58, 1, true),
  ('30000000-0000-4000-8000-0000000013c3', '20000000-0000-4000-8000-00000000006b', '[Contract Administration & Changes - Scenario 59] A vendor executes a minor requested scope change directly based on verbal instructions from a project engineer, without a signed Change Order. Upon invoice submission, the buyer''s procurement officer refuses payment. Why?', 59, 1, true),
  ('30000000-0000-4000-8000-0000000013c4', '20000000-0000-4000-8000-00000000006b', '[Contract Closeout & Dispute Resolution - Scenario 60] At the conclusion of a major construction contract, what document must be secured from the contractor before releasing final retention payments?', 60, 1, true),
  ('30000000-0000-4000-8000-0000000013c5', '20000000-0000-4000-8000-00000000006b', '[Contract Type Selection - Scenario 61] An organization needs to hire a research consultancy for an innovative project with highly uncertain scope and unknown technical duration. Which contract structure protects the buyer while incentivizing performance?', 61, 1, true),
  ('30000000-0000-4000-8000-0000000013c6', '20000000-0000-4000-8000-00000000006b', '[Make-or-Buy Analysis - Scenario 62] During procurement planning, a enterprise software firm evaluates whether to build an internal customer portal or buy a SaaS solution. Internal build costs $200k upfront plus $10k/year maintenance. SaaS costs $50k/year. What is the financial break-even horizon?', 62, 1, true),
  ('30000000-0000-4000-8000-0000000013c7', '20000000-0000-4000-8000-00000000006b', '[Vendor Negotiation & Bidding - Scenario 63] During RFP evaluation for an infrastructure contractor, a buyer receives four bids. One bid is 40% lower than industry benchmarks. What is the most prudent procurement action?', 63, 1, true),
  ('30000000-0000-4000-8000-0000000013c8', '20000000-0000-4000-8000-00000000006b', '[Contract Administration & Changes - Scenario 64] A vendor executes a minor requested scope change directly based on verbal instructions from a project engineer, without a signed Change Order. Upon invoice submission, the buyer''s procurement officer refuses payment. Why?', 64, 1, true),
  ('30000000-0000-4000-8000-0000000013c9', '20000000-0000-4000-8000-00000000006b', '[Contract Closeout & Dispute Resolution - Scenario 65] At the conclusion of a major construction contract, what document must be secured from the contractor before releasing final retention payments?', 65, 1, true),
  ('30000000-0000-4000-8000-0000000013ca', '20000000-0000-4000-8000-00000000006b', '[Contract Type Selection - Scenario 66] An organization needs to hire a research consultancy for an innovative project with highly uncertain scope and unknown technical duration. Which contract structure protects the buyer while incentivizing performance?', 66, 1, true),
  ('30000000-0000-4000-8000-0000000013cb', '20000000-0000-4000-8000-00000000006b', '[Make-or-Buy Analysis - Scenario 67] During procurement planning, a enterprise software firm evaluates whether to build an internal customer portal or buy a SaaS solution. Internal build costs $200k upfront plus $10k/year maintenance. SaaS costs $50k/year. What is the financial break-even horizon?', 67, 1, true),
  ('30000000-0000-4000-8000-0000000013cc', '20000000-0000-4000-8000-00000000006b', '[Vendor Negotiation & Bidding - Scenario 68] During RFP evaluation for an infrastructure contractor, a buyer receives four bids. One bid is 40% lower than industry benchmarks. What is the most prudent procurement action?', 68, 1, true),
  ('30000000-0000-4000-8000-0000000013cd', '20000000-0000-4000-8000-00000000006b', '[Contract Administration & Changes - Scenario 69] A vendor executes a minor requested scope change directly based on verbal instructions from a project engineer, without a signed Change Order. Upon invoice submission, the buyer''s procurement officer refuses payment. Why?', 69, 1, true),
  ('30000000-0000-4000-8000-0000000013ce', '20000000-0000-4000-8000-00000000006b', '[Contract Closeout & Dispute Resolution - Scenario 70] At the conclusion of a major construction contract, what document must be secured from the contractor before releasing final retention payments?', 70, 1, true),
  ('30000000-0000-4000-8000-0000000013cf', '20000000-0000-4000-8000-00000000006b', '[Contract Type Selection - Scenario 71] An organization needs to hire a research consultancy for an innovative project with highly uncertain scope and unknown technical duration. Which contract structure protects the buyer while incentivizing performance?', 71, 1, true),
  ('30000000-0000-4000-8000-0000000013d0', '20000000-0000-4000-8000-00000000006b', '[Make-or-Buy Analysis - Scenario 72] During procurement planning, a enterprise software firm evaluates whether to build an internal customer portal or buy a SaaS solution. Internal build costs $200k upfront plus $10k/year maintenance. SaaS costs $50k/year. What is the financial break-even horizon?', 72, 1, true),
  ('30000000-0000-4000-8000-0000000013d1', '20000000-0000-4000-8000-00000000006b', '[Vendor Negotiation & Bidding - Scenario 73] During RFP evaluation for an infrastructure contractor, a buyer receives four bids. One bid is 40% lower than industry benchmarks. What is the most prudent procurement action?', 73, 1, true),
  ('30000000-0000-4000-8000-0000000013d2', '20000000-0000-4000-8000-00000000006b', '[Contract Administration & Changes - Scenario 74] A vendor executes a minor requested scope change directly based on verbal instructions from a project engineer, without a signed Change Order. Upon invoice submission, the buyer''s procurement officer refuses payment. Why?', 74, 1, true),
  ('30000000-0000-4000-8000-0000000013d3', '20000000-0000-4000-8000-00000000006b', '[Contract Closeout & Dispute Resolution - Scenario 75] At the conclusion of a major construction contract, what document must be secured from the contractor before releasing final retention payments?', 75, 1, true)
on conflict (id) do update
set question_text = excluded.question_text,
    position = excluded.position,
    updated_at = now();

-- 4. Insert Options (300 options)
insert into public.question_options (id, question_id, option_text, position)
values
  ('40000000-0000-4000-8000-000000004e25', '30000000-0000-4000-8000-000000001389', 'Cost Plus Incentive Fee (CPIF) or Time and Materials (T&M) with a strict Ceiling Price.', 1),
  ('40000000-0000-4000-8000-000000004e26', '30000000-0000-4000-8000-000000001389', 'Firm Fixed Price (FFP) without any scope adjustment clause.', 2),
  ('40000000-0000-4000-8000-000000004e27', '30000000-0000-4000-8000-000000001389', 'Unfunded Purchase Order with vague payment terms.', 3),
  ('40000000-0000-4000-8000-000000004e28', '30000000-0000-4000-8000-000000001389', 'Fixed Price with Economic Price Adjustment linked solely to CPI index.', 4),
  ('40000000-0000-4000-8000-000000004e29', '30000000-0000-4000-8000-00000000138a', '1 year.', 1),
  ('40000000-0000-4000-8000-000000004e2a', '30000000-0000-4000-8000-00000000138a', '5 years.', 2),
  ('40000000-0000-4000-8000-000000004e2b', '30000000-0000-4000-8000-00000000138a', '10 years.', 3),
  ('40000000-0000-4000-8000-000000004e2c', '30000000-0000-4000-8000-00000000138a', '20 years.', 4),
  ('40000000-0000-4000-8000-000000004e2d', '30000000-0000-4000-8000-00000000138b', 'Award the contract immediately without reviewing technical capabilities.', 1),
  ('40000000-0000-4000-8000-000000004e2e', '30000000-0000-4000-8000-00000000138b', 'Disqualify all four vendors and cancel the infrastructure initiative.', 2),
  ('40000000-0000-4000-8000-000000004e2f', '30000000-0000-4000-8000-00000000138b', 'Conduct a formal price-reasonableness audit and request clarification to ensure the bidder understood scope requirements.', 3),
  ('40000000-0000-4000-8000-000000004e30', '30000000-0000-4000-8000-00000000138b', 'Force the second lowest bidder to match the abnormally low price.', 4),
  ('40000000-0000-4000-8000-000000004e31', '30000000-0000-4000-8000-00000000138c', 'Project engineers are legally forbidden from talking to vendors.', 1),
  ('40000000-0000-4000-8000-000000004e32', '30000000-0000-4000-8000-00000000138c', 'Scope changes are illegal under international trade law.', 2),
  ('40000000-0000-4000-8000-000000004e33', '30000000-0000-4000-8000-00000000138c', 'The vendor failed to submit a patent registration for the change.', 3),
  ('40000000-0000-4000-8000-000000004e34', '30000000-0000-4000-8000-00000000138c', 'Only authorized procurement personnel/contracting officers hold legal authority to commit contract variations.', 4),
  ('40000000-0000-4000-8000-000000004e35', '30000000-0000-4000-8000-00000000138d', 'A formal Lien Waiver and Certificate of Final Completion releasing the buyer from future subcontractor claims.', 1),
  ('40000000-0000-4000-8000-000000004e36', '30000000-0000-4000-8000-00000000138d', 'A copy of the contractor''s corporate annual tax return.', 2),
  ('40000000-0000-4000-8000-000000004e37', '30000000-0000-4000-8000-00000000138d', 'An informal email stating that everyone enjoyed working on the project.', 3),
  ('40000000-0000-4000-8000-000000004e38', '30000000-0000-4000-8000-00000000138d', 'A verbal promise from the site foreman.', 4),
  ('40000000-0000-4000-8000-000000004e39', '30000000-0000-4000-8000-00000000138e', 'Firm Fixed Price (FFP) without any scope adjustment clause.', 1),
  ('40000000-0000-4000-8000-000000004e3a', '30000000-0000-4000-8000-00000000138e', 'Cost Plus Incentive Fee (CPIF) or Time and Materials (T&M) with a strict Ceiling Price.', 2),
  ('40000000-0000-4000-8000-000000004e3b', '30000000-0000-4000-8000-00000000138e', 'Unfunded Purchase Order with vague payment terms.', 3),
  ('40000000-0000-4000-8000-000000004e3c', '30000000-0000-4000-8000-00000000138e', 'Fixed Price with Economic Price Adjustment linked solely to CPI index.', 4),
  ('40000000-0000-4000-8000-000000004e3d', '30000000-0000-4000-8000-00000000138f', '1 year.', 1),
  ('40000000-0000-4000-8000-000000004e3e', '30000000-0000-4000-8000-00000000138f', '10 years.', 2),
  ('40000000-0000-4000-8000-000000004e3f', '30000000-0000-4000-8000-00000000138f', '5 years.', 3),
  ('40000000-0000-4000-8000-000000004e40', '30000000-0000-4000-8000-00000000138f', '20 years.', 4),
  ('40000000-0000-4000-8000-000000004e41', '30000000-0000-4000-8000-000000001390', 'Award the contract immediately without reviewing technical capabilities.', 1),
  ('40000000-0000-4000-8000-000000004e42', '30000000-0000-4000-8000-000000001390', 'Disqualify all four vendors and cancel the infrastructure initiative.', 2),
  ('40000000-0000-4000-8000-000000004e43', '30000000-0000-4000-8000-000000001390', 'Force the second lowest bidder to match the abnormally low price.', 3),
  ('40000000-0000-4000-8000-000000004e44', '30000000-0000-4000-8000-000000001390', 'Conduct a formal price-reasonableness audit and request clarification to ensure the bidder understood scope requirements.', 4),
  ('40000000-0000-4000-8000-000000004e45', '30000000-0000-4000-8000-000000001391', 'Only authorized procurement personnel/contracting officers hold legal authority to commit contract variations.', 1),
  ('40000000-0000-4000-8000-000000004e46', '30000000-0000-4000-8000-000000001391', 'Project engineers are legally forbidden from talking to vendors.', 2),
  ('40000000-0000-4000-8000-000000004e47', '30000000-0000-4000-8000-000000001391', 'Scope changes are illegal under international trade law.', 3),
  ('40000000-0000-4000-8000-000000004e48', '30000000-0000-4000-8000-000000001391', 'The vendor failed to submit a patent registration for the change.', 4),
  ('40000000-0000-4000-8000-000000004e49', '30000000-0000-4000-8000-000000001392', 'A copy of the contractor''s corporate annual tax return.', 1),
  ('40000000-0000-4000-8000-000000004e4a', '30000000-0000-4000-8000-000000001392', 'A formal Lien Waiver and Certificate of Final Completion releasing the buyer from future subcontractor claims.', 2),
  ('40000000-0000-4000-8000-000000004e4b', '30000000-0000-4000-8000-000000001392', 'An informal email stating that everyone enjoyed working on the project.', 3),
  ('40000000-0000-4000-8000-000000004e4c', '30000000-0000-4000-8000-000000001392', 'A verbal promise from the site foreman.', 4),
  ('40000000-0000-4000-8000-000000004e4d', '30000000-0000-4000-8000-000000001393', 'Firm Fixed Price (FFP) without any scope adjustment clause.', 1),
  ('40000000-0000-4000-8000-000000004e4e', '30000000-0000-4000-8000-000000001393', 'Unfunded Purchase Order with vague payment terms.', 2),
  ('40000000-0000-4000-8000-000000004e4f', '30000000-0000-4000-8000-000000001393', 'Cost Plus Incentive Fee (CPIF) or Time and Materials (T&M) with a strict Ceiling Price.', 3),
  ('40000000-0000-4000-8000-000000004e50', '30000000-0000-4000-8000-000000001393', 'Fixed Price with Economic Price Adjustment linked solely to CPI index.', 4),
  ('40000000-0000-4000-8000-000000004e51', '30000000-0000-4000-8000-000000001394', '1 year.', 1),
  ('40000000-0000-4000-8000-000000004e52', '30000000-0000-4000-8000-000000001394', '10 years.', 2),
  ('40000000-0000-4000-8000-000000004e53', '30000000-0000-4000-8000-000000001394', '20 years.', 3),
  ('40000000-0000-4000-8000-000000004e54', '30000000-0000-4000-8000-000000001394', '5 years.', 4),
  ('40000000-0000-4000-8000-000000004e55', '30000000-0000-4000-8000-000000001395', 'Conduct a formal price-reasonableness audit and request clarification to ensure the bidder understood scope requirements.', 1),
  ('40000000-0000-4000-8000-000000004e56', '30000000-0000-4000-8000-000000001395', 'Award the contract immediately without reviewing technical capabilities.', 2),
  ('40000000-0000-4000-8000-000000004e57', '30000000-0000-4000-8000-000000001395', 'Disqualify all four vendors and cancel the infrastructure initiative.', 3),
  ('40000000-0000-4000-8000-000000004e58', '30000000-0000-4000-8000-000000001395', 'Force the second lowest bidder to match the abnormally low price.', 4),
  ('40000000-0000-4000-8000-000000004e59', '30000000-0000-4000-8000-000000001396', 'Project engineers are legally forbidden from talking to vendors.', 1),
  ('40000000-0000-4000-8000-000000004e5a', '30000000-0000-4000-8000-000000001396', 'Only authorized procurement personnel/contracting officers hold legal authority to commit contract variations.', 2),
  ('40000000-0000-4000-8000-000000004e5b', '30000000-0000-4000-8000-000000001396', 'Scope changes are illegal under international trade law.', 3),
  ('40000000-0000-4000-8000-000000004e5c', '30000000-0000-4000-8000-000000001396', 'The vendor failed to submit a patent registration for the change.', 4),
  ('40000000-0000-4000-8000-000000004e5d', '30000000-0000-4000-8000-000000001397', 'A copy of the contractor''s corporate annual tax return.', 1),
  ('40000000-0000-4000-8000-000000004e5e', '30000000-0000-4000-8000-000000001397', 'An informal email stating that everyone enjoyed working on the project.', 2),
  ('40000000-0000-4000-8000-000000004e5f', '30000000-0000-4000-8000-000000001397', 'A formal Lien Waiver and Certificate of Final Completion releasing the buyer from future subcontractor claims.', 3),
  ('40000000-0000-4000-8000-000000004e60', '30000000-0000-4000-8000-000000001397', 'A verbal promise from the site foreman.', 4),
  ('40000000-0000-4000-8000-000000004e61', '30000000-0000-4000-8000-000000001398', 'Firm Fixed Price (FFP) without any scope adjustment clause.', 1),
  ('40000000-0000-4000-8000-000000004e62', '30000000-0000-4000-8000-000000001398', 'Unfunded Purchase Order with vague payment terms.', 2),
  ('40000000-0000-4000-8000-000000004e63', '30000000-0000-4000-8000-000000001398', 'Fixed Price with Economic Price Adjustment linked solely to CPI index.', 3),
  ('40000000-0000-4000-8000-000000004e64', '30000000-0000-4000-8000-000000001398', 'Cost Plus Incentive Fee (CPIF) or Time and Materials (T&M) with a strict Ceiling Price.', 4),
  ('40000000-0000-4000-8000-000000004e65', '30000000-0000-4000-8000-000000001399', '5 years.', 1),
  ('40000000-0000-4000-8000-000000004e66', '30000000-0000-4000-8000-000000001399', '1 year.', 2),
  ('40000000-0000-4000-8000-000000004e67', '30000000-0000-4000-8000-000000001399', '10 years.', 3),
  ('40000000-0000-4000-8000-000000004e68', '30000000-0000-4000-8000-000000001399', '20 years.', 4),
  ('40000000-0000-4000-8000-000000004e69', '30000000-0000-4000-8000-00000000139a', 'Award the contract immediately without reviewing technical capabilities.', 1),
  ('40000000-0000-4000-8000-000000004e6a', '30000000-0000-4000-8000-00000000139a', 'Conduct a formal price-reasonableness audit and request clarification to ensure the bidder understood scope requirements.', 2),
  ('40000000-0000-4000-8000-000000004e6b', '30000000-0000-4000-8000-00000000139a', 'Disqualify all four vendors and cancel the infrastructure initiative.', 3),
  ('40000000-0000-4000-8000-000000004e6c', '30000000-0000-4000-8000-00000000139a', 'Force the second lowest bidder to match the abnormally low price.', 4),
  ('40000000-0000-4000-8000-000000004e6d', '30000000-0000-4000-8000-00000000139b', 'Project engineers are legally forbidden from talking to vendors.', 1),
  ('40000000-0000-4000-8000-000000004e6e', '30000000-0000-4000-8000-00000000139b', 'Scope changes are illegal under international trade law.', 2),
  ('40000000-0000-4000-8000-000000004e6f', '30000000-0000-4000-8000-00000000139b', 'Only authorized procurement personnel/contracting officers hold legal authority to commit contract variations.', 3),
  ('40000000-0000-4000-8000-000000004e70', '30000000-0000-4000-8000-00000000139b', 'The vendor failed to submit a patent registration for the change.', 4),
  ('40000000-0000-4000-8000-000000004e71', '30000000-0000-4000-8000-00000000139c', 'A copy of the contractor''s corporate annual tax return.', 1),
  ('40000000-0000-4000-8000-000000004e72', '30000000-0000-4000-8000-00000000139c', 'An informal email stating that everyone enjoyed working on the project.', 2),
  ('40000000-0000-4000-8000-000000004e73', '30000000-0000-4000-8000-00000000139c', 'A verbal promise from the site foreman.', 3),
  ('40000000-0000-4000-8000-000000004e74', '30000000-0000-4000-8000-00000000139c', 'A formal Lien Waiver and Certificate of Final Completion releasing the buyer from future subcontractor claims.', 4),
  ('40000000-0000-4000-8000-000000004e75', '30000000-0000-4000-8000-00000000139d', 'Cost Plus Incentive Fee (CPIF) or Time and Materials (T&M) with a strict Ceiling Price.', 1),
  ('40000000-0000-4000-8000-000000004e76', '30000000-0000-4000-8000-00000000139d', 'Firm Fixed Price (FFP) without any scope adjustment clause.', 2),
  ('40000000-0000-4000-8000-000000004e77', '30000000-0000-4000-8000-00000000139d', 'Unfunded Purchase Order with vague payment terms.', 3),
  ('40000000-0000-4000-8000-000000004e78', '30000000-0000-4000-8000-00000000139d', 'Fixed Price with Economic Price Adjustment linked solely to CPI index.', 4),
  ('40000000-0000-4000-8000-000000004e79', '30000000-0000-4000-8000-00000000139e', '1 year.', 1),
  ('40000000-0000-4000-8000-000000004e7a', '30000000-0000-4000-8000-00000000139e', '5 years.', 2),
  ('40000000-0000-4000-8000-000000004e7b', '30000000-0000-4000-8000-00000000139e', '10 years.', 3),
  ('40000000-0000-4000-8000-000000004e7c', '30000000-0000-4000-8000-00000000139e', '20 years.', 4),
  ('40000000-0000-4000-8000-000000004e7d', '30000000-0000-4000-8000-00000000139f', 'Award the contract immediately without reviewing technical capabilities.', 1),
  ('40000000-0000-4000-8000-000000004e7e', '30000000-0000-4000-8000-00000000139f', 'Disqualify all four vendors and cancel the infrastructure initiative.', 2),
  ('40000000-0000-4000-8000-000000004e7f', '30000000-0000-4000-8000-00000000139f', 'Conduct a formal price-reasonableness audit and request clarification to ensure the bidder understood scope requirements.', 3),
  ('40000000-0000-4000-8000-000000004e80', '30000000-0000-4000-8000-00000000139f', 'Force the second lowest bidder to match the abnormally low price.', 4),
  ('40000000-0000-4000-8000-000000004e81', '30000000-0000-4000-8000-0000000013a0', 'Project engineers are legally forbidden from talking to vendors.', 1),
  ('40000000-0000-4000-8000-000000004e82', '30000000-0000-4000-8000-0000000013a0', 'Scope changes are illegal under international trade law.', 2),
  ('40000000-0000-4000-8000-000000004e83', '30000000-0000-4000-8000-0000000013a0', 'The vendor failed to submit a patent registration for the change.', 3),
  ('40000000-0000-4000-8000-000000004e84', '30000000-0000-4000-8000-0000000013a0', 'Only authorized procurement personnel/contracting officers hold legal authority to commit contract variations.', 4),
  ('40000000-0000-4000-8000-000000004e85', '30000000-0000-4000-8000-0000000013a1', 'A formal Lien Waiver and Certificate of Final Completion releasing the buyer from future subcontractor claims.', 1),
  ('40000000-0000-4000-8000-000000004e86', '30000000-0000-4000-8000-0000000013a1', 'A copy of the contractor''s corporate annual tax return.', 2),
  ('40000000-0000-4000-8000-000000004e87', '30000000-0000-4000-8000-0000000013a1', 'An informal email stating that everyone enjoyed working on the project.', 3),
  ('40000000-0000-4000-8000-000000004e88', '30000000-0000-4000-8000-0000000013a1', 'A verbal promise from the site foreman.', 4),
  ('40000000-0000-4000-8000-000000004e89', '30000000-0000-4000-8000-0000000013a2', 'Firm Fixed Price (FFP) without any scope adjustment clause.', 1),
  ('40000000-0000-4000-8000-000000004e8a', '30000000-0000-4000-8000-0000000013a2', 'Cost Plus Incentive Fee (CPIF) or Time and Materials (T&M) with a strict Ceiling Price.', 2),
  ('40000000-0000-4000-8000-000000004e8b', '30000000-0000-4000-8000-0000000013a2', 'Unfunded Purchase Order with vague payment terms.', 3),
  ('40000000-0000-4000-8000-000000004e8c', '30000000-0000-4000-8000-0000000013a2', 'Fixed Price with Economic Price Adjustment linked solely to CPI index.', 4),
  ('40000000-0000-4000-8000-000000004e8d', '30000000-0000-4000-8000-0000000013a3', '1 year.', 1),
  ('40000000-0000-4000-8000-000000004e8e', '30000000-0000-4000-8000-0000000013a3', '10 years.', 2),
  ('40000000-0000-4000-8000-000000004e8f', '30000000-0000-4000-8000-0000000013a3', '5 years.', 3),
  ('40000000-0000-4000-8000-000000004e90', '30000000-0000-4000-8000-0000000013a3', '20 years.', 4),
  ('40000000-0000-4000-8000-000000004e91', '30000000-0000-4000-8000-0000000013a4', 'Award the contract immediately without reviewing technical capabilities.', 1),
  ('40000000-0000-4000-8000-000000004e92', '30000000-0000-4000-8000-0000000013a4', 'Disqualify all four vendors and cancel the infrastructure initiative.', 2),
  ('40000000-0000-4000-8000-000000004e93', '30000000-0000-4000-8000-0000000013a4', 'Force the second lowest bidder to match the abnormally low price.', 3),
  ('40000000-0000-4000-8000-000000004e94', '30000000-0000-4000-8000-0000000013a4', 'Conduct a formal price-reasonableness audit and request clarification to ensure the bidder understood scope requirements.', 4),
  ('40000000-0000-4000-8000-000000004e95', '30000000-0000-4000-8000-0000000013a5', 'Only authorized procurement personnel/contracting officers hold legal authority to commit contract variations.', 1),
  ('40000000-0000-4000-8000-000000004e96', '30000000-0000-4000-8000-0000000013a5', 'Project engineers are legally forbidden from talking to vendors.', 2),
  ('40000000-0000-4000-8000-000000004e97', '30000000-0000-4000-8000-0000000013a5', 'Scope changes are illegal under international trade law.', 3),
  ('40000000-0000-4000-8000-000000004e98', '30000000-0000-4000-8000-0000000013a5', 'The vendor failed to submit a patent registration for the change.', 4),
  ('40000000-0000-4000-8000-000000004e99', '30000000-0000-4000-8000-0000000013a6', 'A copy of the contractor''s corporate annual tax return.', 1),
  ('40000000-0000-4000-8000-000000004e9a', '30000000-0000-4000-8000-0000000013a6', 'A formal Lien Waiver and Certificate of Final Completion releasing the buyer from future subcontractor claims.', 2),
  ('40000000-0000-4000-8000-000000004e9b', '30000000-0000-4000-8000-0000000013a6', 'An informal email stating that everyone enjoyed working on the project.', 3),
  ('40000000-0000-4000-8000-000000004e9c', '30000000-0000-4000-8000-0000000013a6', 'A verbal promise from the site foreman.', 4),
  ('40000000-0000-4000-8000-000000004e9d', '30000000-0000-4000-8000-0000000013a7', 'Firm Fixed Price (FFP) without any scope adjustment clause.', 1),
  ('40000000-0000-4000-8000-000000004e9e', '30000000-0000-4000-8000-0000000013a7', 'Unfunded Purchase Order with vague payment terms.', 2),
  ('40000000-0000-4000-8000-000000004e9f', '30000000-0000-4000-8000-0000000013a7', 'Cost Plus Incentive Fee (CPIF) or Time and Materials (T&M) with a strict Ceiling Price.', 3),
  ('40000000-0000-4000-8000-000000004ea0', '30000000-0000-4000-8000-0000000013a7', 'Fixed Price with Economic Price Adjustment linked solely to CPI index.', 4),
  ('40000000-0000-4000-8000-000000004ea1', '30000000-0000-4000-8000-0000000013a8', '1 year.', 1),
  ('40000000-0000-4000-8000-000000004ea2', '30000000-0000-4000-8000-0000000013a8', '10 years.', 2),
  ('40000000-0000-4000-8000-000000004ea3', '30000000-0000-4000-8000-0000000013a8', '20 years.', 3),
  ('40000000-0000-4000-8000-000000004ea4', '30000000-0000-4000-8000-0000000013a8', '5 years.', 4),
  ('40000000-0000-4000-8000-000000004ea5', '30000000-0000-4000-8000-0000000013a9', 'Conduct a formal price-reasonableness audit and request clarification to ensure the bidder understood scope requirements.', 1),
  ('40000000-0000-4000-8000-000000004ea6', '30000000-0000-4000-8000-0000000013a9', 'Award the contract immediately without reviewing technical capabilities.', 2),
  ('40000000-0000-4000-8000-000000004ea7', '30000000-0000-4000-8000-0000000013a9', 'Disqualify all four vendors and cancel the infrastructure initiative.', 3),
  ('40000000-0000-4000-8000-000000004ea8', '30000000-0000-4000-8000-0000000013a9', 'Force the second lowest bidder to match the abnormally low price.', 4),
  ('40000000-0000-4000-8000-000000004ea9', '30000000-0000-4000-8000-0000000013aa', 'Project engineers are legally forbidden from talking to vendors.', 1),
  ('40000000-0000-4000-8000-000000004eaa', '30000000-0000-4000-8000-0000000013aa', 'Only authorized procurement personnel/contracting officers hold legal authority to commit contract variations.', 2),
  ('40000000-0000-4000-8000-000000004eab', '30000000-0000-4000-8000-0000000013aa', 'Scope changes are illegal under international trade law.', 3),
  ('40000000-0000-4000-8000-000000004eac', '30000000-0000-4000-8000-0000000013aa', 'The vendor failed to submit a patent registration for the change.', 4),
  ('40000000-0000-4000-8000-000000004ead', '30000000-0000-4000-8000-0000000013ab', 'A copy of the contractor''s corporate annual tax return.', 1),
  ('40000000-0000-4000-8000-000000004eae', '30000000-0000-4000-8000-0000000013ab', 'An informal email stating that everyone enjoyed working on the project.', 2),
  ('40000000-0000-4000-8000-000000004eaf', '30000000-0000-4000-8000-0000000013ab', 'A formal Lien Waiver and Certificate of Final Completion releasing the buyer from future subcontractor claims.', 3),
  ('40000000-0000-4000-8000-000000004eb0', '30000000-0000-4000-8000-0000000013ab', 'A verbal promise from the site foreman.', 4),
  ('40000000-0000-4000-8000-000000004eb1', '30000000-0000-4000-8000-0000000013ac', 'Firm Fixed Price (FFP) without any scope adjustment clause.', 1),
  ('40000000-0000-4000-8000-000000004eb2', '30000000-0000-4000-8000-0000000013ac', 'Unfunded Purchase Order with vague payment terms.', 2),
  ('40000000-0000-4000-8000-000000004eb3', '30000000-0000-4000-8000-0000000013ac', 'Fixed Price with Economic Price Adjustment linked solely to CPI index.', 3),
  ('40000000-0000-4000-8000-000000004eb4', '30000000-0000-4000-8000-0000000013ac', 'Cost Plus Incentive Fee (CPIF) or Time and Materials (T&M) with a strict Ceiling Price.', 4),
  ('40000000-0000-4000-8000-000000004eb5', '30000000-0000-4000-8000-0000000013ad', '5 years.', 1),
  ('40000000-0000-4000-8000-000000004eb6', '30000000-0000-4000-8000-0000000013ad', '1 year.', 2),
  ('40000000-0000-4000-8000-000000004eb7', '30000000-0000-4000-8000-0000000013ad', '10 years.', 3),
  ('40000000-0000-4000-8000-000000004eb8', '30000000-0000-4000-8000-0000000013ad', '20 years.', 4),
  ('40000000-0000-4000-8000-000000004eb9', '30000000-0000-4000-8000-0000000013ae', 'Award the contract immediately without reviewing technical capabilities.', 1),
  ('40000000-0000-4000-8000-000000004eba', '30000000-0000-4000-8000-0000000013ae', 'Conduct a formal price-reasonableness audit and request clarification to ensure the bidder understood scope requirements.', 2),
  ('40000000-0000-4000-8000-000000004ebb', '30000000-0000-4000-8000-0000000013ae', 'Disqualify all four vendors and cancel the infrastructure initiative.', 3),
  ('40000000-0000-4000-8000-000000004ebc', '30000000-0000-4000-8000-0000000013ae', 'Force the second lowest bidder to match the abnormally low price.', 4),
  ('40000000-0000-4000-8000-000000004ebd', '30000000-0000-4000-8000-0000000013af', 'Project engineers are legally forbidden from talking to vendors.', 1),
  ('40000000-0000-4000-8000-000000004ebe', '30000000-0000-4000-8000-0000000013af', 'Scope changes are illegal under international trade law.', 2),
  ('40000000-0000-4000-8000-000000004ebf', '30000000-0000-4000-8000-0000000013af', 'Only authorized procurement personnel/contracting officers hold legal authority to commit contract variations.', 3),
  ('40000000-0000-4000-8000-000000004ec0', '30000000-0000-4000-8000-0000000013af', 'The vendor failed to submit a patent registration for the change.', 4),
  ('40000000-0000-4000-8000-000000004ec1', '30000000-0000-4000-8000-0000000013b0', 'A copy of the contractor''s corporate annual tax return.', 1),
  ('40000000-0000-4000-8000-000000004ec2', '30000000-0000-4000-8000-0000000013b0', 'An informal email stating that everyone enjoyed working on the project.', 2),
  ('40000000-0000-4000-8000-000000004ec3', '30000000-0000-4000-8000-0000000013b0', 'A verbal promise from the site foreman.', 3),
  ('40000000-0000-4000-8000-000000004ec4', '30000000-0000-4000-8000-0000000013b0', 'A formal Lien Waiver and Certificate of Final Completion releasing the buyer from future subcontractor claims.', 4),
  ('40000000-0000-4000-8000-000000004ec5', '30000000-0000-4000-8000-0000000013b1', 'Cost Plus Incentive Fee (CPIF) or Time and Materials (T&M) with a strict Ceiling Price.', 1),
  ('40000000-0000-4000-8000-000000004ec6', '30000000-0000-4000-8000-0000000013b1', 'Firm Fixed Price (FFP) without any scope adjustment clause.', 2),
  ('40000000-0000-4000-8000-000000004ec7', '30000000-0000-4000-8000-0000000013b1', 'Unfunded Purchase Order with vague payment terms.', 3),
  ('40000000-0000-4000-8000-000000004ec8', '30000000-0000-4000-8000-0000000013b1', 'Fixed Price with Economic Price Adjustment linked solely to CPI index.', 4),
  ('40000000-0000-4000-8000-000000004ec9', '30000000-0000-4000-8000-0000000013b2', '1 year.', 1),
  ('40000000-0000-4000-8000-000000004eca', '30000000-0000-4000-8000-0000000013b2', '5 years.', 2),
  ('40000000-0000-4000-8000-000000004ecb', '30000000-0000-4000-8000-0000000013b2', '10 years.', 3),
  ('40000000-0000-4000-8000-000000004ecc', '30000000-0000-4000-8000-0000000013b2', '20 years.', 4),
  ('40000000-0000-4000-8000-000000004ecd', '30000000-0000-4000-8000-0000000013b3', 'Award the contract immediately without reviewing technical capabilities.', 1),
  ('40000000-0000-4000-8000-000000004ece', '30000000-0000-4000-8000-0000000013b3', 'Disqualify all four vendors and cancel the infrastructure initiative.', 2),
  ('40000000-0000-4000-8000-000000004ecf', '30000000-0000-4000-8000-0000000013b3', 'Conduct a formal price-reasonableness audit and request clarification to ensure the bidder understood scope requirements.', 3),
  ('40000000-0000-4000-8000-000000004ed0', '30000000-0000-4000-8000-0000000013b3', 'Force the second lowest bidder to match the abnormally low price.', 4),
  ('40000000-0000-4000-8000-000000004ed1', '30000000-0000-4000-8000-0000000013b4', 'Project engineers are legally forbidden from talking to vendors.', 1),
  ('40000000-0000-4000-8000-000000004ed2', '30000000-0000-4000-8000-0000000013b4', 'Scope changes are illegal under international trade law.', 2),
  ('40000000-0000-4000-8000-000000004ed3', '30000000-0000-4000-8000-0000000013b4', 'The vendor failed to submit a patent registration for the change.', 3),
  ('40000000-0000-4000-8000-000000004ed4', '30000000-0000-4000-8000-0000000013b4', 'Only authorized procurement personnel/contracting officers hold legal authority to commit contract variations.', 4),
  ('40000000-0000-4000-8000-000000004ed5', '30000000-0000-4000-8000-0000000013b5', 'A formal Lien Waiver and Certificate of Final Completion releasing the buyer from future subcontractor claims.', 1),
  ('40000000-0000-4000-8000-000000004ed6', '30000000-0000-4000-8000-0000000013b5', 'A copy of the contractor''s corporate annual tax return.', 2),
  ('40000000-0000-4000-8000-000000004ed7', '30000000-0000-4000-8000-0000000013b5', 'An informal email stating that everyone enjoyed working on the project.', 3),
  ('40000000-0000-4000-8000-000000004ed8', '30000000-0000-4000-8000-0000000013b5', 'A verbal promise from the site foreman.', 4),
  ('40000000-0000-4000-8000-000000004ed9', '30000000-0000-4000-8000-0000000013b6', 'Firm Fixed Price (FFP) without any scope adjustment clause.', 1),
  ('40000000-0000-4000-8000-000000004eda', '30000000-0000-4000-8000-0000000013b6', 'Cost Plus Incentive Fee (CPIF) or Time and Materials (T&M) with a strict Ceiling Price.', 2),
  ('40000000-0000-4000-8000-000000004edb', '30000000-0000-4000-8000-0000000013b6', 'Unfunded Purchase Order with vague payment terms.', 3),
  ('40000000-0000-4000-8000-000000004edc', '30000000-0000-4000-8000-0000000013b6', 'Fixed Price with Economic Price Adjustment linked solely to CPI index.', 4),
  ('40000000-0000-4000-8000-000000004edd', '30000000-0000-4000-8000-0000000013b7', '1 year.', 1),
  ('40000000-0000-4000-8000-000000004ede', '30000000-0000-4000-8000-0000000013b7', '10 years.', 2),
  ('40000000-0000-4000-8000-000000004edf', '30000000-0000-4000-8000-0000000013b7', '5 years.', 3),
  ('40000000-0000-4000-8000-000000004ee0', '30000000-0000-4000-8000-0000000013b7', '20 years.', 4),
  ('40000000-0000-4000-8000-000000004ee1', '30000000-0000-4000-8000-0000000013b8', 'Award the contract immediately without reviewing technical capabilities.', 1),
  ('40000000-0000-4000-8000-000000004ee2', '30000000-0000-4000-8000-0000000013b8', 'Disqualify all four vendors and cancel the infrastructure initiative.', 2),
  ('40000000-0000-4000-8000-000000004ee3', '30000000-0000-4000-8000-0000000013b8', 'Force the second lowest bidder to match the abnormally low price.', 3),
  ('40000000-0000-4000-8000-000000004ee4', '30000000-0000-4000-8000-0000000013b8', 'Conduct a formal price-reasonableness audit and request clarification to ensure the bidder understood scope requirements.', 4),
  ('40000000-0000-4000-8000-000000004ee5', '30000000-0000-4000-8000-0000000013b9', 'Only authorized procurement personnel/contracting officers hold legal authority to commit contract variations.', 1),
  ('40000000-0000-4000-8000-000000004ee6', '30000000-0000-4000-8000-0000000013b9', 'Project engineers are legally forbidden from talking to vendors.', 2),
  ('40000000-0000-4000-8000-000000004ee7', '30000000-0000-4000-8000-0000000013b9', 'Scope changes are illegal under international trade law.', 3),
  ('40000000-0000-4000-8000-000000004ee8', '30000000-0000-4000-8000-0000000013b9', 'The vendor failed to submit a patent registration for the change.', 4),
  ('40000000-0000-4000-8000-000000004ee9', '30000000-0000-4000-8000-0000000013ba', 'A copy of the contractor''s corporate annual tax return.', 1),
  ('40000000-0000-4000-8000-000000004eea', '30000000-0000-4000-8000-0000000013ba', 'A formal Lien Waiver and Certificate of Final Completion releasing the buyer from future subcontractor claims.', 2),
  ('40000000-0000-4000-8000-000000004eeb', '30000000-0000-4000-8000-0000000013ba', 'An informal email stating that everyone enjoyed working on the project.', 3),
  ('40000000-0000-4000-8000-000000004eec', '30000000-0000-4000-8000-0000000013ba', 'A verbal promise from the site foreman.', 4),
  ('40000000-0000-4000-8000-000000004eed', '30000000-0000-4000-8000-0000000013bb', 'Firm Fixed Price (FFP) without any scope adjustment clause.', 1),
  ('40000000-0000-4000-8000-000000004eee', '30000000-0000-4000-8000-0000000013bb', 'Unfunded Purchase Order with vague payment terms.', 2),
  ('40000000-0000-4000-8000-000000004eef', '30000000-0000-4000-8000-0000000013bb', 'Cost Plus Incentive Fee (CPIF) or Time and Materials (T&M) with a strict Ceiling Price.', 3),
  ('40000000-0000-4000-8000-000000004ef0', '30000000-0000-4000-8000-0000000013bb', 'Fixed Price with Economic Price Adjustment linked solely to CPI index.', 4),
  ('40000000-0000-4000-8000-000000004ef1', '30000000-0000-4000-8000-0000000013bc', '1 year.', 1),
  ('40000000-0000-4000-8000-000000004ef2', '30000000-0000-4000-8000-0000000013bc', '10 years.', 2),
  ('40000000-0000-4000-8000-000000004ef3', '30000000-0000-4000-8000-0000000013bc', '20 years.', 3),
  ('40000000-0000-4000-8000-000000004ef4', '30000000-0000-4000-8000-0000000013bc', '5 years.', 4),
  ('40000000-0000-4000-8000-000000004ef5', '30000000-0000-4000-8000-0000000013bd', 'Conduct a formal price-reasonableness audit and request clarification to ensure the bidder understood scope requirements.', 1),
  ('40000000-0000-4000-8000-000000004ef6', '30000000-0000-4000-8000-0000000013bd', 'Award the contract immediately without reviewing technical capabilities.', 2),
  ('40000000-0000-4000-8000-000000004ef7', '30000000-0000-4000-8000-0000000013bd', 'Disqualify all four vendors and cancel the infrastructure initiative.', 3),
  ('40000000-0000-4000-8000-000000004ef8', '30000000-0000-4000-8000-0000000013bd', 'Force the second lowest bidder to match the abnormally low price.', 4),
  ('40000000-0000-4000-8000-000000004ef9', '30000000-0000-4000-8000-0000000013be', 'Project engineers are legally forbidden from talking to vendors.', 1),
  ('40000000-0000-4000-8000-000000004efa', '30000000-0000-4000-8000-0000000013be', 'Only authorized procurement personnel/contracting officers hold legal authority to commit contract variations.', 2),
  ('40000000-0000-4000-8000-000000004efb', '30000000-0000-4000-8000-0000000013be', 'Scope changes are illegal under international trade law.', 3),
  ('40000000-0000-4000-8000-000000004efc', '30000000-0000-4000-8000-0000000013be', 'The vendor failed to submit a patent registration for the change.', 4),
  ('40000000-0000-4000-8000-000000004efd', '30000000-0000-4000-8000-0000000013bf', 'A copy of the contractor''s corporate annual tax return.', 1),
  ('40000000-0000-4000-8000-000000004efe', '30000000-0000-4000-8000-0000000013bf', 'An informal email stating that everyone enjoyed working on the project.', 2),
  ('40000000-0000-4000-8000-000000004eff', '30000000-0000-4000-8000-0000000013bf', 'A formal Lien Waiver and Certificate of Final Completion releasing the buyer from future subcontractor claims.', 3),
  ('40000000-0000-4000-8000-000000004f00', '30000000-0000-4000-8000-0000000013bf', 'A verbal promise from the site foreman.', 4),
  ('40000000-0000-4000-8000-000000004f01', '30000000-0000-4000-8000-0000000013c0', 'Firm Fixed Price (FFP) without any scope adjustment clause.', 1),
  ('40000000-0000-4000-8000-000000004f02', '30000000-0000-4000-8000-0000000013c0', 'Unfunded Purchase Order with vague payment terms.', 2),
  ('40000000-0000-4000-8000-000000004f03', '30000000-0000-4000-8000-0000000013c0', 'Fixed Price with Economic Price Adjustment linked solely to CPI index.', 3),
  ('40000000-0000-4000-8000-000000004f04', '30000000-0000-4000-8000-0000000013c0', 'Cost Plus Incentive Fee (CPIF) or Time and Materials (T&M) with a strict Ceiling Price.', 4),
  ('40000000-0000-4000-8000-000000004f05', '30000000-0000-4000-8000-0000000013c1', '5 years.', 1),
  ('40000000-0000-4000-8000-000000004f06', '30000000-0000-4000-8000-0000000013c1', '1 year.', 2),
  ('40000000-0000-4000-8000-000000004f07', '30000000-0000-4000-8000-0000000013c1', '10 years.', 3),
  ('40000000-0000-4000-8000-000000004f08', '30000000-0000-4000-8000-0000000013c1', '20 years.', 4),
  ('40000000-0000-4000-8000-000000004f09', '30000000-0000-4000-8000-0000000013c2', 'Award the contract immediately without reviewing technical capabilities.', 1),
  ('40000000-0000-4000-8000-000000004f0a', '30000000-0000-4000-8000-0000000013c2', 'Conduct a formal price-reasonableness audit and request clarification to ensure the bidder understood scope requirements.', 2),
  ('40000000-0000-4000-8000-000000004f0b', '30000000-0000-4000-8000-0000000013c2', 'Disqualify all four vendors and cancel the infrastructure initiative.', 3),
  ('40000000-0000-4000-8000-000000004f0c', '30000000-0000-4000-8000-0000000013c2', 'Force the second lowest bidder to match the abnormally low price.', 4),
  ('40000000-0000-4000-8000-000000004f0d', '30000000-0000-4000-8000-0000000013c3', 'Project engineers are legally forbidden from talking to vendors.', 1),
  ('40000000-0000-4000-8000-000000004f0e', '30000000-0000-4000-8000-0000000013c3', 'Scope changes are illegal under international trade law.', 2),
  ('40000000-0000-4000-8000-000000004f0f', '30000000-0000-4000-8000-0000000013c3', 'Only authorized procurement personnel/contracting officers hold legal authority to commit contract variations.', 3),
  ('40000000-0000-4000-8000-000000004f10', '30000000-0000-4000-8000-0000000013c3', 'The vendor failed to submit a patent registration for the change.', 4),
  ('40000000-0000-4000-8000-000000004f11', '30000000-0000-4000-8000-0000000013c4', 'A copy of the contractor''s corporate annual tax return.', 1),
  ('40000000-0000-4000-8000-000000004f12', '30000000-0000-4000-8000-0000000013c4', 'An informal email stating that everyone enjoyed working on the project.', 2),
  ('40000000-0000-4000-8000-000000004f13', '30000000-0000-4000-8000-0000000013c4', 'A verbal promise from the site foreman.', 3),
  ('40000000-0000-4000-8000-000000004f14', '30000000-0000-4000-8000-0000000013c4', 'A formal Lien Waiver and Certificate of Final Completion releasing the buyer from future subcontractor claims.', 4),
  ('40000000-0000-4000-8000-000000004f15', '30000000-0000-4000-8000-0000000013c5', 'Cost Plus Incentive Fee (CPIF) or Time and Materials (T&M) with a strict Ceiling Price.', 1),
  ('40000000-0000-4000-8000-000000004f16', '30000000-0000-4000-8000-0000000013c5', 'Firm Fixed Price (FFP) without any scope adjustment clause.', 2),
  ('40000000-0000-4000-8000-000000004f17', '30000000-0000-4000-8000-0000000013c5', 'Unfunded Purchase Order with vague payment terms.', 3),
  ('40000000-0000-4000-8000-000000004f18', '30000000-0000-4000-8000-0000000013c5', 'Fixed Price with Economic Price Adjustment linked solely to CPI index.', 4),
  ('40000000-0000-4000-8000-000000004f19', '30000000-0000-4000-8000-0000000013c6', '1 year.', 1),
  ('40000000-0000-4000-8000-000000004f1a', '30000000-0000-4000-8000-0000000013c6', '5 years.', 2),
  ('40000000-0000-4000-8000-000000004f1b', '30000000-0000-4000-8000-0000000013c6', '10 years.', 3),
  ('40000000-0000-4000-8000-000000004f1c', '30000000-0000-4000-8000-0000000013c6', '20 years.', 4),
  ('40000000-0000-4000-8000-000000004f1d', '30000000-0000-4000-8000-0000000013c7', 'Award the contract immediately without reviewing technical capabilities.', 1),
  ('40000000-0000-4000-8000-000000004f1e', '30000000-0000-4000-8000-0000000013c7', 'Disqualify all four vendors and cancel the infrastructure initiative.', 2),
  ('40000000-0000-4000-8000-000000004f1f', '30000000-0000-4000-8000-0000000013c7', 'Conduct a formal price-reasonableness audit and request clarification to ensure the bidder understood scope requirements.', 3),
  ('40000000-0000-4000-8000-000000004f20', '30000000-0000-4000-8000-0000000013c7', 'Force the second lowest bidder to match the abnormally low price.', 4),
  ('40000000-0000-4000-8000-000000004f21', '30000000-0000-4000-8000-0000000013c8', 'Project engineers are legally forbidden from talking to vendors.', 1),
  ('40000000-0000-4000-8000-000000004f22', '30000000-0000-4000-8000-0000000013c8', 'Scope changes are illegal under international trade law.', 2),
  ('40000000-0000-4000-8000-000000004f23', '30000000-0000-4000-8000-0000000013c8', 'The vendor failed to submit a patent registration for the change.', 3),
  ('40000000-0000-4000-8000-000000004f24', '30000000-0000-4000-8000-0000000013c8', 'Only authorized procurement personnel/contracting officers hold legal authority to commit contract variations.', 4),
  ('40000000-0000-4000-8000-000000004f25', '30000000-0000-4000-8000-0000000013c9', 'A formal Lien Waiver and Certificate of Final Completion releasing the buyer from future subcontractor claims.', 1),
  ('40000000-0000-4000-8000-000000004f26', '30000000-0000-4000-8000-0000000013c9', 'A copy of the contractor''s corporate annual tax return.', 2),
  ('40000000-0000-4000-8000-000000004f27', '30000000-0000-4000-8000-0000000013c9', 'An informal email stating that everyone enjoyed working on the project.', 3),
  ('40000000-0000-4000-8000-000000004f28', '30000000-0000-4000-8000-0000000013c9', 'A verbal promise from the site foreman.', 4),
  ('40000000-0000-4000-8000-000000004f29', '30000000-0000-4000-8000-0000000013ca', 'Firm Fixed Price (FFP) without any scope adjustment clause.', 1),
  ('40000000-0000-4000-8000-000000004f2a', '30000000-0000-4000-8000-0000000013ca', 'Cost Plus Incentive Fee (CPIF) or Time and Materials (T&M) with a strict Ceiling Price.', 2),
  ('40000000-0000-4000-8000-000000004f2b', '30000000-0000-4000-8000-0000000013ca', 'Unfunded Purchase Order with vague payment terms.', 3),
  ('40000000-0000-4000-8000-000000004f2c', '30000000-0000-4000-8000-0000000013ca', 'Fixed Price with Economic Price Adjustment linked solely to CPI index.', 4),
  ('40000000-0000-4000-8000-000000004f2d', '30000000-0000-4000-8000-0000000013cb', '1 year.', 1),
  ('40000000-0000-4000-8000-000000004f2e', '30000000-0000-4000-8000-0000000013cb', '10 years.', 2),
  ('40000000-0000-4000-8000-000000004f2f', '30000000-0000-4000-8000-0000000013cb', '5 years.', 3),
  ('40000000-0000-4000-8000-000000004f30', '30000000-0000-4000-8000-0000000013cb', '20 years.', 4),
  ('40000000-0000-4000-8000-000000004f31', '30000000-0000-4000-8000-0000000013cc', 'Award the contract immediately without reviewing technical capabilities.', 1),
  ('40000000-0000-4000-8000-000000004f32', '30000000-0000-4000-8000-0000000013cc', 'Disqualify all four vendors and cancel the infrastructure initiative.', 2),
  ('40000000-0000-4000-8000-000000004f33', '30000000-0000-4000-8000-0000000013cc', 'Force the second lowest bidder to match the abnormally low price.', 3),
  ('40000000-0000-4000-8000-000000004f34', '30000000-0000-4000-8000-0000000013cc', 'Conduct a formal price-reasonableness audit and request clarification to ensure the bidder understood scope requirements.', 4),
  ('40000000-0000-4000-8000-000000004f35', '30000000-0000-4000-8000-0000000013cd', 'Only authorized procurement personnel/contracting officers hold legal authority to commit contract variations.', 1),
  ('40000000-0000-4000-8000-000000004f36', '30000000-0000-4000-8000-0000000013cd', 'Project engineers are legally forbidden from talking to vendors.', 2),
  ('40000000-0000-4000-8000-000000004f37', '30000000-0000-4000-8000-0000000013cd', 'Scope changes are illegal under international trade law.', 3),
  ('40000000-0000-4000-8000-000000004f38', '30000000-0000-4000-8000-0000000013cd', 'The vendor failed to submit a patent registration for the change.', 4),
  ('40000000-0000-4000-8000-000000004f39', '30000000-0000-4000-8000-0000000013ce', 'A copy of the contractor''s corporate annual tax return.', 1),
  ('40000000-0000-4000-8000-000000004f3a', '30000000-0000-4000-8000-0000000013ce', 'A formal Lien Waiver and Certificate of Final Completion releasing the buyer from future subcontractor claims.', 2),
  ('40000000-0000-4000-8000-000000004f3b', '30000000-0000-4000-8000-0000000013ce', 'An informal email stating that everyone enjoyed working on the project.', 3),
  ('40000000-0000-4000-8000-000000004f3c', '30000000-0000-4000-8000-0000000013ce', 'A verbal promise from the site foreman.', 4),
  ('40000000-0000-4000-8000-000000004f3d', '30000000-0000-4000-8000-0000000013cf', 'Firm Fixed Price (FFP) without any scope adjustment clause.', 1),
  ('40000000-0000-4000-8000-000000004f3e', '30000000-0000-4000-8000-0000000013cf', 'Unfunded Purchase Order with vague payment terms.', 2),
  ('40000000-0000-4000-8000-000000004f3f', '30000000-0000-4000-8000-0000000013cf', 'Cost Plus Incentive Fee (CPIF) or Time and Materials (T&M) with a strict Ceiling Price.', 3),
  ('40000000-0000-4000-8000-000000004f40', '30000000-0000-4000-8000-0000000013cf', 'Fixed Price with Economic Price Adjustment linked solely to CPI index.', 4),
  ('40000000-0000-4000-8000-000000004f41', '30000000-0000-4000-8000-0000000013d0', '1 year.', 1),
  ('40000000-0000-4000-8000-000000004f42', '30000000-0000-4000-8000-0000000013d0', '10 years.', 2),
  ('40000000-0000-4000-8000-000000004f43', '30000000-0000-4000-8000-0000000013d0', '20 years.', 3),
  ('40000000-0000-4000-8000-000000004f44', '30000000-0000-4000-8000-0000000013d0', '5 years.', 4),
  ('40000000-0000-4000-8000-000000004f45', '30000000-0000-4000-8000-0000000013d1', 'Conduct a formal price-reasonableness audit and request clarification to ensure the bidder understood scope requirements.', 1),
  ('40000000-0000-4000-8000-000000004f46', '30000000-0000-4000-8000-0000000013d1', 'Award the contract immediately without reviewing technical capabilities.', 2),
  ('40000000-0000-4000-8000-000000004f47', '30000000-0000-4000-8000-0000000013d1', 'Disqualify all four vendors and cancel the infrastructure initiative.', 3),
  ('40000000-0000-4000-8000-000000004f48', '30000000-0000-4000-8000-0000000013d1', 'Force the second lowest bidder to match the abnormally low price.', 4),
  ('40000000-0000-4000-8000-000000004f49', '30000000-0000-4000-8000-0000000013d2', 'Project engineers are legally forbidden from talking to vendors.', 1),
  ('40000000-0000-4000-8000-000000004f4a', '30000000-0000-4000-8000-0000000013d2', 'Only authorized procurement personnel/contracting officers hold legal authority to commit contract variations.', 2),
  ('40000000-0000-4000-8000-000000004f4b', '30000000-0000-4000-8000-0000000013d2', 'Scope changes are illegal under international trade law.', 3),
  ('40000000-0000-4000-8000-000000004f4c', '30000000-0000-4000-8000-0000000013d2', 'The vendor failed to submit a patent registration for the change.', 4),
  ('40000000-0000-4000-8000-000000004f4d', '30000000-0000-4000-8000-0000000013d3', 'A copy of the contractor''s corporate annual tax return.', 1),
  ('40000000-0000-4000-8000-000000004f4e', '30000000-0000-4000-8000-0000000013d3', 'An informal email stating that everyone enjoyed working on the project.', 2),
  ('40000000-0000-4000-8000-000000004f4f', '30000000-0000-4000-8000-0000000013d3', 'A formal Lien Waiver and Certificate of Final Completion releasing the buyer from future subcontractor claims.', 3),
  ('40000000-0000-4000-8000-000000004f50', '30000000-0000-4000-8000-0000000013d3', 'A verbal promise from the site foreman.', 4)
on conflict (id) do update
set option_text = excluded.option_text,
    position = excluded.position;

-- 5. Insert Question Answer Keys (75 keys)
insert into public.question_answer_keys (question_id, correct_option_id, explanation)
values
  ('30000000-0000-4000-8000-000000001389', '40000000-0000-4000-8000-000000004e25', 'Uncertain scopes suit CPIF or T&M with a Not-To-Exceed ceiling to share risk fairly without contractor cost-cutting.'),
  ('30000000-0000-4000-8000-00000000138a', '40000000-0000-4000-8000-000000004e2a', 'At 5 years: Build = $200k + 5($10k) = $250k. SaaS = 5($50k) = $250k. Break-even occurs at 5 years.'),
  ('30000000-0000-4000-8000-00000000138b', '40000000-0000-4000-8000-000000004e2f', 'Abnormally low bids risk contractor default or claims; buyers must audit price reasonableness and scope comprehension before award.'),
  ('30000000-0000-4000-8000-00000000138c', '40000000-0000-4000-8000-000000004e34', 'Contractual modifications require authorization from designated Contracting Officers to be legally binding and payable.'),
  ('30000000-0000-4000-8000-00000000138d', '40000000-0000-4000-8000-000000004e35', 'Formal Lien Waivers and Certificates of Completion ensure no outstanding subcontractor liens or unresolved liability claims remain.'),
  ('30000000-0000-4000-8000-00000000138e', '40000000-0000-4000-8000-000000004e3a', 'Uncertain scopes suit CPIF or T&M with a Not-To-Exceed ceiling to share risk fairly without contractor cost-cutting.'),
  ('30000000-0000-4000-8000-00000000138f', '40000000-0000-4000-8000-000000004e3f', 'At 5 years: Build = $200k + 5($10k) = $250k. SaaS = 5($50k) = $250k. Break-even occurs at 5 years.'),
  ('30000000-0000-4000-8000-000000001390', '40000000-0000-4000-8000-000000004e44', 'Abnormally low bids risk contractor default or claims; buyers must audit price reasonableness and scope comprehension before award.'),
  ('30000000-0000-4000-8000-000000001391', '40000000-0000-4000-8000-000000004e45', 'Contractual modifications require authorization from designated Contracting Officers to be legally binding and payable.'),
  ('30000000-0000-4000-8000-000000001392', '40000000-0000-4000-8000-000000004e4a', 'Formal Lien Waivers and Certificates of Completion ensure no outstanding subcontractor liens or unresolved liability claims remain.'),
  ('30000000-0000-4000-8000-000000001393', '40000000-0000-4000-8000-000000004e4f', 'Uncertain scopes suit CPIF or T&M with a Not-To-Exceed ceiling to share risk fairly without contractor cost-cutting.'),
  ('30000000-0000-4000-8000-000000001394', '40000000-0000-4000-8000-000000004e54', 'At 5 years: Build = $200k + 5($10k) = $250k. SaaS = 5($50k) = $250k. Break-even occurs at 5 years.'),
  ('30000000-0000-4000-8000-000000001395', '40000000-0000-4000-8000-000000004e55', 'Abnormally low bids risk contractor default or claims; buyers must audit price reasonableness and scope comprehension before award.'),
  ('30000000-0000-4000-8000-000000001396', '40000000-0000-4000-8000-000000004e5a', 'Contractual modifications require authorization from designated Contracting Officers to be legally binding and payable.'),
  ('30000000-0000-4000-8000-000000001397', '40000000-0000-4000-8000-000000004e5f', 'Formal Lien Waivers and Certificates of Completion ensure no outstanding subcontractor liens or unresolved liability claims remain.'),
  ('30000000-0000-4000-8000-000000001398', '40000000-0000-4000-8000-000000004e64', 'Uncertain scopes suit CPIF or T&M with a Not-To-Exceed ceiling to share risk fairly without contractor cost-cutting.'),
  ('30000000-0000-4000-8000-000000001399', '40000000-0000-4000-8000-000000004e65', 'At 5 years: Build = $200k + 5($10k) = $250k. SaaS = 5($50k) = $250k. Break-even occurs at 5 years.'),
  ('30000000-0000-4000-8000-00000000139a', '40000000-0000-4000-8000-000000004e6a', 'Abnormally low bids risk contractor default or claims; buyers must audit price reasonableness and scope comprehension before award.'),
  ('30000000-0000-4000-8000-00000000139b', '40000000-0000-4000-8000-000000004e6f', 'Contractual modifications require authorization from designated Contracting Officers to be legally binding and payable.'),
  ('30000000-0000-4000-8000-00000000139c', '40000000-0000-4000-8000-000000004e74', 'Formal Lien Waivers and Certificates of Completion ensure no outstanding subcontractor liens or unresolved liability claims remain.'),
  ('30000000-0000-4000-8000-00000000139d', '40000000-0000-4000-8000-000000004e75', 'Uncertain scopes suit CPIF or T&M with a Not-To-Exceed ceiling to share risk fairly without contractor cost-cutting.'),
  ('30000000-0000-4000-8000-00000000139e', '40000000-0000-4000-8000-000000004e7a', 'At 5 years: Build = $200k + 5($10k) = $250k. SaaS = 5($50k) = $250k. Break-even occurs at 5 years.'),
  ('30000000-0000-4000-8000-00000000139f', '40000000-0000-4000-8000-000000004e7f', 'Abnormally low bids risk contractor default or claims; buyers must audit price reasonableness and scope comprehension before award.'),
  ('30000000-0000-4000-8000-0000000013a0', '40000000-0000-4000-8000-000000004e84', 'Contractual modifications require authorization from designated Contracting Officers to be legally binding and payable.'),
  ('30000000-0000-4000-8000-0000000013a1', '40000000-0000-4000-8000-000000004e85', 'Formal Lien Waivers and Certificates of Completion ensure no outstanding subcontractor liens or unresolved liability claims remain.'),
  ('30000000-0000-4000-8000-0000000013a2', '40000000-0000-4000-8000-000000004e8a', 'Uncertain scopes suit CPIF or T&M with a Not-To-Exceed ceiling to share risk fairly without contractor cost-cutting.'),
  ('30000000-0000-4000-8000-0000000013a3', '40000000-0000-4000-8000-000000004e8f', 'At 5 years: Build = $200k + 5($10k) = $250k. SaaS = 5($50k) = $250k. Break-even occurs at 5 years.'),
  ('30000000-0000-4000-8000-0000000013a4', '40000000-0000-4000-8000-000000004e94', 'Abnormally low bids risk contractor default or claims; buyers must audit price reasonableness and scope comprehension before award.'),
  ('30000000-0000-4000-8000-0000000013a5', '40000000-0000-4000-8000-000000004e95', 'Contractual modifications require authorization from designated Contracting Officers to be legally binding and payable.'),
  ('30000000-0000-4000-8000-0000000013a6', '40000000-0000-4000-8000-000000004e9a', 'Formal Lien Waivers and Certificates of Completion ensure no outstanding subcontractor liens or unresolved liability claims remain.'),
  ('30000000-0000-4000-8000-0000000013a7', '40000000-0000-4000-8000-000000004e9f', 'Uncertain scopes suit CPIF or T&M with a Not-To-Exceed ceiling to share risk fairly without contractor cost-cutting.'),
  ('30000000-0000-4000-8000-0000000013a8', '40000000-0000-4000-8000-000000004ea4', 'At 5 years: Build = $200k + 5($10k) = $250k. SaaS = 5($50k) = $250k. Break-even occurs at 5 years.'),
  ('30000000-0000-4000-8000-0000000013a9', '40000000-0000-4000-8000-000000004ea5', 'Abnormally low bids risk contractor default or claims; buyers must audit price reasonableness and scope comprehension before award.'),
  ('30000000-0000-4000-8000-0000000013aa', '40000000-0000-4000-8000-000000004eaa', 'Contractual modifications require authorization from designated Contracting Officers to be legally binding and payable.'),
  ('30000000-0000-4000-8000-0000000013ab', '40000000-0000-4000-8000-000000004eaf', 'Formal Lien Waivers and Certificates of Completion ensure no outstanding subcontractor liens or unresolved liability claims remain.'),
  ('30000000-0000-4000-8000-0000000013ac', '40000000-0000-4000-8000-000000004eb4', 'Uncertain scopes suit CPIF or T&M with a Not-To-Exceed ceiling to share risk fairly without contractor cost-cutting.'),
  ('30000000-0000-4000-8000-0000000013ad', '40000000-0000-4000-8000-000000004eb5', 'At 5 years: Build = $200k + 5($10k) = $250k. SaaS = 5($50k) = $250k. Break-even occurs at 5 years.'),
  ('30000000-0000-4000-8000-0000000013ae', '40000000-0000-4000-8000-000000004eba', 'Abnormally low bids risk contractor default or claims; buyers must audit price reasonableness and scope comprehension before award.'),
  ('30000000-0000-4000-8000-0000000013af', '40000000-0000-4000-8000-000000004ebf', 'Contractual modifications require authorization from designated Contracting Officers to be legally binding and payable.'),
  ('30000000-0000-4000-8000-0000000013b0', '40000000-0000-4000-8000-000000004ec4', 'Formal Lien Waivers and Certificates of Completion ensure no outstanding subcontractor liens or unresolved liability claims remain.'),
  ('30000000-0000-4000-8000-0000000013b1', '40000000-0000-4000-8000-000000004ec5', 'Uncertain scopes suit CPIF or T&M with a Not-To-Exceed ceiling to share risk fairly without contractor cost-cutting.'),
  ('30000000-0000-4000-8000-0000000013b2', '40000000-0000-4000-8000-000000004eca', 'At 5 years: Build = $200k + 5($10k) = $250k. SaaS = 5($50k) = $250k. Break-even occurs at 5 years.'),
  ('30000000-0000-4000-8000-0000000013b3', '40000000-0000-4000-8000-000000004ecf', 'Abnormally low bids risk contractor default or claims; buyers must audit price reasonableness and scope comprehension before award.'),
  ('30000000-0000-4000-8000-0000000013b4', '40000000-0000-4000-8000-000000004ed4', 'Contractual modifications require authorization from designated Contracting Officers to be legally binding and payable.'),
  ('30000000-0000-4000-8000-0000000013b5', '40000000-0000-4000-8000-000000004ed5', 'Formal Lien Waivers and Certificates of Completion ensure no outstanding subcontractor liens or unresolved liability claims remain.'),
  ('30000000-0000-4000-8000-0000000013b6', '40000000-0000-4000-8000-000000004eda', 'Uncertain scopes suit CPIF or T&M with a Not-To-Exceed ceiling to share risk fairly without contractor cost-cutting.'),
  ('30000000-0000-4000-8000-0000000013b7', '40000000-0000-4000-8000-000000004edf', 'At 5 years: Build = $200k + 5($10k) = $250k. SaaS = 5($50k) = $250k. Break-even occurs at 5 years.'),
  ('30000000-0000-4000-8000-0000000013b8', '40000000-0000-4000-8000-000000004ee4', 'Abnormally low bids risk contractor default or claims; buyers must audit price reasonableness and scope comprehension before award.'),
  ('30000000-0000-4000-8000-0000000013b9', '40000000-0000-4000-8000-000000004ee5', 'Contractual modifications require authorization from designated Contracting Officers to be legally binding and payable.'),
  ('30000000-0000-4000-8000-0000000013ba', '40000000-0000-4000-8000-000000004eea', 'Formal Lien Waivers and Certificates of Completion ensure no outstanding subcontractor liens or unresolved liability claims remain.'),
  ('30000000-0000-4000-8000-0000000013bb', '40000000-0000-4000-8000-000000004eef', 'Uncertain scopes suit CPIF or T&M with a Not-To-Exceed ceiling to share risk fairly without contractor cost-cutting.'),
  ('30000000-0000-4000-8000-0000000013bc', '40000000-0000-4000-8000-000000004ef4', 'At 5 years: Build = $200k + 5($10k) = $250k. SaaS = 5($50k) = $250k. Break-even occurs at 5 years.'),
  ('30000000-0000-4000-8000-0000000013bd', '40000000-0000-4000-8000-000000004ef5', 'Abnormally low bids risk contractor default or claims; buyers must audit price reasonableness and scope comprehension before award.'),
  ('30000000-0000-4000-8000-0000000013be', '40000000-0000-4000-8000-000000004efa', 'Contractual modifications require authorization from designated Contracting Officers to be legally binding and payable.'),
  ('30000000-0000-4000-8000-0000000013bf', '40000000-0000-4000-8000-000000004eff', 'Formal Lien Waivers and Certificates of Completion ensure no outstanding subcontractor liens or unresolved liability claims remain.'),
  ('30000000-0000-4000-8000-0000000013c0', '40000000-0000-4000-8000-000000004f04', 'Uncertain scopes suit CPIF or T&M with a Not-To-Exceed ceiling to share risk fairly without contractor cost-cutting.'),
  ('30000000-0000-4000-8000-0000000013c1', '40000000-0000-4000-8000-000000004f05', 'At 5 years: Build = $200k + 5($10k) = $250k. SaaS = 5($50k) = $250k. Break-even occurs at 5 years.'),
  ('30000000-0000-4000-8000-0000000013c2', '40000000-0000-4000-8000-000000004f0a', 'Abnormally low bids risk contractor default or claims; buyers must audit price reasonableness and scope comprehension before award.'),
  ('30000000-0000-4000-8000-0000000013c3', '40000000-0000-4000-8000-000000004f0f', 'Contractual modifications require authorization from designated Contracting Officers to be legally binding and payable.'),
  ('30000000-0000-4000-8000-0000000013c4', '40000000-0000-4000-8000-000000004f14', 'Formal Lien Waivers and Certificates of Completion ensure no outstanding subcontractor liens or unresolved liability claims remain.'),
  ('30000000-0000-4000-8000-0000000013c5', '40000000-0000-4000-8000-000000004f15', 'Uncertain scopes suit CPIF or T&M with a Not-To-Exceed ceiling to share risk fairly without contractor cost-cutting.'),
  ('30000000-0000-4000-8000-0000000013c6', '40000000-0000-4000-8000-000000004f1a', 'At 5 years: Build = $200k + 5($10k) = $250k. SaaS = 5($50k) = $250k. Break-even occurs at 5 years.'),
  ('30000000-0000-4000-8000-0000000013c7', '40000000-0000-4000-8000-000000004f1f', 'Abnormally low bids risk contractor default or claims; buyers must audit price reasonableness and scope comprehension before award.'),
  ('30000000-0000-4000-8000-0000000013c8', '40000000-0000-4000-8000-000000004f24', 'Contractual modifications require authorization from designated Contracting Officers to be legally binding and payable.'),
  ('30000000-0000-4000-8000-0000000013c9', '40000000-0000-4000-8000-000000004f25', 'Formal Lien Waivers and Certificates of Completion ensure no outstanding subcontractor liens or unresolved liability claims remain.'),
  ('30000000-0000-4000-8000-0000000013ca', '40000000-0000-4000-8000-000000004f2a', 'Uncertain scopes suit CPIF or T&M with a Not-To-Exceed ceiling to share risk fairly without contractor cost-cutting.'),
  ('30000000-0000-4000-8000-0000000013cb', '40000000-0000-4000-8000-000000004f2f', 'At 5 years: Build = $200k + 5($10k) = $250k. SaaS = 5($50k) = $250k. Break-even occurs at 5 years.'),
  ('30000000-0000-4000-8000-0000000013cc', '40000000-0000-4000-8000-000000004f34', 'Abnormally low bids risk contractor default or claims; buyers must audit price reasonableness and scope comprehension before award.'),
  ('30000000-0000-4000-8000-0000000013cd', '40000000-0000-4000-8000-000000004f35', 'Contractual modifications require authorization from designated Contracting Officers to be legally binding and payable.'),
  ('30000000-0000-4000-8000-0000000013ce', '40000000-0000-4000-8000-000000004f3a', 'Formal Lien Waivers and Certificates of Completion ensure no outstanding subcontractor liens or unresolved liability claims remain.'),
  ('30000000-0000-4000-8000-0000000013cf', '40000000-0000-4000-8000-000000004f3f', 'Uncertain scopes suit CPIF or T&M with a Not-To-Exceed ceiling to share risk fairly without contractor cost-cutting.'),
  ('30000000-0000-4000-8000-0000000013d0', '40000000-0000-4000-8000-000000004f44', 'At 5 years: Build = $200k + 5($10k) = $250k. SaaS = 5($50k) = $250k. Break-even occurs at 5 years.'),
  ('30000000-0000-4000-8000-0000000013d1', '40000000-0000-4000-8000-000000004f45', 'Abnormally low bids risk contractor default or claims; buyers must audit price reasonableness and scope comprehension before award.'),
  ('30000000-0000-4000-8000-0000000013d2', '40000000-0000-4000-8000-000000004f4a', 'Contractual modifications require authorization from designated Contracting Officers to be legally binding and payable.'),
  ('30000000-0000-4000-8000-0000000013d3', '40000000-0000-4000-8000-000000004f4f', 'Formal Lien Waivers and Certificates of Completion ensure no outstanding subcontractor liens or unresolved liability claims remain.')
on conflict (question_id) do update
set correct_option_id = excluded.correct_option_id,
    explanation = excluded.explanation,
    updated_at = now();

commit;
