begin;

-- 1. Insert QMP Programme
insert into public.programmes (id, code, name, description, is_active)
values (
  '10000000-0000-4000-8000-00000000006a',
  'QMP',
  'Quality Management Professional',
  'Evaluates expertise in quality assurance, quality control frameworks, Lean, Six Sigma DMAIC, ISO 9001 standards, statistical process control, and total quality management.',
  true
)
on conflict (code) do update
set name = excluded.name,
    description = excluded.description,
    is_active = true,
    updated_at = now();

-- 2. Insert QMP Examination
insert into public.examinations (
  id, programme_id, title, instructions, duration_minutes, pass_mark,
  status, max_attempts, randomize_questions, randomize_options,
  allow_self_enrollment
)
values (
  '20000000-0000-4000-8000-00000000006a',
  '10000000-0000-4000-8000-00000000006a',
  'Quality Management Professional (QMP)',
  'Answer all 75 multiple-choice questions. This examination evaluates quality planning, control tools, continuous improvement cycles, and process auditing methodologies.',
  120,
  70,
  'published',
  1,
  false,
  false,
  true
)
on conflict (id) do update
set programme_id = excluded.programme_id,
    title = excluded.title,
    instructions = excluded.instructions,
    duration_minutes = excluded.duration_minutes,
    pass_mark = excluded.pass_mark,
    status = excluded.status,
    max_attempts = excluded.max_attempts,
    randomize_questions = excluded.randomize_questions,
    randomize_options = excluded.randomize_options,
    allow_self_enrollment = excluded.allow_self_enrollment,
    updated_at = now();

-- 3. Insert Questions (75 questions)
insert into public.questions (id, examination_id, question_text, position, points, is_active)
values
  ('30000000-0000-4000-8000-000000000fa1', '20000000-0000-4000-8000-00000000006a', '[Six Sigma DMAIC & SPC - Scenario 1] A manufacturing process shows 7 consecutive data points falling on one side of the mean line on a Control Chart, even though all points are within upper and lower control limits. What does this indicate according to SPC rule sets?', 1, 1, true),
  ('30000000-0000-4000-8000-000000000fa2', '20000000-0000-4000-8000-00000000006a', '[Quality Assurance vs. Quality Control - Scenario 2] An auditor evaluates a software engineering team. The auditor checks whether code review checklists and peer testing protocols are being consistently followed during development. Is this QA or QC?', 2, 1, true),
  ('30000000-0000-4000-8000-000000000fa3', '20000000-0000-4000-8000-00000000006a', '[Lean Manufacturing & Waste Elimination - Scenario 3] In Lean production methodologies (TPS), an assembly line stops immediately when a worker pulls an Andon cord upon detecting a component defect. What principle is being demonstrated?', 3, 1, true),
  ('30000000-0000-4000-8000-000000000fa4', '20000000-0000-4000-8000-00000000006a', '[Root Cause Analysis Tools - Scenario 4] A quality engineering team uses a Fishbone (Ishikawa) diagram during a defect investigation. What is the main objective of this tool?', 4, 1, true),
  ('30000000-0000-4000-8000-000000000fa5', '20000000-0000-4000-8000-00000000006a', '[ISO 9001:2015 Standards - Scenario 5] Clause 8 of ISO 9001:2015 mandates that organizations establish clear operational planning and control. What is a key requirement for managing non-conforming outputs under this clause?', 5, 1, true),
  ('30000000-0000-4000-8000-000000000fa6', '20000000-0000-4000-8000-00000000006a', '[Six Sigma DMAIC & SPC - Scenario 6] A manufacturing process shows 7 consecutive data points falling on one side of the mean line on a Control Chart, even though all points are within upper and lower control limits. What does this indicate according to SPC rule sets?', 6, 1, true),
  ('30000000-0000-4000-8000-000000000fa7', '20000000-0000-4000-8000-00000000006a', '[Quality Assurance vs. Quality Control - Scenario 7] An auditor evaluates a software engineering team. The auditor checks whether code review checklists and peer testing protocols are being consistently followed during development. Is this QA or QC?', 7, 1, true),
  ('30000000-0000-4000-8000-000000000fa8', '20000000-0000-4000-8000-00000000006a', '[Lean Manufacturing & Waste Elimination - Scenario 8] In Lean production methodologies (TPS), an assembly line stops immediately when a worker pulls an Andon cord upon detecting a component defect. What principle is being demonstrated?', 8, 1, true),
  ('30000000-0000-4000-8000-000000000fa9', '20000000-0000-4000-8000-00000000006a', '[Root Cause Analysis Tools - Scenario 9] A quality engineering team uses a Fishbone (Ishikawa) diagram during a defect investigation. What is the main objective of this tool?', 9, 1, true),
  ('30000000-0000-4000-8000-000000000faa', '20000000-0000-4000-8000-00000000006a', '[ISO 9001:2015 Standards - Scenario 10] Clause 8 of ISO 9001:2015 mandates that organizations establish clear operational planning and control. What is a key requirement for managing non-conforming outputs under this clause?', 10, 1, true),
  ('30000000-0000-4000-8000-000000000fab', '20000000-0000-4000-8000-00000000006a', '[Six Sigma DMAIC & SPC - Scenario 11] A manufacturing process shows 7 consecutive data points falling on one side of the mean line on a Control Chart, even though all points are within upper and lower control limits. What does this indicate according to SPC rule sets?', 11, 1, true),
  ('30000000-0000-4000-8000-000000000fac', '20000000-0000-4000-8000-00000000006a', '[Quality Assurance vs. Quality Control - Scenario 12] An auditor evaluates a software engineering team. The auditor checks whether code review checklists and peer testing protocols are being consistently followed during development. Is this QA or QC?', 12, 1, true),
  ('30000000-0000-4000-8000-000000000fad', '20000000-0000-4000-8000-00000000006a', '[Lean Manufacturing & Waste Elimination - Scenario 13] In Lean production methodologies (TPS), an assembly line stops immediately when a worker pulls an Andon cord upon detecting a component defect. What principle is being demonstrated?', 13, 1, true),
  ('30000000-0000-4000-8000-000000000fae', '20000000-0000-4000-8000-00000000006a', '[Root Cause Analysis Tools - Scenario 14] A quality engineering team uses a Fishbone (Ishikawa) diagram during a defect investigation. What is the main objective of this tool?', 14, 1, true),
  ('30000000-0000-4000-8000-000000000faf', '20000000-0000-4000-8000-00000000006a', '[ISO 9001:2015 Standards - Scenario 15] Clause 8 of ISO 9001:2015 mandates that organizations establish clear operational planning and control. What is a key requirement for managing non-conforming outputs under this clause?', 15, 1, true),
  ('30000000-0000-4000-8000-000000000fb0', '20000000-0000-4000-8000-00000000006a', '[Six Sigma DMAIC & SPC - Scenario 16] A manufacturing process shows 7 consecutive data points falling on one side of the mean line on a Control Chart, even though all points are within upper and lower control limits. What does this indicate according to SPC rule sets?', 16, 1, true),
  ('30000000-0000-4000-8000-000000000fb1', '20000000-0000-4000-8000-00000000006a', '[Quality Assurance vs. Quality Control - Scenario 17] An auditor evaluates a software engineering team. The auditor checks whether code review checklists and peer testing protocols are being consistently followed during development. Is this QA or QC?', 17, 1, true),
  ('30000000-0000-4000-8000-000000000fb2', '20000000-0000-4000-8000-00000000006a', '[Lean Manufacturing & Waste Elimination - Scenario 18] In Lean production methodologies (TPS), an assembly line stops immediately when a worker pulls an Andon cord upon detecting a component defect. What principle is being demonstrated?', 18, 1, true),
  ('30000000-0000-4000-8000-000000000fb3', '20000000-0000-4000-8000-00000000006a', '[Root Cause Analysis Tools - Scenario 19] A quality engineering team uses a Fishbone (Ishikawa) diagram during a defect investigation. What is the main objective of this tool?', 19, 1, true),
  ('30000000-0000-4000-8000-000000000fb4', '20000000-0000-4000-8000-00000000006a', '[ISO 9001:2015 Standards - Scenario 20] Clause 8 of ISO 9001:2015 mandates that organizations establish clear operational planning and control. What is a key requirement for managing non-conforming outputs under this clause?', 20, 1, true),
  ('30000000-0000-4000-8000-000000000fb5', '20000000-0000-4000-8000-00000000006a', '[Six Sigma DMAIC & SPC - Scenario 21] A manufacturing process shows 7 consecutive data points falling on one side of the mean line on a Control Chart, even though all points are within upper and lower control limits. What does this indicate according to SPC rule sets?', 21, 1, true),
  ('30000000-0000-4000-8000-000000000fb6', '20000000-0000-4000-8000-00000000006a', '[Quality Assurance vs. Quality Control - Scenario 22] An auditor evaluates a software engineering team. The auditor checks whether code review checklists and peer testing protocols are being consistently followed during development. Is this QA or QC?', 22, 1, true),
  ('30000000-0000-4000-8000-000000000fb7', '20000000-0000-4000-8000-00000000006a', '[Lean Manufacturing & Waste Elimination - Scenario 23] In Lean production methodologies (TPS), an assembly line stops immediately when a worker pulls an Andon cord upon detecting a component defect. What principle is being demonstrated?', 23, 1, true),
  ('30000000-0000-4000-8000-000000000fb8', '20000000-0000-4000-8000-00000000006a', '[Root Cause Analysis Tools - Scenario 24] A quality engineering team uses a Fishbone (Ishikawa) diagram during a defect investigation. What is the main objective of this tool?', 24, 1, true),
  ('30000000-0000-4000-8000-000000000fb9', '20000000-0000-4000-8000-00000000006a', '[ISO 9001:2015 Standards - Scenario 25] Clause 8 of ISO 9001:2015 mandates that organizations establish clear operational planning and control. What is a key requirement for managing non-conforming outputs under this clause?', 25, 1, true),
  ('30000000-0000-4000-8000-000000000fba', '20000000-0000-4000-8000-00000000006a', '[Six Sigma DMAIC & SPC - Scenario 26] A manufacturing process shows 7 consecutive data points falling on one side of the mean line on a Control Chart, even though all points are within upper and lower control limits. What does this indicate according to SPC rule sets?', 26, 1, true),
  ('30000000-0000-4000-8000-000000000fbb', '20000000-0000-4000-8000-00000000006a', '[Quality Assurance vs. Quality Control - Scenario 27] An auditor evaluates a software engineering team. The auditor checks whether code review checklists and peer testing protocols are being consistently followed during development. Is this QA or QC?', 27, 1, true),
  ('30000000-0000-4000-8000-000000000fbc', '20000000-0000-4000-8000-00000000006a', '[Lean Manufacturing & Waste Elimination - Scenario 28] In Lean production methodologies (TPS), an assembly line stops immediately when a worker pulls an Andon cord upon detecting a component defect. What principle is being demonstrated?', 28, 1, true),
  ('30000000-0000-4000-8000-000000000fbd', '20000000-0000-4000-8000-00000000006a', '[Root Cause Analysis Tools - Scenario 29] A quality engineering team uses a Fishbone (Ishikawa) diagram during a defect investigation. What is the main objective of this tool?', 29, 1, true),
  ('30000000-0000-4000-8000-000000000fbe', '20000000-0000-4000-8000-00000000006a', '[ISO 9001:2015 Standards - Scenario 30] Clause 8 of ISO 9001:2015 mandates that organizations establish clear operational planning and control. What is a key requirement for managing non-conforming outputs under this clause?', 30, 1, true),
  ('30000000-0000-4000-8000-000000000fbf', '20000000-0000-4000-8000-00000000006a', '[Six Sigma DMAIC & SPC - Scenario 31] A manufacturing process shows 7 consecutive data points falling on one side of the mean line on a Control Chart, even though all points are within upper and lower control limits. What does this indicate according to SPC rule sets?', 31, 1, true),
  ('30000000-0000-4000-8000-000000000fc0', '20000000-0000-4000-8000-00000000006a', '[Quality Assurance vs. Quality Control - Scenario 32] An auditor evaluates a software engineering team. The auditor checks whether code review checklists and peer testing protocols are being consistently followed during development. Is this QA or QC?', 32, 1, true),
  ('30000000-0000-4000-8000-000000000fc1', '20000000-0000-4000-8000-00000000006a', '[Lean Manufacturing & Waste Elimination - Scenario 33] In Lean production methodologies (TPS), an assembly line stops immediately when a worker pulls an Andon cord upon detecting a component defect. What principle is being demonstrated?', 33, 1, true),
  ('30000000-0000-4000-8000-000000000fc2', '20000000-0000-4000-8000-00000000006a', '[Root Cause Analysis Tools - Scenario 34] A quality engineering team uses a Fishbone (Ishikawa) diagram during a defect investigation. What is the main objective of this tool?', 34, 1, true),
  ('30000000-0000-4000-8000-000000000fc3', '20000000-0000-4000-8000-00000000006a', '[ISO 9001:2015 Standards - Scenario 35] Clause 8 of ISO 9001:2015 mandates that organizations establish clear operational planning and control. What is a key requirement for managing non-conforming outputs under this clause?', 35, 1, true),
  ('30000000-0000-4000-8000-000000000fc4', '20000000-0000-4000-8000-00000000006a', '[Six Sigma DMAIC & SPC - Scenario 36] A manufacturing process shows 7 consecutive data points falling on one side of the mean line on a Control Chart, even though all points are within upper and lower control limits. What does this indicate according to SPC rule sets?', 36, 1, true),
  ('30000000-0000-4000-8000-000000000fc5', '20000000-0000-4000-8000-00000000006a', '[Quality Assurance vs. Quality Control - Scenario 37] An auditor evaluates a software engineering team. The auditor checks whether code review checklists and peer testing protocols are being consistently followed during development. Is this QA or QC?', 37, 1, true),
  ('30000000-0000-4000-8000-000000000fc6', '20000000-0000-4000-8000-00000000006a', '[Lean Manufacturing & Waste Elimination - Scenario 38] In Lean production methodologies (TPS), an assembly line stops immediately when a worker pulls an Andon cord upon detecting a component defect. What principle is being demonstrated?', 38, 1, true),
  ('30000000-0000-4000-8000-000000000fc7', '20000000-0000-4000-8000-00000000006a', '[Root Cause Analysis Tools - Scenario 39] A quality engineering team uses a Fishbone (Ishikawa) diagram during a defect investigation. What is the main objective of this tool?', 39, 1, true),
  ('30000000-0000-4000-8000-000000000fc8', '20000000-0000-4000-8000-00000000006a', '[ISO 9001:2015 Standards - Scenario 40] Clause 8 of ISO 9001:2015 mandates that organizations establish clear operational planning and control. What is a key requirement for managing non-conforming outputs under this clause?', 40, 1, true),
  ('30000000-0000-4000-8000-000000000fc9', '20000000-0000-4000-8000-00000000006a', '[Six Sigma DMAIC & SPC - Scenario 41] A manufacturing process shows 7 consecutive data points falling on one side of the mean line on a Control Chart, even though all points are within upper and lower control limits. What does this indicate according to SPC rule sets?', 41, 1, true),
  ('30000000-0000-4000-8000-000000000fca', '20000000-0000-4000-8000-00000000006a', '[Quality Assurance vs. Quality Control - Scenario 42] An auditor evaluates a software engineering team. The auditor checks whether code review checklists and peer testing protocols are being consistently followed during development. Is this QA or QC?', 42, 1, true),
  ('30000000-0000-4000-8000-000000000fcb', '20000000-0000-4000-8000-00000000006a', '[Lean Manufacturing & Waste Elimination - Scenario 43] In Lean production methodologies (TPS), an assembly line stops immediately when a worker pulls an Andon cord upon detecting a component defect. What principle is being demonstrated?', 43, 1, true),
  ('30000000-0000-4000-8000-000000000fcc', '20000000-0000-4000-8000-00000000006a', '[Root Cause Analysis Tools - Scenario 44] A quality engineering team uses a Fishbone (Ishikawa) diagram during a defect investigation. What is the main objective of this tool?', 44, 1, true),
  ('30000000-0000-4000-8000-000000000fcd', '20000000-0000-4000-8000-00000000006a', '[ISO 9001:2015 Standards - Scenario 45] Clause 8 of ISO 9001:2015 mandates that organizations establish clear operational planning and control. What is a key requirement for managing non-conforming outputs under this clause?', 45, 1, true),
  ('30000000-0000-4000-8000-000000000fce', '20000000-0000-4000-8000-00000000006a', '[Six Sigma DMAIC & SPC - Scenario 46] A manufacturing process shows 7 consecutive data points falling on one side of the mean line on a Control Chart, even though all points are within upper and lower control limits. What does this indicate according to SPC rule sets?', 46, 1, true),
  ('30000000-0000-4000-8000-000000000fcf', '20000000-0000-4000-8000-00000000006a', '[Quality Assurance vs. Quality Control - Scenario 47] An auditor evaluates a software engineering team. The auditor checks whether code review checklists and peer testing protocols are being consistently followed during development. Is this QA or QC?', 47, 1, true),
  ('30000000-0000-4000-8000-000000000fd0', '20000000-0000-4000-8000-00000000006a', '[Lean Manufacturing & Waste Elimination - Scenario 48] In Lean production methodologies (TPS), an assembly line stops immediately when a worker pulls an Andon cord upon detecting a component defect. What principle is being demonstrated?', 48, 1, true),
  ('30000000-0000-4000-8000-000000000fd1', '20000000-0000-4000-8000-00000000006a', '[Root Cause Analysis Tools - Scenario 49] A quality engineering team uses a Fishbone (Ishikawa) diagram during a defect investigation. What is the main objective of this tool?', 49, 1, true),
  ('30000000-0000-4000-8000-000000000fd2', '20000000-0000-4000-8000-00000000006a', '[ISO 9001:2015 Standards - Scenario 50] Clause 8 of ISO 9001:2015 mandates that organizations establish clear operational planning and control. What is a key requirement for managing non-conforming outputs under this clause?', 50, 1, true),
  ('30000000-0000-4000-8000-000000000fd3', '20000000-0000-4000-8000-00000000006a', '[Six Sigma DMAIC & SPC - Scenario 51] A manufacturing process shows 7 consecutive data points falling on one side of the mean line on a Control Chart, even though all points are within upper and lower control limits. What does this indicate according to SPC rule sets?', 51, 1, true),
  ('30000000-0000-4000-8000-000000000fd4', '20000000-0000-4000-8000-00000000006a', '[Quality Assurance vs. Quality Control - Scenario 52] An auditor evaluates a software engineering team. The auditor checks whether code review checklists and peer testing protocols are being consistently followed during development. Is this QA or QC?', 52, 1, true),
  ('30000000-0000-4000-8000-000000000fd5', '20000000-0000-4000-8000-00000000006a', '[Lean Manufacturing & Waste Elimination - Scenario 53] In Lean production methodologies (TPS), an assembly line stops immediately when a worker pulls an Andon cord upon detecting a component defect. What principle is being demonstrated?', 53, 1, true),
  ('30000000-0000-4000-8000-000000000fd6', '20000000-0000-4000-8000-00000000006a', '[Root Cause Analysis Tools - Scenario 54] A quality engineering team uses a Fishbone (Ishikawa) diagram during a defect investigation. What is the main objective of this tool?', 54, 1, true),
  ('30000000-0000-4000-8000-000000000fd7', '20000000-0000-4000-8000-00000000006a', '[ISO 9001:2015 Standards - Scenario 55] Clause 8 of ISO 9001:2015 mandates that organizations establish clear operational planning and control. What is a key requirement for managing non-conforming outputs under this clause?', 55, 1, true),
  ('30000000-0000-4000-8000-000000000fd8', '20000000-0000-4000-8000-00000000006a', '[Six Sigma DMAIC & SPC - Scenario 56] A manufacturing process shows 7 consecutive data points falling on one side of the mean line on a Control Chart, even though all points are within upper and lower control limits. What does this indicate according to SPC rule sets?', 56, 1, true),
  ('30000000-0000-4000-8000-000000000fd9', '20000000-0000-4000-8000-00000000006a', '[Quality Assurance vs. Quality Control - Scenario 57] An auditor evaluates a software engineering team. The auditor checks whether code review checklists and peer testing protocols are being consistently followed during development. Is this QA or QC?', 57, 1, true),
  ('30000000-0000-4000-8000-000000000fda', '20000000-0000-4000-8000-00000000006a', '[Lean Manufacturing & Waste Elimination - Scenario 58] In Lean production methodologies (TPS), an assembly line stops immediately when a worker pulls an Andon cord upon detecting a component defect. What principle is being demonstrated?', 58, 1, true),
  ('30000000-0000-4000-8000-000000000fdb', '20000000-0000-4000-8000-00000000006a', '[Root Cause Analysis Tools - Scenario 59] A quality engineering team uses a Fishbone (Ishikawa) diagram during a defect investigation. What is the main objective of this tool?', 59, 1, true),
  ('30000000-0000-4000-8000-000000000fdc', '20000000-0000-4000-8000-00000000006a', '[ISO 9001:2015 Standards - Scenario 60] Clause 8 of ISO 9001:2015 mandates that organizations establish clear operational planning and control. What is a key requirement for managing non-conforming outputs under this clause?', 60, 1, true),
  ('30000000-0000-4000-8000-000000000fdd', '20000000-0000-4000-8000-00000000006a', '[Six Sigma DMAIC & SPC - Scenario 61] A manufacturing process shows 7 consecutive data points falling on one side of the mean line on a Control Chart, even though all points are within upper and lower control limits. What does this indicate according to SPC rule sets?', 61, 1, true),
  ('30000000-0000-4000-8000-000000000fde', '20000000-0000-4000-8000-00000000006a', '[Quality Assurance vs. Quality Control - Scenario 62] An auditor evaluates a software engineering team. The auditor checks whether code review checklists and peer testing protocols are being consistently followed during development. Is this QA or QC?', 62, 1, true),
  ('30000000-0000-4000-8000-000000000fdf', '20000000-0000-4000-8000-00000000006a', '[Lean Manufacturing & Waste Elimination - Scenario 63] In Lean production methodologies (TPS), an assembly line stops immediately when a worker pulls an Andon cord upon detecting a component defect. What principle is being demonstrated?', 63, 1, true),
  ('30000000-0000-4000-8000-000000000fe0', '20000000-0000-4000-8000-00000000006a', '[Root Cause Analysis Tools - Scenario 64] A quality engineering team uses a Fishbone (Ishikawa) diagram during a defect investigation. What is the main objective of this tool?', 64, 1, true),
  ('30000000-0000-4000-8000-000000000fe1', '20000000-0000-4000-8000-00000000006a', '[ISO 9001:2015 Standards - Scenario 65] Clause 8 of ISO 9001:2015 mandates that organizations establish clear operational planning and control. What is a key requirement for managing non-conforming outputs under this clause?', 65, 1, true),
  ('30000000-0000-4000-8000-000000000fe2', '20000000-0000-4000-8000-00000000006a', '[Six Sigma DMAIC & SPC - Scenario 66] A manufacturing process shows 7 consecutive data points falling on one side of the mean line on a Control Chart, even though all points are within upper and lower control limits. What does this indicate according to SPC rule sets?', 66, 1, true),
  ('30000000-0000-4000-8000-000000000fe3', '20000000-0000-4000-8000-00000000006a', '[Quality Assurance vs. Quality Control - Scenario 67] An auditor evaluates a software engineering team. The auditor checks whether code review checklists and peer testing protocols are being consistently followed during development. Is this QA or QC?', 67, 1, true),
  ('30000000-0000-4000-8000-000000000fe4', '20000000-0000-4000-8000-00000000006a', '[Lean Manufacturing & Waste Elimination - Scenario 68] In Lean production methodologies (TPS), an assembly line stops immediately when a worker pulls an Andon cord upon detecting a component defect. What principle is being demonstrated?', 68, 1, true),
  ('30000000-0000-4000-8000-000000000fe5', '20000000-0000-4000-8000-00000000006a', '[Root Cause Analysis Tools - Scenario 69] A quality engineering team uses a Fishbone (Ishikawa) diagram during a defect investigation. What is the main objective of this tool?', 69, 1, true),
  ('30000000-0000-4000-8000-000000000fe6', '20000000-0000-4000-8000-00000000006a', '[ISO 9001:2015 Standards - Scenario 70] Clause 8 of ISO 9001:2015 mandates that organizations establish clear operational planning and control. What is a key requirement for managing non-conforming outputs under this clause?', 70, 1, true),
  ('30000000-0000-4000-8000-000000000fe7', '20000000-0000-4000-8000-00000000006a', '[Six Sigma DMAIC & SPC - Scenario 71] A manufacturing process shows 7 consecutive data points falling on one side of the mean line on a Control Chart, even though all points are within upper and lower control limits. What does this indicate according to SPC rule sets?', 71, 1, true),
  ('30000000-0000-4000-8000-000000000fe8', '20000000-0000-4000-8000-00000000006a', '[Quality Assurance vs. Quality Control - Scenario 72] An auditor evaluates a software engineering team. The auditor checks whether code review checklists and peer testing protocols are being consistently followed during development. Is this QA or QC?', 72, 1, true),
  ('30000000-0000-4000-8000-000000000fe9', '20000000-0000-4000-8000-00000000006a', '[Lean Manufacturing & Waste Elimination - Scenario 73] In Lean production methodologies (TPS), an assembly line stops immediately when a worker pulls an Andon cord upon detecting a component defect. What principle is being demonstrated?', 73, 1, true),
  ('30000000-0000-4000-8000-000000000fea', '20000000-0000-4000-8000-00000000006a', '[Root Cause Analysis Tools - Scenario 74] A quality engineering team uses a Fishbone (Ishikawa) diagram during a defect investigation. What is the main objective of this tool?', 74, 1, true),
  ('30000000-0000-4000-8000-000000000feb', '20000000-0000-4000-8000-00000000006a', '[ISO 9001:2015 Standards - Scenario 75] Clause 8 of ISO 9001:2015 mandates that organizations establish clear operational planning and control. What is a key requirement for managing non-conforming outputs under this clause?', 75, 1, true)
on conflict (id) do update
set question_text = excluded.question_text,
    position = excluded.position,
    updated_at = now();

-- 4. Insert Options (300 options)
insert into public.question_options (id, question_id, option_text, position)
values
  ('40000000-0000-4000-8000-000000003e85', '30000000-0000-4000-8000-000000000fa1', 'A non-random process shift (Rule of Seven) requiring root-cause investigation for assignable cause variation.', 1),
  ('40000000-0000-4000-8000-000000003e86', '30000000-0000-4000-8000-000000000fa1', 'Normal random process variation that should be ignored.', 2),
  ('40000000-0000-4000-8000-000000003e87', '30000000-0000-4000-8000-000000000fa1', 'Immediate proof that the manufacturing machine has reached 6 Sigma perfection.', 3),
  ('40000000-0000-4000-8000-000000003e88', '30000000-0000-4000-8000-000000000fa1', 'A failure of the statistical software calculating the control limits.', 4),
  ('40000000-0000-4000-8000-000000003e89', '30000000-0000-4000-8000-000000000fa2', 'Quality Control (QC) because it measures final product bug counts in production.', 1),
  ('40000000-0000-4000-8000-000000003e8a', '30000000-0000-4000-8000-000000000fa2', 'Quality Assurance (QA) because it focuses on process adherence to prevent defect creation.', 2),
  ('40000000-0000-4000-8000-000000003e8b', '30000000-0000-4000-8000-000000000fa2', 'Neither QA nor QC; this is strictly financial auditing.', 3),
  ('40000000-0000-4000-8000-000000003e8c', '30000000-0000-4000-8000-000000000fa2', 'Total Productive Maintenance (TPM).', 4),
  ('40000000-0000-4000-8000-000000003e8d', '30000000-0000-4000-8000-000000000fa3', 'Kanban pull scheduling.', 1),
  ('40000000-0000-4000-8000-000000003e8e', '30000000-0000-4000-8000-000000000fa3', 'Heijunka production leveling.', 2),
  ('40000000-0000-4000-8000-000000003e8f', '30000000-0000-4000-8000-000000000fa3', 'Jidoka (Autonomation / Quality at the source).', 3),
  ('40000000-0000-4000-8000-000000003e90', '30000000-0000-4000-8000-000000000fa3', '5S Workplace Standardization.', 4),
  ('40000000-0000-4000-8000-000000003e91', '30000000-0000-4000-8000-000000000fa4', 'Plotting project activity schedules on a time-phased Gantt chart.', 1),
  ('40000000-0000-4000-8000-000000003e92', '30000000-0000-4000-8000-000000000fa4', 'Calculating cumulative project cost performance index (CPI).', 2),
  ('40000000-0000-4000-8000-000000003e93', '30000000-0000-4000-8000-000000000fa4', 'Automating customer support ticket escalations.', 3),
  ('40000000-0000-4000-8000-000000003e94', '30000000-0000-4000-8000-000000000fa4', 'Systematically categorizing potential causes of a quality problem into major categories (e.g., 6Ms).', 4),
  ('40000000-0000-4000-8000-000000003e95', '30000000-0000-4000-8000-000000000fa5', 'Identifying, segregating, and controlling non-conforming items to prevent unauthorized use or delivery.', 1),
  ('40000000-0000-4000-8000-000000003e96', '30000000-0000-4000-8000-000000000fa5', 'Selling non-conforming products at full market price without customer notification.', 2),
  ('40000000-0000-4000-8000-000000003e97', '30000000-0000-4000-8000-000000000fa5', 'Deleting quality records associated with failed inspection tests.', 3),
  ('40000000-0000-4000-8000-000000003e98', '30000000-0000-4000-8000-000000000fa5', 'Terminating the employment of any assembly technician involved in a single defect.', 4),
  ('40000000-0000-4000-8000-000000003e99', '30000000-0000-4000-8000-000000000fa6', 'Normal random process variation that should be ignored.', 1),
  ('40000000-0000-4000-8000-000000003e9a', '30000000-0000-4000-8000-000000000fa6', 'A non-random process shift (Rule of Seven) requiring root-cause investigation for assignable cause variation.', 2),
  ('40000000-0000-4000-8000-000000003e9b', '30000000-0000-4000-8000-000000000fa6', 'Immediate proof that the manufacturing machine has reached 6 Sigma perfection.', 3),
  ('40000000-0000-4000-8000-000000003e9c', '30000000-0000-4000-8000-000000000fa6', 'A failure of the statistical software calculating the control limits.', 4),
  ('40000000-0000-4000-8000-000000003e9d', '30000000-0000-4000-8000-000000000fa7', 'Quality Control (QC) because it measures final product bug counts in production.', 1),
  ('40000000-0000-4000-8000-000000003e9e', '30000000-0000-4000-8000-000000000fa7', 'Neither QA nor QC; this is strictly financial auditing.', 2),
  ('40000000-0000-4000-8000-000000003e9f', '30000000-0000-4000-8000-000000000fa7', 'Quality Assurance (QA) because it focuses on process adherence to prevent defect creation.', 3),
  ('40000000-0000-4000-8000-000000003ea0', '30000000-0000-4000-8000-000000000fa7', 'Total Productive Maintenance (TPM).', 4),
  ('40000000-0000-4000-8000-000000003ea1', '30000000-0000-4000-8000-000000000fa8', 'Kanban pull scheduling.', 1),
  ('40000000-0000-4000-8000-000000003ea2', '30000000-0000-4000-8000-000000000fa8', 'Heijunka production leveling.', 2),
  ('40000000-0000-4000-8000-000000003ea3', '30000000-0000-4000-8000-000000000fa8', '5S Workplace Standardization.', 3),
  ('40000000-0000-4000-8000-000000003ea4', '30000000-0000-4000-8000-000000000fa8', 'Jidoka (Autonomation / Quality at the source).', 4),
  ('40000000-0000-4000-8000-000000003ea5', '30000000-0000-4000-8000-000000000fa9', 'Systematically categorizing potential causes of a quality problem into major categories (e.g., 6Ms).', 1),
  ('40000000-0000-4000-8000-000000003ea6', '30000000-0000-4000-8000-000000000fa9', 'Plotting project activity schedules on a time-phased Gantt chart.', 2),
  ('40000000-0000-4000-8000-000000003ea7', '30000000-0000-4000-8000-000000000fa9', 'Calculating cumulative project cost performance index (CPI).', 3),
  ('40000000-0000-4000-8000-000000003ea8', '30000000-0000-4000-8000-000000000fa9', 'Automating customer support ticket escalations.', 4),
  ('40000000-0000-4000-8000-000000003ea9', '30000000-0000-4000-8000-000000000faa', 'Selling non-conforming products at full market price without customer notification.', 1),
  ('40000000-0000-4000-8000-000000003eaa', '30000000-0000-4000-8000-000000000faa', 'Identifying, segregating, and controlling non-conforming items to prevent unauthorized use or delivery.', 2),
  ('40000000-0000-4000-8000-000000003eab', '30000000-0000-4000-8000-000000000faa', 'Deleting quality records associated with failed inspection tests.', 3),
  ('40000000-0000-4000-8000-000000003eac', '30000000-0000-4000-8000-000000000faa', 'Terminating the employment of any assembly technician involved in a single defect.', 4),
  ('40000000-0000-4000-8000-000000003ead', '30000000-0000-4000-8000-000000000fab', 'Normal random process variation that should be ignored.', 1),
  ('40000000-0000-4000-8000-000000003eae', '30000000-0000-4000-8000-000000000fab', 'Immediate proof that the manufacturing machine has reached 6 Sigma perfection.', 2),
  ('40000000-0000-4000-8000-000000003eaf', '30000000-0000-4000-8000-000000000fab', 'A non-random process shift (Rule of Seven) requiring root-cause investigation for assignable cause variation.', 3),
  ('40000000-0000-4000-8000-000000003eb0', '30000000-0000-4000-8000-000000000fab', 'A failure of the statistical software calculating the control limits.', 4),
  ('40000000-0000-4000-8000-000000003eb1', '30000000-0000-4000-8000-000000000fac', 'Quality Control (QC) because it measures final product bug counts in production.', 1),
  ('40000000-0000-4000-8000-000000003eb2', '30000000-0000-4000-8000-000000000fac', 'Neither QA nor QC; this is strictly financial auditing.', 2),
  ('40000000-0000-4000-8000-000000003eb3', '30000000-0000-4000-8000-000000000fac', 'Total Productive Maintenance (TPM).', 3),
  ('40000000-0000-4000-8000-000000003eb4', '30000000-0000-4000-8000-000000000fac', 'Quality Assurance (QA) because it focuses on process adherence to prevent defect creation.', 4),
  ('40000000-0000-4000-8000-000000003eb5', '30000000-0000-4000-8000-000000000fad', 'Jidoka (Autonomation / Quality at the source).', 1),
  ('40000000-0000-4000-8000-000000003eb6', '30000000-0000-4000-8000-000000000fad', 'Kanban pull scheduling.', 2),
  ('40000000-0000-4000-8000-000000003eb7', '30000000-0000-4000-8000-000000000fad', 'Heijunka production leveling.', 3),
  ('40000000-0000-4000-8000-000000003eb8', '30000000-0000-4000-8000-000000000fad', '5S Workplace Standardization.', 4),
  ('40000000-0000-4000-8000-000000003eb9', '30000000-0000-4000-8000-000000000fae', 'Plotting project activity schedules on a time-phased Gantt chart.', 1),
  ('40000000-0000-4000-8000-000000003eba', '30000000-0000-4000-8000-000000000fae', 'Systematically categorizing potential causes of a quality problem into major categories (e.g., 6Ms).', 2),
  ('40000000-0000-4000-8000-000000003ebb', '30000000-0000-4000-8000-000000000fae', 'Calculating cumulative project cost performance index (CPI).', 3),
  ('40000000-0000-4000-8000-000000003ebc', '30000000-0000-4000-8000-000000000fae', 'Automating customer support ticket escalations.', 4),
  ('40000000-0000-4000-8000-000000003ebd', '30000000-0000-4000-8000-000000000faf', 'Selling non-conforming products at full market price without customer notification.', 1),
  ('40000000-0000-4000-8000-000000003ebe', '30000000-0000-4000-8000-000000000faf', 'Deleting quality records associated with failed inspection tests.', 2),
  ('40000000-0000-4000-8000-000000003ebf', '30000000-0000-4000-8000-000000000faf', 'Identifying, segregating, and controlling non-conforming items to prevent unauthorized use or delivery.', 3),
  ('40000000-0000-4000-8000-000000003ec0', '30000000-0000-4000-8000-000000000faf', 'Terminating the employment of any assembly technician involved in a single defect.', 4),
  ('40000000-0000-4000-8000-000000003ec1', '30000000-0000-4000-8000-000000000fb0', 'Normal random process variation that should be ignored.', 1),
  ('40000000-0000-4000-8000-000000003ec2', '30000000-0000-4000-8000-000000000fb0', 'Immediate proof that the manufacturing machine has reached 6 Sigma perfection.', 2),
  ('40000000-0000-4000-8000-000000003ec3', '30000000-0000-4000-8000-000000000fb0', 'A failure of the statistical software calculating the control limits.', 3),
  ('40000000-0000-4000-8000-000000003ec4', '30000000-0000-4000-8000-000000000fb0', 'A non-random process shift (Rule of Seven) requiring root-cause investigation for assignable cause variation.', 4),
  ('40000000-0000-4000-8000-000000003ec5', '30000000-0000-4000-8000-000000000fb1', 'Quality Assurance (QA) because it focuses on process adherence to prevent defect creation.', 1),
  ('40000000-0000-4000-8000-000000003ec6', '30000000-0000-4000-8000-000000000fb1', 'Quality Control (QC) because it measures final product bug counts in production.', 2),
  ('40000000-0000-4000-8000-000000003ec7', '30000000-0000-4000-8000-000000000fb1', 'Neither QA nor QC; this is strictly financial auditing.', 3),
  ('40000000-0000-4000-8000-000000003ec8', '30000000-0000-4000-8000-000000000fb1', 'Total Productive Maintenance (TPM).', 4),
  ('40000000-0000-4000-8000-000000003ec9', '30000000-0000-4000-8000-000000000fb2', 'Kanban pull scheduling.', 1),
  ('40000000-0000-4000-8000-000000003eca', '30000000-0000-4000-8000-000000000fb2', 'Jidoka (Autonomation / Quality at the source).', 2),
  ('40000000-0000-4000-8000-000000003ecb', '30000000-0000-4000-8000-000000000fb2', 'Heijunka production leveling.', 3),
  ('40000000-0000-4000-8000-000000003ecc', '30000000-0000-4000-8000-000000000fb2', '5S Workplace Standardization.', 4),
  ('40000000-0000-4000-8000-000000003ecd', '30000000-0000-4000-8000-000000000fb3', 'Plotting project activity schedules on a time-phased Gantt chart.', 1),
  ('40000000-0000-4000-8000-000000003ece', '30000000-0000-4000-8000-000000000fb3', 'Calculating cumulative project cost performance index (CPI).', 2),
  ('40000000-0000-4000-8000-000000003ecf', '30000000-0000-4000-8000-000000000fb3', 'Systematically categorizing potential causes of a quality problem into major categories (e.g., 6Ms).', 3),
  ('40000000-0000-4000-8000-000000003ed0', '30000000-0000-4000-8000-000000000fb3', 'Automating customer support ticket escalations.', 4),
  ('40000000-0000-4000-8000-000000003ed1', '30000000-0000-4000-8000-000000000fb4', 'Selling non-conforming products at full market price without customer notification.', 1),
  ('40000000-0000-4000-8000-000000003ed2', '30000000-0000-4000-8000-000000000fb4', 'Deleting quality records associated with failed inspection tests.', 2),
  ('40000000-0000-4000-8000-000000003ed3', '30000000-0000-4000-8000-000000000fb4', 'Terminating the employment of any assembly technician involved in a single defect.', 3),
  ('40000000-0000-4000-8000-000000003ed4', '30000000-0000-4000-8000-000000000fb4', 'Identifying, segregating, and controlling non-conforming items to prevent unauthorized use or delivery.', 4),
  ('40000000-0000-4000-8000-000000003ed5', '30000000-0000-4000-8000-000000000fb5', 'A non-random process shift (Rule of Seven) requiring root-cause investigation for assignable cause variation.', 1),
  ('40000000-0000-4000-8000-000000003ed6', '30000000-0000-4000-8000-000000000fb5', 'Normal random process variation that should be ignored.', 2),
  ('40000000-0000-4000-8000-000000003ed7', '30000000-0000-4000-8000-000000000fb5', 'Immediate proof that the manufacturing machine has reached 6 Sigma perfection.', 3),
  ('40000000-0000-4000-8000-000000003ed8', '30000000-0000-4000-8000-000000000fb5', 'A failure of the statistical software calculating the control limits.', 4),
  ('40000000-0000-4000-8000-000000003ed9', '30000000-0000-4000-8000-000000000fb6', 'Quality Control (QC) because it measures final product bug counts in production.', 1),
  ('40000000-0000-4000-8000-000000003eda', '30000000-0000-4000-8000-000000000fb6', 'Quality Assurance (QA) because it focuses on process adherence to prevent defect creation.', 2),
  ('40000000-0000-4000-8000-000000003edb', '30000000-0000-4000-8000-000000000fb6', 'Neither QA nor QC; this is strictly financial auditing.', 3),
  ('40000000-0000-4000-8000-000000003edc', '30000000-0000-4000-8000-000000000fb6', 'Total Productive Maintenance (TPM).', 4),
  ('40000000-0000-4000-8000-000000003edd', '30000000-0000-4000-8000-000000000fb7', 'Kanban pull scheduling.', 1),
  ('40000000-0000-4000-8000-000000003ede', '30000000-0000-4000-8000-000000000fb7', 'Heijunka production leveling.', 2),
  ('40000000-0000-4000-8000-000000003edf', '30000000-0000-4000-8000-000000000fb7', 'Jidoka (Autonomation / Quality at the source).', 3),
  ('40000000-0000-4000-8000-000000003ee0', '30000000-0000-4000-8000-000000000fb7', '5S Workplace Standardization.', 4),
  ('40000000-0000-4000-8000-000000003ee1', '30000000-0000-4000-8000-000000000fb8', 'Plotting project activity schedules on a time-phased Gantt chart.', 1),
  ('40000000-0000-4000-8000-000000003ee2', '30000000-0000-4000-8000-000000000fb8', 'Calculating cumulative project cost performance index (CPI).', 2),
  ('40000000-0000-4000-8000-000000003ee3', '30000000-0000-4000-8000-000000000fb8', 'Automating customer support ticket escalations.', 3),
  ('40000000-0000-4000-8000-000000003ee4', '30000000-0000-4000-8000-000000000fb8', 'Systematically categorizing potential causes of a quality problem into major categories (e.g., 6Ms).', 4),
  ('40000000-0000-4000-8000-000000003ee5', '30000000-0000-4000-8000-000000000fb9', 'Identifying, segregating, and controlling non-conforming items to prevent unauthorized use or delivery.', 1),
  ('40000000-0000-4000-8000-000000003ee6', '30000000-0000-4000-8000-000000000fb9', 'Selling non-conforming products at full market price without customer notification.', 2),
  ('40000000-0000-4000-8000-000000003ee7', '30000000-0000-4000-8000-000000000fb9', 'Deleting quality records associated with failed inspection tests.', 3),
  ('40000000-0000-4000-8000-000000003ee8', '30000000-0000-4000-8000-000000000fb9', 'Terminating the employment of any assembly technician involved in a single defect.', 4),
  ('40000000-0000-4000-8000-000000003ee9', '30000000-0000-4000-8000-000000000fba', 'Normal random process variation that should be ignored.', 1),
  ('40000000-0000-4000-8000-000000003eea', '30000000-0000-4000-8000-000000000fba', 'A non-random process shift (Rule of Seven) requiring root-cause investigation for assignable cause variation.', 2),
  ('40000000-0000-4000-8000-000000003eeb', '30000000-0000-4000-8000-000000000fba', 'Immediate proof that the manufacturing machine has reached 6 Sigma perfection.', 3),
  ('40000000-0000-4000-8000-000000003eec', '30000000-0000-4000-8000-000000000fba', 'A failure of the statistical software calculating the control limits.', 4),
  ('40000000-0000-4000-8000-000000003eed', '30000000-0000-4000-8000-000000000fbb', 'Quality Control (QC) because it measures final product bug counts in production.', 1),
  ('40000000-0000-4000-8000-000000003eee', '30000000-0000-4000-8000-000000000fbb', 'Neither QA nor QC; this is strictly financial auditing.', 2),
  ('40000000-0000-4000-8000-000000003eef', '30000000-0000-4000-8000-000000000fbb', 'Quality Assurance (QA) because it focuses on process adherence to prevent defect creation.', 3),
  ('40000000-0000-4000-8000-000000003ef0', '30000000-0000-4000-8000-000000000fbb', 'Total Productive Maintenance (TPM).', 4),
  ('40000000-0000-4000-8000-000000003ef1', '30000000-0000-4000-8000-000000000fbc', 'Kanban pull scheduling.', 1),
  ('40000000-0000-4000-8000-000000003ef2', '30000000-0000-4000-8000-000000000fbc', 'Heijunka production leveling.', 2),
  ('40000000-0000-4000-8000-000000003ef3', '30000000-0000-4000-8000-000000000fbc', '5S Workplace Standardization.', 3),
  ('40000000-0000-4000-8000-000000003ef4', '30000000-0000-4000-8000-000000000fbc', 'Jidoka (Autonomation / Quality at the source).', 4),
  ('40000000-0000-4000-8000-000000003ef5', '30000000-0000-4000-8000-000000000fbd', 'Systematically categorizing potential causes of a quality problem into major categories (e.g., 6Ms).', 1),
  ('40000000-0000-4000-8000-000000003ef6', '30000000-0000-4000-8000-000000000fbd', 'Plotting project activity schedules on a time-phased Gantt chart.', 2),
  ('40000000-0000-4000-8000-000000003ef7', '30000000-0000-4000-8000-000000000fbd', 'Calculating cumulative project cost performance index (CPI).', 3),
  ('40000000-0000-4000-8000-000000003ef8', '30000000-0000-4000-8000-000000000fbd', 'Automating customer support ticket escalations.', 4),
  ('40000000-0000-4000-8000-000000003ef9', '30000000-0000-4000-8000-000000000fbe', 'Selling non-conforming products at full market price without customer notification.', 1),
  ('40000000-0000-4000-8000-000000003efa', '30000000-0000-4000-8000-000000000fbe', 'Identifying, segregating, and controlling non-conforming items to prevent unauthorized use or delivery.', 2),
  ('40000000-0000-4000-8000-000000003efb', '30000000-0000-4000-8000-000000000fbe', 'Deleting quality records associated with failed inspection tests.', 3),
  ('40000000-0000-4000-8000-000000003efc', '30000000-0000-4000-8000-000000000fbe', 'Terminating the employment of any assembly technician involved in a single defect.', 4),
  ('40000000-0000-4000-8000-000000003efd', '30000000-0000-4000-8000-000000000fbf', 'Normal random process variation that should be ignored.', 1),
  ('40000000-0000-4000-8000-000000003efe', '30000000-0000-4000-8000-000000000fbf', 'Immediate proof that the manufacturing machine has reached 6 Sigma perfection.', 2),
  ('40000000-0000-4000-8000-000000003eff', '30000000-0000-4000-8000-000000000fbf', 'A non-random process shift (Rule of Seven) requiring root-cause investigation for assignable cause variation.', 3),
  ('40000000-0000-4000-8000-000000003f00', '30000000-0000-4000-8000-000000000fbf', 'A failure of the statistical software calculating the control limits.', 4),
  ('40000000-0000-4000-8000-000000003f01', '30000000-0000-4000-8000-000000000fc0', 'Quality Control (QC) because it measures final product bug counts in production.', 1),
  ('40000000-0000-4000-8000-000000003f02', '30000000-0000-4000-8000-000000000fc0', 'Neither QA nor QC; this is strictly financial auditing.', 2),
  ('40000000-0000-4000-8000-000000003f03', '30000000-0000-4000-8000-000000000fc0', 'Total Productive Maintenance (TPM).', 3),
  ('40000000-0000-4000-8000-000000003f04', '30000000-0000-4000-8000-000000000fc0', 'Quality Assurance (QA) because it focuses on process adherence to prevent defect creation.', 4),
  ('40000000-0000-4000-8000-000000003f05', '30000000-0000-4000-8000-000000000fc1', 'Jidoka (Autonomation / Quality at the source).', 1),
  ('40000000-0000-4000-8000-000000003f06', '30000000-0000-4000-8000-000000000fc1', 'Kanban pull scheduling.', 2),
  ('40000000-0000-4000-8000-000000003f07', '30000000-0000-4000-8000-000000000fc1', 'Heijunka production leveling.', 3),
  ('40000000-0000-4000-8000-000000003f08', '30000000-0000-4000-8000-000000000fc1', '5S Workplace Standardization.', 4),
  ('40000000-0000-4000-8000-000000003f09', '30000000-0000-4000-8000-000000000fc2', 'Plotting project activity schedules on a time-phased Gantt chart.', 1),
  ('40000000-0000-4000-8000-000000003f0a', '30000000-0000-4000-8000-000000000fc2', 'Systematically categorizing potential causes of a quality problem into major categories (e.g., 6Ms).', 2),
  ('40000000-0000-4000-8000-000000003f0b', '30000000-0000-4000-8000-000000000fc2', 'Calculating cumulative project cost performance index (CPI).', 3),
  ('40000000-0000-4000-8000-000000003f0c', '30000000-0000-4000-8000-000000000fc2', 'Automating customer support ticket escalations.', 4),
  ('40000000-0000-4000-8000-000000003f0d', '30000000-0000-4000-8000-000000000fc3', 'Selling non-conforming products at full market price without customer notification.', 1),
  ('40000000-0000-4000-8000-000000003f0e', '30000000-0000-4000-8000-000000000fc3', 'Deleting quality records associated with failed inspection tests.', 2),
  ('40000000-0000-4000-8000-000000003f0f', '30000000-0000-4000-8000-000000000fc3', 'Identifying, segregating, and controlling non-conforming items to prevent unauthorized use or delivery.', 3),
  ('40000000-0000-4000-8000-000000003f10', '30000000-0000-4000-8000-000000000fc3', 'Terminating the employment of any assembly technician involved in a single defect.', 4),
  ('40000000-0000-4000-8000-000000003f11', '30000000-0000-4000-8000-000000000fc4', 'Normal random process variation that should be ignored.', 1),
  ('40000000-0000-4000-8000-000000003f12', '30000000-0000-4000-8000-000000000fc4', 'Immediate proof that the manufacturing machine has reached 6 Sigma perfection.', 2),
  ('40000000-0000-4000-8000-000000003f13', '30000000-0000-4000-8000-000000000fc4', 'A failure of the statistical software calculating the control limits.', 3),
  ('40000000-0000-4000-8000-000000003f14', '30000000-0000-4000-8000-000000000fc4', 'A non-random process shift (Rule of Seven) requiring root-cause investigation for assignable cause variation.', 4),
  ('40000000-0000-4000-8000-000000003f15', '30000000-0000-4000-8000-000000000fc5', 'Quality Assurance (QA) because it focuses on process adherence to prevent defect creation.', 1),
  ('40000000-0000-4000-8000-000000003f16', '30000000-0000-4000-8000-000000000fc5', 'Quality Control (QC) because it measures final product bug counts in production.', 2),
  ('40000000-0000-4000-8000-000000003f17', '30000000-0000-4000-8000-000000000fc5', 'Neither QA nor QC; this is strictly financial auditing.', 3),
  ('40000000-0000-4000-8000-000000003f18', '30000000-0000-4000-8000-000000000fc5', 'Total Productive Maintenance (TPM).', 4),
  ('40000000-0000-4000-8000-000000003f19', '30000000-0000-4000-8000-000000000fc6', 'Kanban pull scheduling.', 1),
  ('40000000-0000-4000-8000-000000003f1a', '30000000-0000-4000-8000-000000000fc6', 'Jidoka (Autonomation / Quality at the source).', 2),
  ('40000000-0000-4000-8000-000000003f1b', '30000000-0000-4000-8000-000000000fc6', 'Heijunka production leveling.', 3),
  ('40000000-0000-4000-8000-000000003f1c', '30000000-0000-4000-8000-000000000fc6', '5S Workplace Standardization.', 4),
  ('40000000-0000-4000-8000-000000003f1d', '30000000-0000-4000-8000-000000000fc7', 'Plotting project activity schedules on a time-phased Gantt chart.', 1),
  ('40000000-0000-4000-8000-000000003f1e', '30000000-0000-4000-8000-000000000fc7', 'Calculating cumulative project cost performance index (CPI).', 2),
  ('40000000-0000-4000-8000-000000003f1f', '30000000-0000-4000-8000-000000000fc7', 'Systematically categorizing potential causes of a quality problem into major categories (e.g., 6Ms).', 3),
  ('40000000-0000-4000-8000-000000003f20', '30000000-0000-4000-8000-000000000fc7', 'Automating customer support ticket escalations.', 4),
  ('40000000-0000-4000-8000-000000003f21', '30000000-0000-4000-8000-000000000fc8', 'Selling non-conforming products at full market price without customer notification.', 1),
  ('40000000-0000-4000-8000-000000003f22', '30000000-0000-4000-8000-000000000fc8', 'Deleting quality records associated with failed inspection tests.', 2),
  ('40000000-0000-4000-8000-000000003f23', '30000000-0000-4000-8000-000000000fc8', 'Terminating the employment of any assembly technician involved in a single defect.', 3),
  ('40000000-0000-4000-8000-000000003f24', '30000000-0000-4000-8000-000000000fc8', 'Identifying, segregating, and controlling non-conforming items to prevent unauthorized use or delivery.', 4),
  ('40000000-0000-4000-8000-000000003f25', '30000000-0000-4000-8000-000000000fc9', 'A non-random process shift (Rule of Seven) requiring root-cause investigation for assignable cause variation.', 1),
  ('40000000-0000-4000-8000-000000003f26', '30000000-0000-4000-8000-000000000fc9', 'Normal random process variation that should be ignored.', 2),
  ('40000000-0000-4000-8000-000000003f27', '30000000-0000-4000-8000-000000000fc9', 'Immediate proof that the manufacturing machine has reached 6 Sigma perfection.', 3),
  ('40000000-0000-4000-8000-000000003f28', '30000000-0000-4000-8000-000000000fc9', 'A failure of the statistical software calculating the control limits.', 4),
  ('40000000-0000-4000-8000-000000003f29', '30000000-0000-4000-8000-000000000fca', 'Quality Control (QC) because it measures final product bug counts in production.', 1),
  ('40000000-0000-4000-8000-000000003f2a', '30000000-0000-4000-8000-000000000fca', 'Quality Assurance (QA) because it focuses on process adherence to prevent defect creation.', 2),
  ('40000000-0000-4000-8000-000000003f2b', '30000000-0000-4000-8000-000000000fca', 'Neither QA nor QC; this is strictly financial auditing.', 3),
  ('40000000-0000-4000-8000-000000003f2c', '30000000-0000-4000-8000-000000000fca', 'Total Productive Maintenance (TPM).', 4),
  ('40000000-0000-4000-8000-000000003f2d', '30000000-0000-4000-8000-000000000fcb', 'Kanban pull scheduling.', 1),
  ('40000000-0000-4000-8000-000000003f2e', '30000000-0000-4000-8000-000000000fcb', 'Heijunka production leveling.', 2),
  ('40000000-0000-4000-8000-000000003f2f', '30000000-0000-4000-8000-000000000fcb', 'Jidoka (Autonomation / Quality at the source).', 3),
  ('40000000-0000-4000-8000-000000003f30', '30000000-0000-4000-8000-000000000fcb', '5S Workplace Standardization.', 4),
  ('40000000-0000-4000-8000-000000003f31', '30000000-0000-4000-8000-000000000fcc', 'Plotting project activity schedules on a time-phased Gantt chart.', 1),
  ('40000000-0000-4000-8000-000000003f32', '30000000-0000-4000-8000-000000000fcc', 'Calculating cumulative project cost performance index (CPI).', 2),
  ('40000000-0000-4000-8000-000000003f33', '30000000-0000-4000-8000-000000000fcc', 'Automating customer support ticket escalations.', 3),
  ('40000000-0000-4000-8000-000000003f34', '30000000-0000-4000-8000-000000000fcc', 'Systematically categorizing potential causes of a quality problem into major categories (e.g., 6Ms).', 4),
  ('40000000-0000-4000-8000-000000003f35', '30000000-0000-4000-8000-000000000fcd', 'Identifying, segregating, and controlling non-conforming items to prevent unauthorized use or delivery.', 1),
  ('40000000-0000-4000-8000-000000003f36', '30000000-0000-4000-8000-000000000fcd', 'Selling non-conforming products at full market price without customer notification.', 2),
  ('40000000-0000-4000-8000-000000003f37', '30000000-0000-4000-8000-000000000fcd', 'Deleting quality records associated with failed inspection tests.', 3),
  ('40000000-0000-4000-8000-000000003f38', '30000000-0000-4000-8000-000000000fcd', 'Terminating the employment of any assembly technician involved in a single defect.', 4),
  ('40000000-0000-4000-8000-000000003f39', '30000000-0000-4000-8000-000000000fce', 'Normal random process variation that should be ignored.', 1),
  ('40000000-0000-4000-8000-000000003f3a', '30000000-0000-4000-8000-000000000fce', 'A non-random process shift (Rule of Seven) requiring root-cause investigation for assignable cause variation.', 2),
  ('40000000-0000-4000-8000-000000003f3b', '30000000-0000-4000-8000-000000000fce', 'Immediate proof that the manufacturing machine has reached 6 Sigma perfection.', 3),
  ('40000000-0000-4000-8000-000000003f3c', '30000000-0000-4000-8000-000000000fce', 'A failure of the statistical software calculating the control limits.', 4),
  ('40000000-0000-4000-8000-000000003f3d', '30000000-0000-4000-8000-000000000fcf', 'Quality Control (QC) because it measures final product bug counts in production.', 1),
  ('40000000-0000-4000-8000-000000003f3e', '30000000-0000-4000-8000-000000000fcf', 'Neither QA nor QC; this is strictly financial auditing.', 2),
  ('40000000-0000-4000-8000-000000003f3f', '30000000-0000-4000-8000-000000000fcf', 'Quality Assurance (QA) because it focuses on process adherence to prevent defect creation.', 3),
  ('40000000-0000-4000-8000-000000003f40', '30000000-0000-4000-8000-000000000fcf', 'Total Productive Maintenance (TPM).', 4),
  ('40000000-0000-4000-8000-000000003f41', '30000000-0000-4000-8000-000000000fd0', 'Kanban pull scheduling.', 1),
  ('40000000-0000-4000-8000-000000003f42', '30000000-0000-4000-8000-000000000fd0', 'Heijunka production leveling.', 2),
  ('40000000-0000-4000-8000-000000003f43', '30000000-0000-4000-8000-000000000fd0', '5S Workplace Standardization.', 3),
  ('40000000-0000-4000-8000-000000003f44', '30000000-0000-4000-8000-000000000fd0', 'Jidoka (Autonomation / Quality at the source).', 4),
  ('40000000-0000-4000-8000-000000003f45', '30000000-0000-4000-8000-000000000fd1', 'Systematically categorizing potential causes of a quality problem into major categories (e.g., 6Ms).', 1),
  ('40000000-0000-4000-8000-000000003f46', '30000000-0000-4000-8000-000000000fd1', 'Plotting project activity schedules on a time-phased Gantt chart.', 2),
  ('40000000-0000-4000-8000-000000003f47', '30000000-0000-4000-8000-000000000fd1', 'Calculating cumulative project cost performance index (CPI).', 3),
  ('40000000-0000-4000-8000-000000003f48', '30000000-0000-4000-8000-000000000fd1', 'Automating customer support ticket escalations.', 4),
  ('40000000-0000-4000-8000-000000003f49', '30000000-0000-4000-8000-000000000fd2', 'Selling non-conforming products at full market price without customer notification.', 1),
  ('40000000-0000-4000-8000-000000003f4a', '30000000-0000-4000-8000-000000000fd2', 'Identifying, segregating, and controlling non-conforming items to prevent unauthorized use or delivery.', 2),
  ('40000000-0000-4000-8000-000000003f4b', '30000000-0000-4000-8000-000000000fd2', 'Deleting quality records associated with failed inspection tests.', 3),
  ('40000000-0000-4000-8000-000000003f4c', '30000000-0000-4000-8000-000000000fd2', 'Terminating the employment of any assembly technician involved in a single defect.', 4),
  ('40000000-0000-4000-8000-000000003f4d', '30000000-0000-4000-8000-000000000fd3', 'Normal random process variation that should be ignored.', 1),
  ('40000000-0000-4000-8000-000000003f4e', '30000000-0000-4000-8000-000000000fd3', 'Immediate proof that the manufacturing machine has reached 6 Sigma perfection.', 2),
  ('40000000-0000-4000-8000-000000003f4f', '30000000-0000-4000-8000-000000000fd3', 'A non-random process shift (Rule of Seven) requiring root-cause investigation for assignable cause variation.', 3),
  ('40000000-0000-4000-8000-000000003f50', '30000000-0000-4000-8000-000000000fd3', 'A failure of the statistical software calculating the control limits.', 4),
  ('40000000-0000-4000-8000-000000003f51', '30000000-0000-4000-8000-000000000fd4', 'Quality Control (QC) because it measures final product bug counts in production.', 1),
  ('40000000-0000-4000-8000-000000003f52', '30000000-0000-4000-8000-000000000fd4', 'Neither QA nor QC; this is strictly financial auditing.', 2),
  ('40000000-0000-4000-8000-000000003f53', '30000000-0000-4000-8000-000000000fd4', 'Total Productive Maintenance (TPM).', 3),
  ('40000000-0000-4000-8000-000000003f54', '30000000-0000-4000-8000-000000000fd4', 'Quality Assurance (QA) because it focuses on process adherence to prevent defect creation.', 4),
  ('40000000-0000-4000-8000-000000003f55', '30000000-0000-4000-8000-000000000fd5', 'Jidoka (Autonomation / Quality at the source).', 1),
  ('40000000-0000-4000-8000-000000003f56', '30000000-0000-4000-8000-000000000fd5', 'Kanban pull scheduling.', 2),
  ('40000000-0000-4000-8000-000000003f57', '30000000-0000-4000-8000-000000000fd5', 'Heijunka production leveling.', 3),
  ('40000000-0000-4000-8000-000000003f58', '30000000-0000-4000-8000-000000000fd5', '5S Workplace Standardization.', 4),
  ('40000000-0000-4000-8000-000000003f59', '30000000-0000-4000-8000-000000000fd6', 'Plotting project activity schedules on a time-phased Gantt chart.', 1),
  ('40000000-0000-4000-8000-000000003f5a', '30000000-0000-4000-8000-000000000fd6', 'Systematically categorizing potential causes of a quality problem into major categories (e.g., 6Ms).', 2),
  ('40000000-0000-4000-8000-000000003f5b', '30000000-0000-4000-8000-000000000fd6', 'Calculating cumulative project cost performance index (CPI).', 3),
  ('40000000-0000-4000-8000-000000003f5c', '30000000-0000-4000-8000-000000000fd6', 'Automating customer support ticket escalations.', 4),
  ('40000000-0000-4000-8000-000000003f5d', '30000000-0000-4000-8000-000000000fd7', 'Selling non-conforming products at full market price without customer notification.', 1),
  ('40000000-0000-4000-8000-000000003f5e', '30000000-0000-4000-8000-000000000fd7', 'Deleting quality records associated with failed inspection tests.', 2),
  ('40000000-0000-4000-8000-000000003f5f', '30000000-0000-4000-8000-000000000fd7', 'Identifying, segregating, and controlling non-conforming items to prevent unauthorized use or delivery.', 3),
  ('40000000-0000-4000-8000-000000003f60', '30000000-0000-4000-8000-000000000fd7', 'Terminating the employment of any assembly technician involved in a single defect.', 4),
  ('40000000-0000-4000-8000-000000003f61', '30000000-0000-4000-8000-000000000fd8', 'Normal random process variation that should be ignored.', 1),
  ('40000000-0000-4000-8000-000000003f62', '30000000-0000-4000-8000-000000000fd8', 'Immediate proof that the manufacturing machine has reached 6 Sigma perfection.', 2),
  ('40000000-0000-4000-8000-000000003f63', '30000000-0000-4000-8000-000000000fd8', 'A failure of the statistical software calculating the control limits.', 3),
  ('40000000-0000-4000-8000-000000003f64', '30000000-0000-4000-8000-000000000fd8', 'A non-random process shift (Rule of Seven) requiring root-cause investigation for assignable cause variation.', 4),
  ('40000000-0000-4000-8000-000000003f65', '30000000-0000-4000-8000-000000000fd9', 'Quality Assurance (QA) because it focuses on process adherence to prevent defect creation.', 1),
  ('40000000-0000-4000-8000-000000003f66', '30000000-0000-4000-8000-000000000fd9', 'Quality Control (QC) because it measures final product bug counts in production.', 2),
  ('40000000-0000-4000-8000-000000003f67', '30000000-0000-4000-8000-000000000fd9', 'Neither QA nor QC; this is strictly financial auditing.', 3),
  ('40000000-0000-4000-8000-000000003f68', '30000000-0000-4000-8000-000000000fd9', 'Total Productive Maintenance (TPM).', 4),
  ('40000000-0000-4000-8000-000000003f69', '30000000-0000-4000-8000-000000000fda', 'Kanban pull scheduling.', 1),
  ('40000000-0000-4000-8000-000000003f6a', '30000000-0000-4000-8000-000000000fda', 'Jidoka (Autonomation / Quality at the source).', 2),
  ('40000000-0000-4000-8000-000000003f6b', '30000000-0000-4000-8000-000000000fda', 'Heijunka production leveling.', 3),
  ('40000000-0000-4000-8000-000000003f6c', '30000000-0000-4000-8000-000000000fda', '5S Workplace Standardization.', 4),
  ('40000000-0000-4000-8000-000000003f6d', '30000000-0000-4000-8000-000000000fdb', 'Plotting project activity schedules on a time-phased Gantt chart.', 1),
  ('40000000-0000-4000-8000-000000003f6e', '30000000-0000-4000-8000-000000000fdb', 'Calculating cumulative project cost performance index (CPI).', 2),
  ('40000000-0000-4000-8000-000000003f6f', '30000000-0000-4000-8000-000000000fdb', 'Systematically categorizing potential causes of a quality problem into major categories (e.g., 6Ms).', 3),
  ('40000000-0000-4000-8000-000000003f70', '30000000-0000-4000-8000-000000000fdb', 'Automating customer support ticket escalations.', 4),
  ('40000000-0000-4000-8000-000000003f71', '30000000-0000-4000-8000-000000000fdc', 'Selling non-conforming products at full market price without customer notification.', 1),
  ('40000000-0000-4000-8000-000000003f72', '30000000-0000-4000-8000-000000000fdc', 'Deleting quality records associated with failed inspection tests.', 2),
  ('40000000-0000-4000-8000-000000003f73', '30000000-0000-4000-8000-000000000fdc', 'Terminating the employment of any assembly technician involved in a single defect.', 3),
  ('40000000-0000-4000-8000-000000003f74', '30000000-0000-4000-8000-000000000fdc', 'Identifying, segregating, and controlling non-conforming items to prevent unauthorized use or delivery.', 4),
  ('40000000-0000-4000-8000-000000003f75', '30000000-0000-4000-8000-000000000fdd', 'A non-random process shift (Rule of Seven) requiring root-cause investigation for assignable cause variation.', 1),
  ('40000000-0000-4000-8000-000000003f76', '30000000-0000-4000-8000-000000000fdd', 'Normal random process variation that should be ignored.', 2),
  ('40000000-0000-4000-8000-000000003f77', '30000000-0000-4000-8000-000000000fdd', 'Immediate proof that the manufacturing machine has reached 6 Sigma perfection.', 3),
  ('40000000-0000-4000-8000-000000003f78', '30000000-0000-4000-8000-000000000fdd', 'A failure of the statistical software calculating the control limits.', 4),
  ('40000000-0000-4000-8000-000000003f79', '30000000-0000-4000-8000-000000000fde', 'Quality Control (QC) because it measures final product bug counts in production.', 1),
  ('40000000-0000-4000-8000-000000003f7a', '30000000-0000-4000-8000-000000000fde', 'Quality Assurance (QA) because it focuses on process adherence to prevent defect creation.', 2),
  ('40000000-0000-4000-8000-000000003f7b', '30000000-0000-4000-8000-000000000fde', 'Neither QA nor QC; this is strictly financial auditing.', 3),
  ('40000000-0000-4000-8000-000000003f7c', '30000000-0000-4000-8000-000000000fde', 'Total Productive Maintenance (TPM).', 4),
  ('40000000-0000-4000-8000-000000003f7d', '30000000-0000-4000-8000-000000000fdf', 'Kanban pull scheduling.', 1),
  ('40000000-0000-4000-8000-000000003f7e', '30000000-0000-4000-8000-000000000fdf', 'Heijunka production leveling.', 2),
  ('40000000-0000-4000-8000-000000003f7f', '30000000-0000-4000-8000-000000000fdf', 'Jidoka (Autonomation / Quality at the source).', 3),
  ('40000000-0000-4000-8000-000000003f80', '30000000-0000-4000-8000-000000000fdf', '5S Workplace Standardization.', 4),
  ('40000000-0000-4000-8000-000000003f81', '30000000-0000-4000-8000-000000000fe0', 'Plotting project activity schedules on a time-phased Gantt chart.', 1),
  ('40000000-0000-4000-8000-000000003f82', '30000000-0000-4000-8000-000000000fe0', 'Calculating cumulative project cost performance index (CPI).', 2),
  ('40000000-0000-4000-8000-000000003f83', '30000000-0000-4000-8000-000000000fe0', 'Automating customer support ticket escalations.', 3),
  ('40000000-0000-4000-8000-000000003f84', '30000000-0000-4000-8000-000000000fe0', 'Systematically categorizing potential causes of a quality problem into major categories (e.g., 6Ms).', 4),
  ('40000000-0000-4000-8000-000000003f85', '30000000-0000-4000-8000-000000000fe1', 'Identifying, segregating, and controlling non-conforming items to prevent unauthorized use or delivery.', 1),
  ('40000000-0000-4000-8000-000000003f86', '30000000-0000-4000-8000-000000000fe1', 'Selling non-conforming products at full market price without customer notification.', 2),
  ('40000000-0000-4000-8000-000000003f87', '30000000-0000-4000-8000-000000000fe1', 'Deleting quality records associated with failed inspection tests.', 3),
  ('40000000-0000-4000-8000-000000003f88', '30000000-0000-4000-8000-000000000fe1', 'Terminating the employment of any assembly technician involved in a single defect.', 4),
  ('40000000-0000-4000-8000-000000003f89', '30000000-0000-4000-8000-000000000fe2', 'Normal random process variation that should be ignored.', 1),
  ('40000000-0000-4000-8000-000000003f8a', '30000000-0000-4000-8000-000000000fe2', 'A non-random process shift (Rule of Seven) requiring root-cause investigation for assignable cause variation.', 2),
  ('40000000-0000-4000-8000-000000003f8b', '30000000-0000-4000-8000-000000000fe2', 'Immediate proof that the manufacturing machine has reached 6 Sigma perfection.', 3),
  ('40000000-0000-4000-8000-000000003f8c', '30000000-0000-4000-8000-000000000fe2', 'A failure of the statistical software calculating the control limits.', 4),
  ('40000000-0000-4000-8000-000000003f8d', '30000000-0000-4000-8000-000000000fe3', 'Quality Control (QC) because it measures final product bug counts in production.', 1),
  ('40000000-0000-4000-8000-000000003f8e', '30000000-0000-4000-8000-000000000fe3', 'Neither QA nor QC; this is strictly financial auditing.', 2),
  ('40000000-0000-4000-8000-000000003f8f', '30000000-0000-4000-8000-000000000fe3', 'Quality Assurance (QA) because it focuses on process adherence to prevent defect creation.', 3),
  ('40000000-0000-4000-8000-000000003f90', '30000000-0000-4000-8000-000000000fe3', 'Total Productive Maintenance (TPM).', 4),
  ('40000000-0000-4000-8000-000000003f91', '30000000-0000-4000-8000-000000000fe4', 'Kanban pull scheduling.', 1),
  ('40000000-0000-4000-8000-000000003f92', '30000000-0000-4000-8000-000000000fe4', 'Heijunka production leveling.', 2),
  ('40000000-0000-4000-8000-000000003f93', '30000000-0000-4000-8000-000000000fe4', '5S Workplace Standardization.', 3),
  ('40000000-0000-4000-8000-000000003f94', '30000000-0000-4000-8000-000000000fe4', 'Jidoka (Autonomation / Quality at the source).', 4),
  ('40000000-0000-4000-8000-000000003f95', '30000000-0000-4000-8000-000000000fe5', 'Systematically categorizing potential causes of a quality problem into major categories (e.g., 6Ms).', 1),
  ('40000000-0000-4000-8000-000000003f96', '30000000-0000-4000-8000-000000000fe5', 'Plotting project activity schedules on a time-phased Gantt chart.', 2),
  ('40000000-0000-4000-8000-000000003f97', '30000000-0000-4000-8000-000000000fe5', 'Calculating cumulative project cost performance index (CPI).', 3),
  ('40000000-0000-4000-8000-000000003f98', '30000000-0000-4000-8000-000000000fe5', 'Automating customer support ticket escalations.', 4),
  ('40000000-0000-4000-8000-000000003f99', '30000000-0000-4000-8000-000000000fe6', 'Selling non-conforming products at full market price without customer notification.', 1),
  ('40000000-0000-4000-8000-000000003f9a', '30000000-0000-4000-8000-000000000fe6', 'Identifying, segregating, and controlling non-conforming items to prevent unauthorized use or delivery.', 2),
  ('40000000-0000-4000-8000-000000003f9b', '30000000-0000-4000-8000-000000000fe6', 'Deleting quality records associated with failed inspection tests.', 3),
  ('40000000-0000-4000-8000-000000003f9c', '30000000-0000-4000-8000-000000000fe6', 'Terminating the employment of any assembly technician involved in a single defect.', 4),
  ('40000000-0000-4000-8000-000000003f9d', '30000000-0000-4000-8000-000000000fe7', 'Normal random process variation that should be ignored.', 1),
  ('40000000-0000-4000-8000-000000003f9e', '30000000-0000-4000-8000-000000000fe7', 'Immediate proof that the manufacturing machine has reached 6 Sigma perfection.', 2),
  ('40000000-0000-4000-8000-000000003f9f', '30000000-0000-4000-8000-000000000fe7', 'A non-random process shift (Rule of Seven) requiring root-cause investigation for assignable cause variation.', 3),
  ('40000000-0000-4000-8000-000000003fa0', '30000000-0000-4000-8000-000000000fe7', 'A failure of the statistical software calculating the control limits.', 4),
  ('40000000-0000-4000-8000-000000003fa1', '30000000-0000-4000-8000-000000000fe8', 'Quality Control (QC) because it measures final product bug counts in production.', 1),
  ('40000000-0000-4000-8000-000000003fa2', '30000000-0000-4000-8000-000000000fe8', 'Neither QA nor QC; this is strictly financial auditing.', 2),
  ('40000000-0000-4000-8000-000000003fa3', '30000000-0000-4000-8000-000000000fe8', 'Total Productive Maintenance (TPM).', 3),
  ('40000000-0000-4000-8000-000000003fa4', '30000000-0000-4000-8000-000000000fe8', 'Quality Assurance (QA) because it focuses on process adherence to prevent defect creation.', 4),
  ('40000000-0000-4000-8000-000000003fa5', '30000000-0000-4000-8000-000000000fe9', 'Jidoka (Autonomation / Quality at the source).', 1),
  ('40000000-0000-4000-8000-000000003fa6', '30000000-0000-4000-8000-000000000fe9', 'Kanban pull scheduling.', 2),
  ('40000000-0000-4000-8000-000000003fa7', '30000000-0000-4000-8000-000000000fe9', 'Heijunka production leveling.', 3),
  ('40000000-0000-4000-8000-000000003fa8', '30000000-0000-4000-8000-000000000fe9', '5S Workplace Standardization.', 4),
  ('40000000-0000-4000-8000-000000003fa9', '30000000-0000-4000-8000-000000000fea', 'Plotting project activity schedules on a time-phased Gantt chart.', 1),
  ('40000000-0000-4000-8000-000000003faa', '30000000-0000-4000-8000-000000000fea', 'Systematically categorizing potential causes of a quality problem into major categories (e.g., 6Ms).', 2),
  ('40000000-0000-4000-8000-000000003fab', '30000000-0000-4000-8000-000000000fea', 'Calculating cumulative project cost performance index (CPI).', 3),
  ('40000000-0000-4000-8000-000000003fac', '30000000-0000-4000-8000-000000000fea', 'Automating customer support ticket escalations.', 4),
  ('40000000-0000-4000-8000-000000003fad', '30000000-0000-4000-8000-000000000feb', 'Selling non-conforming products at full market price without customer notification.', 1),
  ('40000000-0000-4000-8000-000000003fae', '30000000-0000-4000-8000-000000000feb', 'Deleting quality records associated with failed inspection tests.', 2),
  ('40000000-0000-4000-8000-000000003faf', '30000000-0000-4000-8000-000000000feb', 'Identifying, segregating, and controlling non-conforming items to prevent unauthorized use or delivery.', 3),
  ('40000000-0000-4000-8000-000000003fb0', '30000000-0000-4000-8000-000000000feb', 'Terminating the employment of any assembly technician involved in a single defect.', 4)
on conflict (id) do update
set option_text = excluded.option_text,
    position = excluded.position;

-- 5. Insert Question Answer Keys (75 keys)
insert into public.question_answer_keys (question_id, correct_option_id, explanation)
values
  ('30000000-0000-4000-8000-000000000fa1', '40000000-0000-4000-8000-000000003e85', 'The Rule of Seven indicates non-random assignable variation even when data points stay within control limits.'),
  ('30000000-0000-4000-8000-000000000fa2', '40000000-0000-4000-8000-000000003e8a', 'QA focuses on process evaluation and defect prevention, whereas QC inspects deliverables to identify existing defects.'),
  ('30000000-0000-4000-8000-000000000fa3', '40000000-0000-4000-8000-000000003e8f', 'Jidoka provides workers authority to stop production immediately upon defect detection to prevent spreading non-conformance.'),
  ('30000000-0000-4000-8000-000000000fa4', '40000000-0000-4000-8000-000000003e94', 'Ishikawa diagrams organize potential root causes into structured categories like Materials, Methods, Machines, and Manpower.'),
  ('30000000-0000-4000-8000-000000000fa5', '40000000-0000-4000-8000-000000003e95', 'ISO 9001 requires positive identification and segregation of non-conforming outputs to prevent unintended shipment or deployment.'),
  ('30000000-0000-4000-8000-000000000fa6', '40000000-0000-4000-8000-000000003e9a', 'The Rule of Seven indicates non-random assignable variation even when data points stay within control limits.'),
  ('30000000-0000-4000-8000-000000000fa7', '40000000-0000-4000-8000-000000003e9f', 'QA focuses on process evaluation and defect prevention, whereas QC inspects deliverables to identify existing defects.'),
  ('30000000-0000-4000-8000-000000000fa8', '40000000-0000-4000-8000-000000003ea4', 'Jidoka provides workers authority to stop production immediately upon defect detection to prevent spreading non-conformance.'),
  ('30000000-0000-4000-8000-000000000fa9', '40000000-0000-4000-8000-000000003ea5', 'Ishikawa diagrams organize potential root causes into structured categories like Materials, Methods, Machines, and Manpower.'),
  ('30000000-0000-4000-8000-000000000faa', '40000000-0000-4000-8000-000000003eaa', 'ISO 9001 requires positive identification and segregation of non-conforming outputs to prevent unintended shipment or deployment.'),
  ('30000000-0000-4000-8000-000000000fab', '40000000-0000-4000-8000-000000003eaf', 'The Rule of Seven indicates non-random assignable variation even when data points stay within control limits.'),
  ('30000000-0000-4000-8000-000000000fac', '40000000-0000-4000-8000-000000003eb4', 'QA focuses on process evaluation and defect prevention, whereas QC inspects deliverables to identify existing defects.'),
  ('30000000-0000-4000-8000-000000000fad', '40000000-0000-4000-8000-000000003eb5', 'Jidoka provides workers authority to stop production immediately upon defect detection to prevent spreading non-conformance.'),
  ('30000000-0000-4000-8000-000000000fae', '40000000-0000-4000-8000-000000003eba', 'Ishikawa diagrams organize potential root causes into structured categories like Materials, Methods, Machines, and Manpower.'),
  ('30000000-0000-4000-8000-000000000faf', '40000000-0000-4000-8000-000000003ebf', 'ISO 9001 requires positive identification and segregation of non-conforming outputs to prevent unintended shipment or deployment.'),
  ('30000000-0000-4000-8000-000000000fb0', '40000000-0000-4000-8000-000000003ec4', 'The Rule of Seven indicates non-random assignable variation even when data points stay within control limits.'),
  ('30000000-0000-4000-8000-000000000fb1', '40000000-0000-4000-8000-000000003ec5', 'QA focuses on process evaluation and defect prevention, whereas QC inspects deliverables to identify existing defects.'),
  ('30000000-0000-4000-8000-000000000fb2', '40000000-0000-4000-8000-000000003eca', 'Jidoka provides workers authority to stop production immediately upon defect detection to prevent spreading non-conformance.'),
  ('30000000-0000-4000-8000-000000000fb3', '40000000-0000-4000-8000-000000003ecf', 'Ishikawa diagrams organize potential root causes into structured categories like Materials, Methods, Machines, and Manpower.'),
  ('30000000-0000-4000-8000-000000000fb4', '40000000-0000-4000-8000-000000003ed4', 'ISO 9001 requires positive identification and segregation of non-conforming outputs to prevent unintended shipment or deployment.'),
  ('30000000-0000-4000-8000-000000000fb5', '40000000-0000-4000-8000-000000003ed5', 'The Rule of Seven indicates non-random assignable variation even when data points stay within control limits.'),
  ('30000000-0000-4000-8000-000000000fb6', '40000000-0000-4000-8000-000000003eda', 'QA focuses on process evaluation and defect prevention, whereas QC inspects deliverables to identify existing defects.'),
  ('30000000-0000-4000-8000-000000000fb7', '40000000-0000-4000-8000-000000003edf', 'Jidoka provides workers authority to stop production immediately upon defect detection to prevent spreading non-conformance.'),
  ('30000000-0000-4000-8000-000000000fb8', '40000000-0000-4000-8000-000000003ee4', 'Ishikawa diagrams organize potential root causes into structured categories like Materials, Methods, Machines, and Manpower.'),
  ('30000000-0000-4000-8000-000000000fb9', '40000000-0000-4000-8000-000000003ee5', 'ISO 9001 requires positive identification and segregation of non-conforming outputs to prevent unintended shipment or deployment.'),
  ('30000000-0000-4000-8000-000000000fba', '40000000-0000-4000-8000-000000003eea', 'The Rule of Seven indicates non-random assignable variation even when data points stay within control limits.'),
  ('30000000-0000-4000-8000-000000000fbb', '40000000-0000-4000-8000-000000003eef', 'QA focuses on process evaluation and defect prevention, whereas QC inspects deliverables to identify existing defects.'),
  ('30000000-0000-4000-8000-000000000fbc', '40000000-0000-4000-8000-000000003ef4', 'Jidoka provides workers authority to stop production immediately upon defect detection to prevent spreading non-conformance.'),
  ('30000000-0000-4000-8000-000000000fbd', '40000000-0000-4000-8000-000000003ef5', 'Ishikawa diagrams organize potential root causes into structured categories like Materials, Methods, Machines, and Manpower.'),
  ('30000000-0000-4000-8000-000000000fbe', '40000000-0000-4000-8000-000000003efa', 'ISO 9001 requires positive identification and segregation of non-conforming outputs to prevent unintended shipment or deployment.'),
  ('30000000-0000-4000-8000-000000000fbf', '40000000-0000-4000-8000-000000003eff', 'The Rule of Seven indicates non-random assignable variation even when data points stay within control limits.'),
  ('30000000-0000-4000-8000-000000000fc0', '40000000-0000-4000-8000-000000003f04', 'QA focuses on process evaluation and defect prevention, whereas QC inspects deliverables to identify existing defects.'),
  ('30000000-0000-4000-8000-000000000fc1', '40000000-0000-4000-8000-000000003f05', 'Jidoka provides workers authority to stop production immediately upon defect detection to prevent spreading non-conformance.'),
  ('30000000-0000-4000-8000-000000000fc2', '40000000-0000-4000-8000-000000003f0a', 'Ishikawa diagrams organize potential root causes into structured categories like Materials, Methods, Machines, and Manpower.'),
  ('30000000-0000-4000-8000-000000000fc3', '40000000-0000-4000-8000-000000003f0f', 'ISO 9001 requires positive identification and segregation of non-conforming outputs to prevent unintended shipment or deployment.'),
  ('30000000-0000-4000-8000-000000000fc4', '40000000-0000-4000-8000-000000003f14', 'The Rule of Seven indicates non-random assignable variation even when data points stay within control limits.'),
  ('30000000-0000-4000-8000-000000000fc5', '40000000-0000-4000-8000-000000003f15', 'QA focuses on process evaluation and defect prevention, whereas QC inspects deliverables to identify existing defects.'),
  ('30000000-0000-4000-8000-000000000fc6', '40000000-0000-4000-8000-000000003f1a', 'Jidoka provides workers authority to stop production immediately upon defect detection to prevent spreading non-conformance.'),
  ('30000000-0000-4000-8000-000000000fc7', '40000000-0000-4000-8000-000000003f1f', 'Ishikawa diagrams organize potential root causes into structured categories like Materials, Methods, Machines, and Manpower.'),
  ('30000000-0000-4000-8000-000000000fc8', '40000000-0000-4000-8000-000000003f24', 'ISO 9001 requires positive identification and segregation of non-conforming outputs to prevent unintended shipment or deployment.'),
  ('30000000-0000-4000-8000-000000000fc9', '40000000-0000-4000-8000-000000003f25', 'The Rule of Seven indicates non-random assignable variation even when data points stay within control limits.'),
  ('30000000-0000-4000-8000-000000000fca', '40000000-0000-4000-8000-000000003f2a', 'QA focuses on process evaluation and defect prevention, whereas QC inspects deliverables to identify existing defects.'),
  ('30000000-0000-4000-8000-000000000fcb', '40000000-0000-4000-8000-000000003f2f', 'Jidoka provides workers authority to stop production immediately upon defect detection to prevent spreading non-conformance.'),
  ('30000000-0000-4000-8000-000000000fcc', '40000000-0000-4000-8000-000000003f34', 'Ishikawa diagrams organize potential root causes into structured categories like Materials, Methods, Machines, and Manpower.'),
  ('30000000-0000-4000-8000-000000000fcd', '40000000-0000-4000-8000-000000003f35', 'ISO 9001 requires positive identification and segregation of non-conforming outputs to prevent unintended shipment or deployment.'),
  ('30000000-0000-4000-8000-000000000fce', '40000000-0000-4000-8000-000000003f3a', 'The Rule of Seven indicates non-random assignable variation even when data points stay within control limits.'),
  ('30000000-0000-4000-8000-000000000fcf', '40000000-0000-4000-8000-000000003f3f', 'QA focuses on process evaluation and defect prevention, whereas QC inspects deliverables to identify existing defects.'),
  ('30000000-0000-4000-8000-000000000fd0', '40000000-0000-4000-8000-000000003f44', 'Jidoka provides workers authority to stop production immediately upon defect detection to prevent spreading non-conformance.'),
  ('30000000-0000-4000-8000-000000000fd1', '40000000-0000-4000-8000-000000003f45', 'Ishikawa diagrams organize potential root causes into structured categories like Materials, Methods, Machines, and Manpower.'),
  ('30000000-0000-4000-8000-000000000fd2', '40000000-0000-4000-8000-000000003f4a', 'ISO 9001 requires positive identification and segregation of non-conforming outputs to prevent unintended shipment or deployment.'),
  ('30000000-0000-4000-8000-000000000fd3', '40000000-0000-4000-8000-000000003f4f', 'The Rule of Seven indicates non-random assignable variation even when data points stay within control limits.'),
  ('30000000-0000-4000-8000-000000000fd4', '40000000-0000-4000-8000-000000003f54', 'QA focuses on process evaluation and defect prevention, whereas QC inspects deliverables to identify existing defects.'),
  ('30000000-0000-4000-8000-000000000fd5', '40000000-0000-4000-8000-000000003f55', 'Jidoka provides workers authority to stop production immediately upon defect detection to prevent spreading non-conformance.'),
  ('30000000-0000-4000-8000-000000000fd6', '40000000-0000-4000-8000-000000003f5a', 'Ishikawa diagrams organize potential root causes into structured categories like Materials, Methods, Machines, and Manpower.'),
  ('30000000-0000-4000-8000-000000000fd7', '40000000-0000-4000-8000-000000003f5f', 'ISO 9001 requires positive identification and segregation of non-conforming outputs to prevent unintended shipment or deployment.'),
  ('30000000-0000-4000-8000-000000000fd8', '40000000-0000-4000-8000-000000003f64', 'The Rule of Seven indicates non-random assignable variation even when data points stay within control limits.'),
  ('30000000-0000-4000-8000-000000000fd9', '40000000-0000-4000-8000-000000003f65', 'QA focuses on process evaluation and defect prevention, whereas QC inspects deliverables to identify existing defects.'),
  ('30000000-0000-4000-8000-000000000fda', '40000000-0000-4000-8000-000000003f6a', 'Jidoka provides workers authority to stop production immediately upon defect detection to prevent spreading non-conformance.'),
  ('30000000-0000-4000-8000-000000000fdb', '40000000-0000-4000-8000-000000003f6f', 'Ishikawa diagrams organize potential root causes into structured categories like Materials, Methods, Machines, and Manpower.'),
  ('30000000-0000-4000-8000-000000000fdc', '40000000-0000-4000-8000-000000003f74', 'ISO 9001 requires positive identification and segregation of non-conforming outputs to prevent unintended shipment or deployment.'),
  ('30000000-0000-4000-8000-000000000fdd', '40000000-0000-4000-8000-000000003f75', 'The Rule of Seven indicates non-random assignable variation even when data points stay within control limits.'),
  ('30000000-0000-4000-8000-000000000fde', '40000000-0000-4000-8000-000000003f7a', 'QA focuses on process evaluation and defect prevention, whereas QC inspects deliverables to identify existing defects.'),
  ('30000000-0000-4000-8000-000000000fdf', '40000000-0000-4000-8000-000000003f7f', 'Jidoka provides workers authority to stop production immediately upon defect detection to prevent spreading non-conformance.'),
  ('30000000-0000-4000-8000-000000000fe0', '40000000-0000-4000-8000-000000003f84', 'Ishikawa diagrams organize potential root causes into structured categories like Materials, Methods, Machines, and Manpower.'),
  ('30000000-0000-4000-8000-000000000fe1', '40000000-0000-4000-8000-000000003f85', 'ISO 9001 requires positive identification and segregation of non-conforming outputs to prevent unintended shipment or deployment.'),
  ('30000000-0000-4000-8000-000000000fe2', '40000000-0000-4000-8000-000000003f8a', 'The Rule of Seven indicates non-random assignable variation even when data points stay within control limits.'),
  ('30000000-0000-4000-8000-000000000fe3', '40000000-0000-4000-8000-000000003f8f', 'QA focuses on process evaluation and defect prevention, whereas QC inspects deliverables to identify existing defects.'),
  ('30000000-0000-4000-8000-000000000fe4', '40000000-0000-4000-8000-000000003f94', 'Jidoka provides workers authority to stop production immediately upon defect detection to prevent spreading non-conformance.'),
  ('30000000-0000-4000-8000-000000000fe5', '40000000-0000-4000-8000-000000003f95', 'Ishikawa diagrams organize potential root causes into structured categories like Materials, Methods, Machines, and Manpower.'),
  ('30000000-0000-4000-8000-000000000fe6', '40000000-0000-4000-8000-000000003f9a', 'ISO 9001 requires positive identification and segregation of non-conforming outputs to prevent unintended shipment or deployment.'),
  ('30000000-0000-4000-8000-000000000fe7', '40000000-0000-4000-8000-000000003f9f', 'The Rule of Seven indicates non-random assignable variation even when data points stay within control limits.'),
  ('30000000-0000-4000-8000-000000000fe8', '40000000-0000-4000-8000-000000003fa4', 'QA focuses on process evaluation and defect prevention, whereas QC inspects deliverables to identify existing defects.'),
  ('30000000-0000-4000-8000-000000000fe9', '40000000-0000-4000-8000-000000003fa5', 'Jidoka provides workers authority to stop production immediately upon defect detection to prevent spreading non-conformance.'),
  ('30000000-0000-4000-8000-000000000fea', '40000000-0000-4000-8000-000000003faa', 'Ishikawa diagrams organize potential root causes into structured categories like Materials, Methods, Machines, and Manpower.'),
  ('30000000-0000-4000-8000-000000000feb', '40000000-0000-4000-8000-000000003faf', 'ISO 9001 requires positive identification and segregation of non-conforming outputs to prevent unintended shipment or deployment.')
on conflict (question_id) do update
set correct_option_id = excluded.correct_option_id,
    explanation = excluded.explanation,
    updated_at = now();

commit;
