begin;

-- Generated from the Google AI Studio catalogue on main.
-- Includes all selected IIPM examinations and deliberately excludes any separate CIPMN-branded catalogue.
-- Existing questions are retained for historical attempts, moved out of active positions and deactivated.

-- AIML: Advanced AI & Machine Learning Foundations
insert into public.programmes (id, code, name, description, is_active)
values (
  '333a2848-88a9-877d-337e-db80691e6034'::uuid,
  'AIML',
  'Advanced AI & Machine Learning Foundations',
  'This assessment evaluates your understanding of supervised learning algorithms, neural network design, LLM transformers, loss functions, and ethical bias in machine learning systems. Under strict real-time AI proctoring.',
  true
)
on conflict (code) do update
set name = excluded.name,
    description = excluded.description,
    is_active = true,
    updated_at = now();

insert into public.examinations (
  id, programme_id, title, instructions, duration_minutes, pass_mark,
  status, max_attempts, randomize_questions, randomize_options,
  allow_self_enrollment, requires_payment
) values (
  '84b5dba2-0e2b-a6a1-0342-7c4abd03e35d'::uuid,
  (select id from public.programmes where code = 'AIML'),
  'Advanced AI & Machine Learning Foundations',
  'Answer every question. This examination is timed and protected by IIPM examination integrity controls. Payment, an approved scholarship coupon or an administrator assignment is required before launch.',
  10,
  70,
  'published',
  1,
  true,
  true,
  false,
  true
)
on conflict (id) do update
set programme_id = excluded.programme_id,
    title = excluded.title,
    instructions = excluded.instructions,
    duration_minutes = excluded.duration_minutes,
    pass_mark = excluded.pass_mark,
    status = excluded.status,
    max_attempts = excluded.max_attempts,
    randomize_questions = excluded.randomize_questions,
    randomize_options = excluded.randomize_options,
    allow_self_enrollment = false,
    requires_payment = true,
    updated_at = now();

with ranked_existing as (
  select id, row_number() over (order by id) as replacement_position
  from public.questions
  where examination_id = '84b5dba2-0e2b-a6a1-0342-7c4abd03e35d'::uuid
)
update public.questions q
set is_active = false,
    position = 100000 + ranked_existing.replacement_position,
    updated_at = now()
from ranked_existing
where q.id = ranked_existing.id;

insert into public.questions (id, examination_id, question_text, position, points, is_active)
values
  ('eea30714-8fa8-13cf-0805-11e2f5b36811'::uuid, '84b5dba2-0e2b-a6a1-0342-7c4abd03e35d'::uuid, 'In neural networks, what is the primary cause of vanishing gradients, and how is it most effectively mitigated?', 1, 1, true),
  ('6d7aa89a-b5a3-4df9-eb5f-a4c5afb946c2'::uuid, '84b5dba2-0e2b-a6a1-0342-7c4abd03e35d'::uuid, 'What is the function of the "Self-Attention" mechanism in Transformer models?', 2, 1, true),
  ('df75cba7-a54c-1939-8e74-6ba392338ce1'::uuid, '84b5dba2-0e2b-a6a1-0342-7c4abd03e35d'::uuid, 'Which loss function is mathematically best suited for multi-class classification where classes are mutually exclusive?', 3, 1, true),
  ('5062d48e-6f78-b604-16a7-5aca581b99e7'::uuid, '84b5dba2-0e2b-a6a1-0342-7c4abd03e35d'::uuid, 'You notice your machine learning model performs exceptionally well on training data (99.2% accuracy) but poorly on validation data (64.5% accuracy). What is this condition called, and what is a standard remedy?', 4, 1, true),
  ('1f66c93c-612c-e5f2-8a74-523bcb79bfa9'::uuid, '84b5dba2-0e2b-a6a1-0342-7c4abd03e35d'::uuid, 'In LLMs, what does the "Temperature" parameter control during text decoding/generation?', 5, 1, true)
on conflict (id) do update
set examination_id = excluded.examination_id,
    question_text = excluded.question_text,
    position = excluded.position,
    points = excluded.points,
    is_active = true,
    updated_at = now();

insert into public.question_options (id, question_id, option_text, position)
values
  ('a8469b33-4063-f8e5-f465-42a0359d8006'::uuid, 'eea30714-8fa8-13cf-0805-11e2f5b36811'::uuid, 'Using Sigmoid activation functions on extremely deep networks; mitigated by using ReLU/GELU activations and residual connections.', 1),
  ('292110ad-2e1d-1f8e-8a29-6210ae8b40f4'::uuid, 'eea30714-8fa8-13cf-0805-11e2f5b36811'::uuid, 'High learning rates; mitigated by decreasing learning rate decay schedules.', 2),
  ('6224b9ae-1d82-eb98-00c4-14b8e681f343'::uuid, 'eea30714-8fa8-13cf-0805-11e2f5b36811'::uuid, 'Small batch sizes; mitigated by implementing batch normalization and dropout layers.', 3),
  ('061a1900-4174-68dd-95e5-db76db1d8ea2'::uuid, 'eea30714-8fa8-13cf-0805-11e2f5b36811'::uuid, 'Overfitting; mitigated by adding L1 or L2 regularization parameters.', 4),
  ('7a2f38cb-d7b2-993e-8596-7d3708e64a77'::uuid, '6d7aa89a-b5a3-4df9-eb5f-a4c5afb946c2'::uuid, 'It forces the model to ignore recurrent dependencies and processes tokens strictly sequentially.', 1),
  ('20e105b4-73ad-c33a-8b5f-585443817c08'::uuid, '6d7aa89a-b5a3-4df9-eb5f-a4c5afb946c2'::uuid, 'It calculates a dynamic weight representing how much each token in a sequence should focus on every other token in the same sequence.', 2),
  ('baab6867-1007-6726-5120-a1aef9b83e19'::uuid, '6d7aa89a-b5a3-4df9-eb5f-a4c5afb946c2'::uuid, 'It compresses the dimensions of token embeddings to speed up gradient descent backpropagation.', 3),
  ('6c7eaa16-0b47-1e0c-39b1-99a0c976cb0d'::uuid, '6d7aa89a-b5a3-4df9-eb5f-a4c5afb946c2'::uuid, 'It serves as a linear layer that regularizes output probabilities to reduce text generation repetition.', 4),
  ('44728a70-9479-4b85-b5a6-cc8cd7101aba'::uuid, 'df75cba7-a54c-1939-8e74-6ba392338ce1'::uuid, 'Mean Squared Error (MSE)', 1),
  ('75f2df55-dc82-d1ad-915a-1c2843359434'::uuid, 'df75cba7-a54c-1939-8e74-6ba392338ce1'::uuid, 'Binary Cross-Entropy Loss', 2),
  ('4c1f384b-b7ed-d167-8b51-e7f7f5496ef2'::uuid, 'df75cba7-a54c-1939-8e74-6ba392338ce1'::uuid, 'Categorical Cross-Entropy Loss', 3),
  ('d922319f-c519-61eb-7a52-889dae4d1216'::uuid, 'df75cba7-a54c-1939-8e74-6ba392338ce1'::uuid, 'Hinge Loss', 4),
  ('d5290f99-2da7-ba38-8f42-3206919b5dfa'::uuid, '5062d48e-6f78-b604-16a7-5aca581b99e7'::uuid, 'Underfitting; remedy by increasing the training duration and expanding learning rate parameters.', 1),
  ('fb8501de-9331-8602-8048-17f32d6a820e'::uuid, '5062d48e-6f78-b604-16a7-5aca581b99e7'::uuid, 'Overfitting; remedy by adding regularization (dropout, weight decay) or collecting more varied training data.', 2),
  ('2f59a288-f3b7-3c2c-0024-7a9381fb28de'::uuid, '5062d48e-6f78-b604-16a7-5aca581b99e7'::uuid, 'Data Leakage; remedy by re-shuffling the train-validation split index dynamically.', 3),
  ('fc1812e9-d4aa-28c7-85db-152a4e03c4f1'::uuid, '5062d48e-6f78-b604-16a7-5aca581b99e7'::uuid, 'Exploding Gradients; remedy by applying gradient clipping or batch optimization.', 4),
  ('351d0469-f8d1-17f8-b345-c2cf64b30a18'::uuid, '1f66c93c-612c-e5f2-8a74-523bcb79bfa9'::uuid, 'The processing temperature of the physical GPU/TPU cluster nodes.', 1),
  ('910c4f64-2ced-a1cc-3723-044b9a3c0270'::uuid, '1f66c93c-612c-e5f2-8a74-523bcb79bfa9'::uuid, 'The size of the context window or token history buffer.', 2),
  ('70c44211-2d81-b6aa-490d-17d5b5eda70c'::uuid, '1f66c93c-612c-e5f2-8a74-523bcb79bfa9'::uuid, 'The randomness or entropy of the generated token probability distribution.', 3),
  ('4fef2203-bf82-dabf-a7d9-fb09e0a2e9df'::uuid, '1f66c93c-612c-e5f2-8a74-523bcb79bfa9'::uuid, 'The absolute sequence length limit of generated sentences.', 4)
on conflict (id) do update
set question_id = excluded.question_id,
    option_text = excluded.option_text,
    position = excluded.position;

insert into public.question_answer_keys (question_id, correct_option_id)
values
  ('eea30714-8fa8-13cf-0805-11e2f5b36811'::uuid, 'a8469b33-4063-f8e5-f465-42a0359d8006'::uuid),
  ('6d7aa89a-b5a3-4df9-eb5f-a4c5afb946c2'::uuid, '20e105b4-73ad-c33a-8b5f-585443817c08'::uuid),
  ('df75cba7-a54c-1939-8e74-6ba392338ce1'::uuid, '4c1f384b-b7ed-d167-8b51-e7f7f5496ef2'::uuid),
  ('5062d48e-6f78-b604-16a7-5aca581b99e7'::uuid, 'fb8501de-9331-8602-8048-17f32d6a820e'::uuid),
  ('1f66c93c-612c-e5f2-8a74-523bcb79bfa9'::uuid, '70c44211-2d81-b6aa-490d-17d5b5eda70c'::uuid)
on conflict (question_id) do update
set correct_option_id = excluded.correct_option_id,
    updated_at = now();

update public.exam_prices
set is_default = false, updated_at = now()
where examination_id = '84b5dba2-0e2b-a6a1-0342-7c4abd03e35d'::uuid
  and currency <> 'NGN'
  and is_default = true;

insert into public.exam_prices (
  id, examination_id, currency, amount_minor, country_codes,
  is_default, is_active, effective_from, effective_to
) values (
  '08103529-1f8b-f68a-81e4-dce99dff7a1c'::uuid,
  '84b5dba2-0e2b-a6a1-0342-7c4abd03e35d'::uuid,
  'NGN',
  2500000,
  array['NG']::text[],
  true,
  true,
  now(),
  null
)
on conflict (examination_id, currency) do update
set amount_minor = 2500000,
    country_codes = array['NG']::text[],
    is_default = true,
    is_active = true,
    effective_from = least(public.exam_prices.effective_from, now()),
    effective_to = null,
    updated_at = now();

-- CYBER: Cybersecurity & Cryptography Fundamentals
insert into public.programmes (id, code, name, description, is_active)
values (
  '75a16274-fad0-820b-e53b-8c1b54da1141'::uuid,
  'CYBER',
  'Cybersecurity & Cryptography Fundamentals',
  'This examination tests critical competence in symmetric and asymmetric cryptography, modern threat vectors (XSS, CSRF, SQLi), access controls, and zero-trust framework mechanics. Proctored via active webcam feeds.',
  true
)
on conflict (code) do update
set name = excluded.name,
    description = excluded.description,
    is_active = true,
    updated_at = now();

insert into public.examinations (
  id, programme_id, title, instructions, duration_minutes, pass_mark,
  status, max_attempts, randomize_questions, randomize_options,
  allow_self_enrollment, requires_payment
) values (
  'b5233a01-d982-d4ec-fd4c-729bf2bd8bc9'::uuid,
  (select id from public.programmes where code = 'CYBER'),
  'Cybersecurity & Cryptography Fundamentals',
  'Answer every question. This examination is timed and protected by IIPM examination integrity controls. Payment, an approved scholarship coupon or an administrator assignment is required before launch.',
  10,
  70,
  'published',
  1,
  true,
  true,
  false,
  true
)
on conflict (id) do update
set programme_id = excluded.programme_id,
    title = excluded.title,
    instructions = excluded.instructions,
    duration_minutes = excluded.duration_minutes,
    pass_mark = excluded.pass_mark,
    status = excluded.status,
    max_attempts = excluded.max_attempts,
    randomize_questions = excluded.randomize_questions,
    randomize_options = excluded.randomize_options,
    allow_self_enrollment = false,
    requires_payment = true,
    updated_at = now();

with ranked_existing as (
  select id, row_number() over (order by id) as replacement_position
  from public.questions
  where examination_id = 'b5233a01-d982-d4ec-fd4c-729bf2bd8bc9'::uuid
)
update public.questions q
set is_active = false,
    position = 100000 + ranked_existing.replacement_position,
    updated_at = now()
from ranked_existing
where q.id = ranked_existing.id;

insert into public.questions (id, examination_id, question_text, position, points, is_active)
values
  ('b9d39c72-58e7-03b2-610b-7b45ca54564f'::uuid, 'b5233a01-d982-d4ec-fd4c-729bf2bd8bc9'::uuid, 'What is the fundamental difference between Symmetric and Asymmetric cryptography?', 1, 1, true),
  ('81bd52d3-bcb0-c8dc-4696-53261739c869'::uuid, 'b5233a01-d982-d4ec-fd4c-729bf2bd8bc9'::uuid, 'How does a Cross-Site Request Forgery (CSRF) attack operate, and what is its standard defense?', 2, 1, true),
  ('1e1600f9-4b7a-8f88-e9bf-7208218e5006'::uuid, 'b5233a01-d982-d4ec-fd4c-729bf2bd8bc9'::uuid, 'What is the absolute primary objective of implementing a Zero Trust Architecture (ZTA)?', 3, 1, true),
  ('8c1ab622-2a9d-68fe-321c-2f15d9145c0e'::uuid, 'b5233a01-d982-d4ec-fd4c-729bf2bd8bc9'::uuid, 'Which of the following is the most robust defense against SQL Injection (SQLi) attacks?', 4, 1, true),
  ('645a0c6c-ebae-0fd3-20c5-4789dcf719a9'::uuid, 'b5233a01-d982-d4ec-fd4c-729bf2bd8bc9'::uuid, 'What is the purpose of "Salting" a password before hashing it?', 5, 1, true)
on conflict (id) do update
set examination_id = excluded.examination_id,
    question_text = excluded.question_text,
    position = excluded.position,
    points = excluded.points,
    is_active = true,
    updated_at = now();

insert into public.question_options (id, question_id, option_text, position)
values
  ('fd3167c9-69ca-18f6-cd8d-4691e3cab56c'::uuid, 'b9d39c72-58e7-03b2-610b-7b45ca54564f'::uuid, 'Symmetric uses the same key for encryption and decryption; Asymmetric uses a mathematically linked public-private key pair.', 1),
  ('862918bb-61e0-4a1e-558a-d7cc721ed2cd'::uuid, 'b9d39c72-58e7-03b2-610b-7b45ca54564f'::uuid, 'Symmetric is used only for data in transit; Asymmetric is strictly used for encrypting local database storage backups.', 2),
  ('319c804d-dcd0-e49f-7d16-906ba3a35481'::uuid, 'b9d39c72-58e7-03b2-610b-7b45ca54564f'::uuid, 'Symmetric is slow but highly secure; Asymmetric is exceptionally fast but prone to rainbow table attacks.', 3),
  ('02d5aa64-4e22-906a-a859-1e0be7065c52'::uuid, 'b9d39c72-58e7-03b2-610b-7b45ca54564f'::uuid, 'Symmetric relies on quantum entanglement properties; Asymmetric relies on high prime factorization complexity.', 4),
  ('65f2ccb3-13f7-c0b1-483b-2af94fd3c0dd'::uuid, '81bd52d3-bcb0-c8dc-4696-53261739c869'::uuid, 'It injects executable scripts into database strings; mitigated by using strict input HTML entity validation.', 1),
  ('a5afdf22-eb55-5977-42b8-2b1a6da3e85c'::uuid, '81bd52d3-bcb0-c8dc-4696-53261739c869'::uuid, 'It tricks an authenticated user''s browser into executing an unauthorized command on a trusted web application; mitigated by anti-CSRF tokens and SameSite cookie attributes.', 2),
  ('a7515e75-548c-0f85-4dbb-034e4c41fb71'::uuid, '81bd52d3-bcb0-c8dc-4696-53261739c869'::uuid, 'It intercepts unencrypted packets over local Wi-Fi networks; mitigated by setting up TLS / SSL configurations.', 3),
  ('bb1718e5-d139-f3e0-60ea-0c415afd7c71'::uuid, '81bd52d3-bcb0-c8dc-4696-53261739c869'::uuid, 'It floods servers with half-open TCP connections; mitigated by deploying reverse proxies and rate limiters.', 4),
  ('bde4cd95-3f0d-e6f3-a1a6-b217dce6fa3d'::uuid, '1e1600f9-4b7a-8f88-e9bf-7208218e5006'::uuid, 'To remove all firewalls and depend purely on cloud endpoints.', 1),
  ('33d734cb-051b-3402-5b59-840ac764b480'::uuid, '1e1600f9-4b7a-8f88-e9bf-7208218e5006'::uuid, 'To eliminate password policies and shift to biometric hardware keys exclusively.', 2),
  ('f5e53ffa-fb8b-5510-f414-17d65e1dab95'::uuid, '1e1600f9-4b7a-8f88-e9bf-7208218e5006'::uuid, 'To operate under the continuous principle of "never trust, always verify" regardless of whether access originates inside or outside the network.', 3),
  ('81176620-e178-684b-4130-baa483d6e2b3'::uuid, '1e1600f9-4b7a-8f88-e9bf-7208218e5006'::uuid, 'To secure databases by enforcing 256-bit AES encryption across public columns.', 4),
  ('4ce9334f-4c26-2f77-4fb0-8785fdd5ab71'::uuid, '8c1ab622-2a9d-68fe-321c-2f15d9145c0e'::uuid, 'Applying client-side JavaScript regex sanitization prior to form submissions.', 1),
  ('f8380f49-128a-91c3-f05c-621148a81893'::uuid, '8c1ab622-2a9d-68fe-321c-2f15d9145c0e'::uuid, 'Using parameterized queries / prepared statements instead of directly concatenating user input into SQL commands.', 2),
  ('d8554dc1-0ad4-b875-2d28-dfa54a9c0355'::uuid, '8c1ab622-2a9d-68fe-321c-2f15d9145c0e'::uuid, 'Restricting table reads using read-only database connections.', 3),
  ('bd206882-f027-6284-96a2-5b24bf2acb39'::uuid, '8c1ab622-2a9d-68fe-321c-2f15d9145c0e'::uuid, 'Using Base64 encoding for all search queries sent from browser sessions.', 4),
  ('716b657e-ec4d-ff64-2165-32848c987cbc'::uuid, '645a0c6c-ebae-0fd3-20c5-4789dcf719a9'::uuid, 'To increase the speed of the hashing algorithms during high-traffic user logins.', 1),
  ('1ebb4159-873b-fc35-4b95-fe2da37259cc'::uuid, '645a0c6c-ebae-0fd3-20c5-4789dcf719a9'::uuid, 'To encrypt the password so that it can be reversed back to plain text if the user loses it.', 2),
  ('39200fd7-cc8a-5385-ec4f-6aedd2c8871f'::uuid, '645a0c6c-ebae-0fd3-20c5-4789dcf719a9'::uuid, 'To add unique, random data to each password so that identical passwords result in different hashes, defeating precomputed rainbow tables.', 3),
  ('9cb71966-9e60-b4af-a0b4-1d68f40a0d3b'::uuid, '645a0c6c-ebae-0fd3-20c5-4789dcf719a9'::uuid, 'To compress the length of the resulting database records for better storage efficiency.', 4)
on conflict (id) do update
set question_id = excluded.question_id,
    option_text = excluded.option_text,
    position = excluded.position;

insert into public.question_answer_keys (question_id, correct_option_id)
values
  ('b9d39c72-58e7-03b2-610b-7b45ca54564f'::uuid, 'fd3167c9-69ca-18f6-cd8d-4691e3cab56c'::uuid),
  ('81bd52d3-bcb0-c8dc-4696-53261739c869'::uuid, 'a5afdf22-eb55-5977-42b8-2b1a6da3e85c'::uuid),
  ('1e1600f9-4b7a-8f88-e9bf-7208218e5006'::uuid, 'f5e53ffa-fb8b-5510-f414-17d65e1dab95'::uuid),
  ('8c1ab622-2a9d-68fe-321c-2f15d9145c0e'::uuid, 'f8380f49-128a-91c3-f05c-621148a81893'::uuid),
  ('645a0c6c-ebae-0fd3-20c5-4789dcf719a9'::uuid, '39200fd7-cc8a-5385-ec4f-6aedd2c8871f'::uuid)
on conflict (question_id) do update
set correct_option_id = excluded.correct_option_id,
    updated_at = now();

update public.exam_prices
set is_default = false, updated_at = now()
where examination_id = 'b5233a01-d982-d4ec-fd4c-729bf2bd8bc9'::uuid
  and currency <> 'NGN'
  and is_default = true;

insert into public.exam_prices (
  id, examination_id, currency, amount_minor, country_codes,
  is_default, is_active, effective_from, effective_to
) values (
  'bd047d79-5235-5b74-3b1f-d5b407afbc3f'::uuid,
  'b5233a01-d982-d4ec-fd4c-729bf2bd8bc9'::uuid,
  'NGN',
  2500000,
  array['NG']::text[],
  true,
  true,
  now(),
  null
)
on conflict (examination_id, currency) do update
set amount_minor = 2500000,
    country_codes = array['NG']::text[],
    is_default = true,
    is_active = true,
    effective_from = least(public.exam_prices.effective_from, now()),
    effective_to = null,
    updated_at = now();

-- SWEETH: Professional Software Engineering Ethics
insert into public.programmes (id, code, name, description, is_active)
values (
  '34591cf1-7971-00c9-87b7-71da4ad955b1'::uuid,
  'SWEETH',
  'Professional Software Engineering Ethics',
  'This exam evaluates ethical decision-making in software development, intellectual property issues, whistleblowing, privacy guidelines (GDPR/CCPA), and professional code of conduct standards.',
  true
)
on conflict (code) do update
set name = excluded.name,
    description = excluded.description,
    is_active = true,
    updated_at = now();

insert into public.examinations (
  id, programme_id, title, instructions, duration_minutes, pass_mark,
  status, max_attempts, randomize_questions, randomize_options,
  allow_self_enrollment, requires_payment
) values (
  '9c332310-f648-82fe-26e4-3fb3c8659603'::uuid,
  (select id from public.programmes where code = 'SWEETH'),
  'Professional Software Engineering Ethics',
  'Answer every question. This examination is timed and protected by IIPM examination integrity controls. Payment, an approved scholarship coupon or an administrator assignment is required before launch.',
  8,
  70,
  'published',
  1,
  true,
  true,
  false,
  true
)
on conflict (id) do update
set programme_id = excluded.programme_id,
    title = excluded.title,
    instructions = excluded.instructions,
    duration_minutes = excluded.duration_minutes,
    pass_mark = excluded.pass_mark,
    status = excluded.status,
    max_attempts = excluded.max_attempts,
    randomize_questions = excluded.randomize_questions,
    randomize_options = excluded.randomize_options,
    allow_self_enrollment = false,
    requires_payment = true,
    updated_at = now();

with ranked_existing as (
  select id, row_number() over (order by id) as replacement_position
  from public.questions
  where examination_id = '9c332310-f648-82fe-26e4-3fb3c8659603'::uuid
)
update public.questions q
set is_active = false,
    position = 100000 + ranked_existing.replacement_position,
    updated_at = now()
from ranked_existing
where q.id = ranked_existing.id;

insert into public.questions (id, examination_id, question_text, position, points, is_active)
values
  ('ba456051-85d0-8ac6-6465-e6ba325f1441'::uuid, '9c332310-f648-82fe-26e4-3fb3c8659603'::uuid, 'Under the ACM Code of Ethics, what is a software engineer''s primary responsibility when discovering a severe safety vulnerability in a product under development?', 1, 1, true),
  ('b494da2d-2458-8bb3-50c5-4c55f4655b1d'::uuid, '9c332310-f648-82fe-26e4-3fb3c8659603'::uuid, 'Which open-source license is classified as a "Strong Copyleft" license, requiring any derivative work to also be open-sourced under the same terms?', 2, 1, true),
  ('e5d375d7-8132-f518-c734-539cd4164a30'::uuid, '9c332310-f648-82fe-26e4-3fb3c8659603'::uuid, 'What is the fundamental ethical concern regarding "Dark Patterns" in user interface design?', 3, 1, true),
  ('16b7f790-bac9-2896-8a8b-2f1558e0b181'::uuid, '9c332310-f648-82fe-26e4-3fb3c8659603'::uuid, 'How does the GDPR "Right to be Forgotten" ethically affect database design for software applications?', 4, 1, true),
  ('0f12a5c7-63d6-97e7-7e0c-a2cd0f070caa'::uuid, '9c332310-f648-82fe-26e4-3fb3c8659603'::uuid, 'An engineer is asked to write an algorithm that intentionally prioritizes affiliate products without disclosure, contrary to user search filters. What is this a direct violation of?', 5, 1, true)
on conflict (id) do update
set examination_id = excluded.examination_id,
    question_text = excluded.question_text,
    position = excluded.position,
    points = excluded.points,
    is_active = true,
    updated_at = now();

insert into public.question_options (id, question_id, option_text, position)
values
  ('dc84509f-c9d6-6946-e6fd-b5b7376057b6'::uuid, 'ba456051-85d0-8ac6-6465-e6ba325f1441'::uuid, 'Ignore the vulnerability unless the manager explicitly creates a tracking ticket for it.', 1),
  ('d76c0dfe-5a24-cd1a-d61e-6fda80d0a2b4'::uuid, 'ba456051-85d0-8ac6-6465-e6ba325f1441'::uuid, 'Disclose the vulnerability publicly on social media immediately to warn stakeholders.', 2),
  ('26ad5075-37a0-827e-7cb9-83ac65e2fa89'::uuid, 'ba456051-85d0-8ac6-6465-e6ba325f1441'::uuid, 'Report the risk clearly to those who have the authority to act, advocating for user safety above timeline or budget constraints.', 3),
  ('471eb1e2-5e67-3876-1fe1-d9e9d03a1c12'::uuid, 'ba456051-85d0-8ac6-6465-e6ba325f1441'::uuid, 'Patch it quietly in a future minor release without notifying the security operations center.', 4),
  ('c9cb18ae-38a5-651a-6ccf-7974e22ab8c0'::uuid, 'b494da2d-2458-8bb3-50c5-4c55f4655b1d'::uuid, 'The MIT License', 1),
  ('083d5c95-3c90-d4d7-e81b-ad6343ee522e'::uuid, 'b494da2d-2458-8bb3-50c5-4c55f4655b1d'::uuid, 'The Apache 2.0 License', 2),
  ('d5e39ab1-ee15-2d60-66c6-50022de193c0'::uuid, 'b494da2d-2458-8bb3-50c5-4c55f4655b1d'::uuid, 'The GNU General Public License (GPLv3)', 3),
  ('9172ad28-94e5-cc8a-0220-b25ee3567836'::uuid, 'b494da2d-2458-8bb3-50c5-4c55f4655b1d'::uuid, 'The BSD 3-Clause License', 4),
  ('3fb75ff1-9aa7-1571-fdd1-43d90be3e97b'::uuid, 'e5d375d7-8132-f518-c734-539cd4164a30'::uuid, 'They consume too much cellular data and device battery charge.', 1),
  ('2f5b3ffc-29e6-c8b4-9d45-175adaa58627'::uuid, 'e5d375d7-8132-f518-c734-539cd4164a30'::uuid, 'They deliberately manipulate and deceive users into taking actions that run contrary to their actual intentions or best interests.', 2),
  ('f3cb4c99-6ecc-dca7-e9c1-db5421b813ae'::uuid, 'e5d375d7-8132-f518-c734-539cd4164a30'::uuid, 'They do not match modern dark-theme CSS accessibility standards.', 3),
  ('7da2879b-9335-e9d1-6509-afd5b7a175bb'::uuid, 'e5d375d7-8132-f518-c734-539cd4164a30'::uuid, 'They restrict the layout of grids and grids-spacing on tablet devices.', 4),
  ('0cea5c8c-34f4-2313-00eb-84f9cb53a8d6'::uuid, '16b7f790-bac9-2896-8a8b-2f1558e0b181'::uuid, 'It requires all audit logs to be completely erased every 24 hours.', 1),
  ('1b39c6ce-9aca-1e72-717e-01dee6b0f69c'::uuid, '16b7f790-bac9-2896-8a8b-2f1558e0b181'::uuid, 'It mandates that users must be able to completely delete all their personal data from active tables and backups securely, unless legally exempted.', 2),
  ('fde2421e-38d9-ab50-fc23-96af062bf28c'::uuid, '16b7f790-bac9-2896-8a8b-2f1558e0b181'::uuid, 'It demands that no user data ever be written to disk; it must reside in RAM cache.', 3),
  ('629bdd95-472d-a627-71d4-bdc78e67bf73'::uuid, '16b7f790-bac9-2896-8a8b-2f1558e0b181'::uuid, 'It requires that password hashes are rotated automatically on a bi-monthly basis.', 4),
  ('51934fa1-8bef-1d8b-1511-ceef9e721799'::uuid, '0f12a5c7-63d6-97e7-7e0c-a2cd0f070caa'::uuid, 'System architecture scalability standards.', 1),
  ('7cf73605-c9a6-821c-3ac2-1fa4c97500b5'::uuid, '0f12a5c7-63d6-97e7-7e0c-a2cd0f070caa'::uuid, 'The ethical duty of transparency and avoiding deceptive representations to the public.', 2),
  ('bd7c20fb-371f-3dd7-e769-53f593740ef6'::uuid, '0f12a5c7-63d6-97e7-7e0c-a2cd0f070caa'::uuid, 'Symmetric encryption standard compliance.', 3),
  ('93920cbd-fc92-dc2a-269e-127c9185e149'::uuid, '0f12a5c7-63d6-97e7-7e0c-a2cd0f070caa'::uuid, 'The Apache software foundation guideline principles.', 4)
on conflict (id) do update
set question_id = excluded.question_id,
    option_text = excluded.option_text,
    position = excluded.position;

insert into public.question_answer_keys (question_id, correct_option_id)
values
  ('ba456051-85d0-8ac6-6465-e6ba325f1441'::uuid, '26ad5075-37a0-827e-7cb9-83ac65e2fa89'::uuid),
  ('b494da2d-2458-8bb3-50c5-4c55f4655b1d'::uuid, 'd5e39ab1-ee15-2d60-66c6-50022de193c0'::uuid),
  ('e5d375d7-8132-f518-c734-539cd4164a30'::uuid, '2f5b3ffc-29e6-c8b4-9d45-175adaa58627'::uuid),
  ('16b7f790-bac9-2896-8a8b-2f1558e0b181'::uuid, '1b39c6ce-9aca-1e72-717e-01dee6b0f69c'::uuid),
  ('0f12a5c7-63d6-97e7-7e0c-a2cd0f070caa'::uuid, '7cf73605-c9a6-821c-3ac2-1fa4c97500b5'::uuid)
on conflict (question_id) do update
set correct_option_id = excluded.correct_option_id,
    updated_at = now();

update public.exam_prices
set is_default = false, updated_at = now()
where examination_id = '9c332310-f648-82fe-26e4-3fb3c8659603'::uuid
  and currency <> 'NGN'
  and is_default = true;

insert into public.exam_prices (
  id, examination_id, currency, amount_minor, country_codes,
  is_default, is_active, effective_from, effective_to
) values (
  'a593d86f-c186-4cb8-4bc5-f6506742f76b'::uuid,
  '9c332310-f648-82fe-26e4-3fb3c8659603'::uuid,
  'NGN',
  2500000,
  array['NG']::text[],
  true,
  true,
  now(),
  null
)
on conflict (examination_id, currency) do update
set amount_minor = 2500000,
    country_codes = array['NG']::text[],
    is_default = true,
    is_active = true,
    effective_from = least(public.exam_prices.effective_from, now()),
    effective_to = null,
    updated_at = now();

-- HRMFC: Human Resource Management Foundation Certified (HRMFC)
insert into public.programmes (id, code, name, description, is_active)
values (
  '10000000-0000-4000-8000-000000000101'::uuid,
  'HRMFC',
  'Human Resource Management Foundation Certified (HRMFC)',
  'This foundation assessment evaluates core concepts of Human Resource Management, including employee lifecycles, structured onboarding, legal compliance, job analysis, and compensation models.',
  true
)
on conflict (code) do update
set name = excluded.name,
    description = excluded.description,
    is_active = true,
    updated_at = now();

insert into public.examinations (
  id, programme_id, title, instructions, duration_minutes, pass_mark,
  status, max_attempts, randomize_questions, randomize_options,
  allow_self_enrollment, requires_payment
) values (
  '20000000-0000-4000-8000-000000000101'::uuid,
  (select id from public.programmes where code = 'HRMFC'),
  'Human Resource Management Foundation Certified (HRMFC)',
  'Answer every question. This examination is timed and protected by IIPM examination integrity controls. Payment, an approved scholarship coupon or an administrator assignment is required before launch.',
  10,
  70,
  'published',
  1,
  true,
  true,
  false,
  true
)
on conflict (id) do update
set programme_id = excluded.programme_id,
    title = excluded.title,
    instructions = excluded.instructions,
    duration_minutes = excluded.duration_minutes,
    pass_mark = excluded.pass_mark,
    status = excluded.status,
    max_attempts = excluded.max_attempts,
    randomize_questions = excluded.randomize_questions,
    randomize_options = excluded.randomize_options,
    allow_self_enrollment = false,
    requires_payment = true,
    updated_at = now();

with ranked_existing as (
  select id, row_number() over (order by id) as replacement_position
  from public.questions
  where examination_id = '20000000-0000-4000-8000-000000000101'::uuid
)
update public.questions q
set is_active = false,
    position = 100000 + ranked_existing.replacement_position,
    updated_at = now()
from ranked_existing
where q.id = ranked_existing.id;

insert into public.questions (id, examination_id, question_text, position, points, is_active)
values
  ('0f72d947-2584-d9c1-6887-527d5cbd8bb0'::uuid, '20000000-0000-4000-8000-000000000101'::uuid, 'What is the primary strategic objective of Human Resource Management (HRM) within an organization?', 1, 1, true),
  ('4e7fd8a6-756e-7ad9-6939-edada58eeb03'::uuid, '20000000-0000-4000-8000-000000000101'::uuid, 'Which stage of the employee lifecycle is explicitly designed to integrate a new hire into the organization''s culture, compliance guidelines, and performance expectations?', 2, 1, true),
  ('3bd79ad3-3292-ffd9-2978-70422929ddcb'::uuid, '20000000-0000-4000-8000-000000000101'::uuid, 'Under standard labor guidelines, what does the principle of "At-Will Employment" mean for the employment relationship?', 3, 1, true),
  ('bf733691-5269-a4b9-fcb8-3062e4adc9eb'::uuid, '20000000-0000-4000-8000-000000000101'::uuid, 'What is the primary purpose of executing a formal "Job Analysis"?', 4, 1, true),
  ('c8e62ffb-aa40-3b2a-bf4b-9c8356c2c532'::uuid, '20000000-0000-4000-8000-000000000101'::uuid, 'Which standard compensation component links an employee''s payout directly to individual, team, or company-wide performance achievements?', 5, 1, true)
on conflict (id) do update
set examination_id = excluded.examination_id,
    question_text = excluded.question_text,
    position = excluded.position,
    points = excluded.points,
    is_active = true,
    updated_at = now();

insert into public.question_options (id, question_id, option_text, position)
values
  ('c3dcdbf5-9c4d-c380-e5e1-e21f8552d525'::uuid, '0f72d947-2584-d9c1-6887-527d5cbd8bb0'::uuid, 'To manage physical workspace facilities and administrative office supply inventories.', 1),
  ('74d1996f-f985-b010-aeed-79b0e7aa83fb'::uuid, '0f72d947-2584-d9c1-6887-527d5cbd8bb0'::uuid, 'To align and optimize human capital and workforce capabilities to achieve organizational goals.', 2),
  ('f20632d0-11c4-b9a5-eb91-4f506541cc5b'::uuid, '0f72d947-2584-d9c1-6887-527d5cbd8bb0'::uuid, 'To oversee computer network infrastructure and manage code repositories.', 3),
  ('6330f6a1-6c7c-3f90-85da-11437c76742b'::uuid, '0f72d947-2584-d9c1-6887-527d5cbd8bb0'::uuid, 'To design advertising copy and handle external customer sales inquiries.', 4),
  ('828a42d1-8c4b-c87b-f57a-d2b8ca11ee78'::uuid, '4e7fd8a6-756e-7ad9-6939-edada58eeb03'::uuid, 'Pre-screening / Sourcing', 1),
  ('4a2750d5-ee5f-3bbb-43f1-807f4acd757d'::uuid, '4e7fd8a6-756e-7ad9-6939-edada58eeb03'::uuid, 'Structured Onboarding', 2),
  ('a6bd322b-0595-0f8b-8532-a6792d14a5e8'::uuid, '4e7fd8a6-756e-7ad9-6939-edada58eeb03'::uuid, 'Annual Performance Appraisal', 3),
  ('c2347b25-e2d3-e74c-7f3a-4f3e362206a0'::uuid, '4e7fd8a6-756e-7ad9-6939-edada58eeb03'::uuid, 'Offboarding / Exit Interview', 4),
  ('200e3fb2-3db5-8cf4-ef75-869f848e82e1'::uuid, '3bd79ad3-3292-ffd9-2978-70422929ddcb'::uuid, 'Employees are legally bound to a non-negotiable five-year employment duration.', 1),
  ('83322715-0564-72e9-a9e7-1fac8a02bf6c'::uuid, '3bd79ad3-3292-ffd9-2978-70422929ddcb'::uuid, 'Either the employer or the employee can terminate the employment at any time, for any lawful reason, with or without notice.', 2),
  ('e97ee793-4a17-3113-07f8-c4949a951969'::uuid, '3bd79ad3-3292-ffd9-2978-70422929ddcb'::uuid, 'Employees must authorize all financial budget decisions within their respective departments.', 3),
  ('bc4f4084-ed41-28aa-9502-393f34b5eb48'::uuid, '3bd79ad3-3292-ffd9-2978-70422929ddcb'::uuid, 'The government acts as the primary arbitrator for all annual salary reviews.', 4),
  ('b637b255-992a-b00e-8a26-4529d42756e8'::uuid, 'bf733691-5269-a4b9-fcb8-3062e4adc9eb'::uuid, 'To analyze the competitor''s market share and product pricing.', 1),
  ('75e778ee-7be1-a424-bf90-f2f12989f3e0'::uuid, 'bf733691-5269-a4b9-fcb8-3062e4adc9eb'::uuid, 'To systematically identify and define the specific duties, responsibilities, required skills, and working conditions of a role.', 2),
  ('5dc66aab-1b58-8360-acba-a8795ee0c2eb'::uuid, 'bf733691-5269-a4b9-fcb8-3062e4adc9eb'::uuid, 'To organize company retreats and schedule team bonding events.', 3),
  ('e5be11e6-2d7a-e12e-2600-bc3c944e09e7'::uuid, 'bf733691-5269-a4b9-fcb8-3062e4adc9eb'::uuid, 'To optimize load balancing on database servers.', 4),
  ('4db20786-904c-87ad-150e-9ada9309406c'::uuid, 'c8e62ffb-aa40-3b2a-bf4b-9c8356c2c532'::uuid, 'Fixed Hourly Wage', 1),
  ('15cc8ab6-f959-d0d8-f708-8ffa54535b53'::uuid, 'c8e62ffb-aa40-3b2a-bf4b-9c8356c2c532'::uuid, 'Variable Incentive Compensation (Performance-Based Bonus)', 2),
  ('1dc18979-a205-dd0a-601c-d96b465acb17'::uuid, 'c8e62ffb-aa40-3b2a-bf4b-9c8356c2c532'::uuid, 'Flat Base Salary', 3),
  ('f3af452d-12c7-1753-e564-a161401b9aa7'::uuid, 'c8e62ffb-aa40-3b2a-bf4b-9c8356c2c532'::uuid, 'Employer-Sponsored Pension Plan', 4)
on conflict (id) do update
set question_id = excluded.question_id,
    option_text = excluded.option_text,
    position = excluded.position;

insert into public.question_answer_keys (question_id, correct_option_id)
values
  ('0f72d947-2584-d9c1-6887-527d5cbd8bb0'::uuid, '74d1996f-f985-b010-aeed-79b0e7aa83fb'::uuid),
  ('4e7fd8a6-756e-7ad9-6939-edada58eeb03'::uuid, '4a2750d5-ee5f-3bbb-43f1-807f4acd757d'::uuid),
  ('3bd79ad3-3292-ffd9-2978-70422929ddcb'::uuid, '83322715-0564-72e9-a9e7-1fac8a02bf6c'::uuid),
  ('bf733691-5269-a4b9-fcb8-3062e4adc9eb'::uuid, '75e778ee-7be1-a424-bf90-f2f12989f3e0'::uuid),
  ('c8e62ffb-aa40-3b2a-bf4b-9c8356c2c532'::uuid, '15cc8ab6-f959-d0d8-f708-8ffa54535b53'::uuid)
on conflict (question_id) do update
set correct_option_id = excluded.correct_option_id,
    updated_at = now();

update public.exam_prices
set is_default = false, updated_at = now()
where examination_id = '20000000-0000-4000-8000-000000000101'::uuid
  and currency <> 'NGN'
  and is_default = true;

insert into public.exam_prices (
  id, examination_id, currency, amount_minor, country_codes,
  is_default, is_active, effective_from, effective_to
) values (
  '0797e178-f59c-c705-58aa-1d55f65c60cb'::uuid,
  '20000000-0000-4000-8000-000000000101'::uuid,
  'NGN',
  2500000,
  array['NG']::text[],
  true,
  true,
  now(),
  null
)
on conflict (examination_id, currency) do update
set amount_minor = 2500000,
    country_codes = array['NG']::text[],
    is_default = true,
    is_active = true,
    effective_from = least(public.exam_prices.effective_from, now()),
    effective_to = null,
    updated_at = now();

-- CHRMG: Certified Human Resource Management Generalist (CHRMG)
insert into public.programmes (id, code, name, description, is_active)
values (
  '725770db-8a05-7224-477f-4b3eeb0cf92a'::uuid,
  'CHRMG',
  'Certified Human Resource Management Generalist (CHRMG)',
  '50 Scenario-Based Questions. Focus: Employee Relations, Recruitment, Total Rewards, Performance Management, and Labor Compliance.',
  true
)
on conflict (code) do update
set name = excluded.name,
    description = excluded.description,
    is_active = true,
    updated_at = now();

insert into public.examinations (
  id, programme_id, title, instructions, duration_minutes, pass_mark,
  status, max_attempts, randomize_questions, randomize_options,
  allow_self_enrollment, requires_payment
) values (
  '61265cc5-3b98-ad6c-85bc-7c145c7d06a1'::uuid,
  (select id from public.programmes where code = 'CHRMG'),
  'Certified Human Resource Management Generalist (CHRMG)',
  'Answer every question. This examination is timed and protected by IIPM examination integrity controls. Payment, an approved scholarship coupon or an administrator assignment is required before launch.',
  60,
  70,
  'published',
  1,
  true,
  true,
  false,
  true
)
on conflict (id) do update
set programme_id = excluded.programme_id,
    title = excluded.title,
    instructions = excluded.instructions,
    duration_minutes = excluded.duration_minutes,
    pass_mark = excluded.pass_mark,
    status = excluded.status,
    max_attempts = excluded.max_attempts,
    randomize_questions = excluded.randomize_questions,
    randomize_options = excluded.randomize_options,
    allow_self_enrollment = false,
    requires_payment = true,
    updated_at = now();

with ranked_existing as (
  select id, row_number() over (order by id) as replacement_position
  from public.questions
  where examination_id = '61265cc5-3b98-ad6c-85bc-7c145c7d06a1'::uuid
)
update public.questions q
set is_active = false,
    position = 100000 + ranked_existing.replacement_position,
    updated_at = now()
from ranked_existing
where q.id = ranked_existing.id;

insert into public.questions (id, examination_id, question_text, position, points, is_active)
values
  ('e1a2bffd-60a3-30b4-7361-715de43ed17f'::uuid, '61265cc5-3b98-ad6c-85bc-7c145c7d06a1'::uuid, 'Scenario: An employee submits a formal complaint to HR stating that their immediate manager has been making inappropriate personal remarks. The employee expresses fear of retaliation. What is the most critical immediate action the HR Generalist must take?', 1, 1, true),
  ('28b6a3ca-39ed-eed4-7d7e-566c281ae334'::uuid, '61265cc5-3b98-ad6c-85bc-7c145c7d06a1'::uuid, 'Scenario: A team of software engineers reports a persistent clash between two senior designers regarding product styling, which is delaying project milestones. What conflict resolution technique should the HR Generalist facilitate to achieve a sustainable, win-win outcome?', 2, 1, true),
  ('46e2ecc0-415f-5760-3a78-545b3d77c0bd'::uuid, '61265cc5-3b98-ad6c-85bc-7c145c7d06a1'::uuid, 'Scenario: A customer service agent with high customer ratings is found to be consistently late for work. Following the company’s progressive discipline policy, the supervisor wants to issue an immediate suspension. What is HR''s role in advising this supervisor?', 3, 1, true),
  ('0729f5b4-01f9-24c2-edb5-5bc803c7f6ec'::uuid, '61265cc5-3b98-ad6c-85bc-7c145c7d06a1'::uuid, 'Scenario: During an exit interview, a high-performing analyst states that they are resigning because their supervisor has repeatedly changed performance targets without notice and excluded them from core client presentations. What does this situation indicate to HR strategically?', 4, 1, true),
  ('05866145-6964-f163-b799-a658a26eddfd'::uuid, '61265cc5-3b98-ad6c-85bc-7c145c7d06a1'::uuid, 'Scenario: An HR Generalist is reviewing engagement survey results for a division experiencing high turnover. The data shows that while employees are happy with benefits, they feel highly disconnected from management decision-making. What is the most constructive response?', 5, 1, true),
  ('e402313d-fe29-2d93-de9c-02dadb5de791'::uuid, '61265cc5-3b98-ad6c-85bc-7c145c7d06a1'::uuid, 'Scenario: An employee claims they were forced to resign because the company made their working conditions intolerable by cutting their pay by 20% and changing their shift to overnight without reason. What legal risk does this scenario present to the company?', 6, 1, true),
  ('3f047e87-64df-92fe-997a-97d7b0e672b4'::uuid, '61265cc5-3b98-ad6c-85bc-7c145c7d06a1'::uuid, 'Scenario: An HR Generalist is conducting stay interviews with critical software developers. Several developers express that while they enjoy their work, they are constantly approached by external recruiters offering remote options. What should HR recommend?', 7, 1, true),
  ('7780436a-b3a1-c569-17f3-3eb3d0699ac8'::uuid, '61265cc5-3b98-ad6c-85bc-7c145c7d06a1'::uuid, 'Scenario: A company is planning a major restructuring that will eliminate several roles and introduce new operational technologies. HR is tasked with managing employee anxiety and maintaining engagement. What should be HR''s primary communication strategy?', 8, 1, true),
  ('91650bff-495c-6356-7d05-d69ad7f0dae8'::uuid, '61265cc5-3b98-ad6c-85bc-7c145c7d06a1'::uuid, 'Scenario: A top-performing sales executive is accused of bullying junior sales coordinators. The head of sales asks HR to ignore the complaint because the executive generates 40% of the department''s revenue. How should HR respond?', 9, 1, true),
  ('0c93857f-219a-fd5b-95d3-013242c2e8d3'::uuid, '61265cc5-3b98-ad6c-85bc-7c145c7d06a1'::uuid, 'Scenario: An employee requests to bring an external legal counsel into a routine internal meeting with their manager regarding a minor performance concern. What is the standard HR generalist best practice in this scenario?', 10, 1, true),
  ('379893d1-c37f-bfd5-dc35-e71013ffba81'::uuid, '61265cc5-3b98-ad6c-85bc-7c145c7d06a1'::uuid, 'Scenario: A logistics company needs to recruit 100 delivery drivers in a short period due to seasonal expansion. The HR Generalist needs to select a sourcing and screening strategy that is fast but reliable. Which approach is most effective?', 11, 1, true),
  ('55cd2433-5ec8-5308-93e9-c6d6f444f4c3'::uuid, '61265cc5-3b98-ad6c-85bc-7c145c7d06a1'::uuid, 'Scenario: To reduce subjectivity and personal bias in hiring, the Head of HR wants to reform the interviewing process for administrative roles. What interview design has the highest predictive validity?', 12, 1, true),
  ('23da23af-ab7d-edc3-d710-6afb2db71873'::uuid, '61265cc5-3b98-ad6c-85bc-7c145c7d06a1'::uuid, 'Scenario: A tech company wishes to move from hiring for "cultural fit" to "cultural add" in its engineering department. What is the fundamental difference between these two philosophies?', 13, 1, true),
  ('e8a60d28-543f-4c4a-0243-5fb6a8c69af2'::uuid, '61265cc5-3b98-ad6c-85bc-7c145c7d06a1'::uuid, 'Scenario: During an interview debrief, a hiring manager states that they want to hire a candidate because they went to the same university and are highly energetic, ignoring the fact that the candidate scored poorly on the technical assessment. What cognitive bias is the manager exhibiting?', 14, 1, true),
  ('3cbf1034-7902-ff47-1ac9-ef2226d8d87e'::uuid, '61265cc5-3b98-ad6c-85bc-7c145c7d06a1'::uuid, 'Scenario: An HR Generalist is evaluating a recruitment pipeline and notices that while candidate attraction is high, 45% of offers in the customer success department are rejected. What is the first diagnostic step HR should take?', 15, 1, true),
  ('6091d539-3480-4d7e-5a76-31a2a52ddd5d'::uuid, '61265cc5-3b98-ad6c-85bc-7c145c7d06a1'::uuid, 'Scenario: When conducting background checks for a candidate who is about to be offered a financial clerk position, HR receives a highly enthusiastic reference letter from a relative, but the candidate''s previous employer refuses to disclose anything other than dates of employment. How should HR handle this?', 16, 1, true),
  ('0171965e-0f65-f11d-3840-2fc4d3148787'::uuid, '61265cc5-3b98-ad6c-85bc-7c145c7d06a1'::uuid, 'Scenario: A manufacturing company wants to implement pre-employment tests to evaluate the manual dexterity and safety alignment of machinery operators. To ensure the tests are legally defensible, what must HR verify?', 17, 1, true),
  ('07eb2bf0-cacd-b69c-7064-ced34bab6cc3'::uuid, '61265cc5-3b98-ad6c-85bc-7c145c7d06a1'::uuid, 'Scenario: A tech startup is experiencing high voluntary turnover among engineers who quit within their first 6 months. Exit surveys indicate they felt the actual job duties were completely different from what was described during recruitment. What is the best solution?', 18, 1, true),
  ('417b6571-2152-8f4c-5317-30e91023f5ab'::uuid, '61265cc5-3b98-ad6c-85bc-7c145c7d06a1'::uuid, 'Scenario: A financial services firm wants to improve its onboarding process to increase first-year retention. Which structure represents the most strategic and complete onboarding framework?', 19, 1, true),
  ('7e09340b-a075-c9e6-767d-6afb614b7c0c'::uuid, '61265cc5-3b98-ad6c-85bc-7c145c7d06a1'::uuid, 'Scenario: An employee submits a medical request for a specialized ergonomic desk chair and a software text-to-speech reader due to a physical disability. How should the HR Generalist proceed under accommodation frameworks?', 20, 1, true),
  ('989a0716-b446-109a-2ff5-531e334970d4'::uuid, '61265cc5-3b98-ad6c-85bc-7c145c7d06a1'::uuid, 'Scenario: To address high burnout rates in customer operations, HR wants to implement a wellness initiative. Which of the following approaches is most likely to deliver a measurable, positive impact on employee retention?', 21, 1, true),
  ('ba010e80-caf6-acde-950d-a7ea9ac52166'::uuid, '61265cc5-3b98-ad6c-85bc-7c145c7d06a1'::uuid, 'Scenario: During calibration, the HR team realizes that the company''s baby-boomer generation managers are reporting high frustration with younger Gen Z hires, citing different communications and remote work expectations. How should HR intervene?', 22, 1, true),
  ('8b9f5794-38b0-16d4-f0ea-c5608a8ef28e'::uuid, '61265cc5-3b98-ad6c-85bc-7c145c7d06a1'::uuid, 'Scenario: An HR Generalist is looking for ways to enrich the roles of senior customer service representatives who are bored but do not want to move into people-management. Which job design approach should HR implement?', 23, 1, true),
  ('0dabc9f4-4cff-6a60-252c-89a3b9a805de'::uuid, '61265cc5-3b98-ad6c-85bc-7c145c7d06a1'::uuid, 'Scenario: To increase workforce flexibility and reduce facility costs, the executive committee asks HR to review compressed workweek configurations. What is a standard compressed workweek setup?', 24, 1, true),
  ('4e171bba-889c-f0b1-e789-18ea59a72d96'::uuid, '61265cc5-3b98-ad6c-85bc-7c145c7d06a1'::uuid, 'Scenario: A company is struggling to attract talent. The VP of Talent wants to track the effectiveness of the company''s Employer Value Proposition (EVP). Which metric is the most direct indicator of EVP health?', 25, 1, true),
  ('98536c25-d06b-c9de-1c42-03ac8a648d00'::uuid, '61265cc5-3b98-ad6c-85bc-7c145c7d06a1'::uuid, 'Scenario: A medium-sized enterprise wants to overhaul its compensation structure to ensure internal equity. Which job evaluation methodology provides the most objective, quantitative system for ranking roles based on compensable factors?', 26, 1, true),
  ('91c2c7a2-0400-d49b-8567-d4100520ae7d'::uuid, '61265cc5-3b98-ad6c-85bc-7c145c7d06a1'::uuid, 'Scenario: HR wants to establish a competitive pay policy that attracts high-caliber talent but remains financially sustainable. What strategy should HR recommend to the board regarding market-pricing benchmarks?', 27, 1, true),
  ('108e99c7-357c-e96e-5f1e-ac30af692f60'::uuid, '61265cc5-3b98-ad6c-85bc-7c145c7d06a1'::uuid, 'Scenario: An HR Generalist is auditing employee classifications under fair labor standards. They discover several executive assistants are classified as "exempt" from overtime pay, even though their primary duties are administrative support, scheduling, and data entry. What is the risk, and what is the correction?', 28, 1, true),
  ('882a087c-1463-846f-852d-05fa84520c7f'::uuid, '61265cc5-3b98-ad6c-85bc-7c145c7d06a1'::uuid, 'Scenario: To manage rising medical insurance premium costs, a company wants to transition to a consumer-directed health plan (CDHP). What typical benefits configuration should HR communicate to employees?', 29, 1, true),
  ('1e8271cf-4848-c385-e2e1-edd7724c9177'::uuid, '61265cc5-3b98-ad6c-85bc-7c145c7d06a1'::uuid, 'Scenario: HR is designing a rewards framework for a remote sales team. Focus groups reveal that reps value professional development as much as cash bonuses. What rewards model should HR adopt?', 30, 1, true),
  ('8e52a22a-2967-35aa-6c16-4e8477f9323b'::uuid, '61265cc5-3b98-ad6c-85bc-7c145c7d06a1'::uuid, 'Scenario: An employee discovers that a newly hired colleague with less tenure in an identical role is earning 15% more base salary. The employee files a complaint alleging pay discrimination. How should HR handle this pay disparity?', 31, 1, true),
  ('45eedf84-da51-eb91-980b-cc4aa9979b4f'::uuid, '61265cc5-3b98-ad6c-85bc-7c145c7d06a1'::uuid, 'Scenario: A global firm needs to temporarily relocate a senior project manager from headquarters to a foreign subsidiary for 12 months. Which compensation approach is standard for maintaining the manager''s purchasing power and covering relocation costs?', 32, 1, true),
  ('c32c9279-0175-a667-d841-7cadf92eb70b'::uuid, '61265cc5-3b98-ad6c-85bc-7c145c7d06a1'::uuid, 'Scenario: An HR Generalist is designing a 360-degree feedback program for mid-level managers. What is the primary best-practice application of 360-degree feedback data?', 33, 1, true),
  ('8833cff3-f274-4fb8-5089-e58e66a34d05'::uuid, '61265cc5-3b98-ad6c-85bc-7c145c7d06a1'::uuid, 'Scenario: Following annual reviews, the HR Director notices that 90% of employees in the administrative department were rated "exceeds expectations," while the engineering department has a balanced bell-curve of ratings. What intervention should HR implement?', 34, 1, true),
  ('cdd31db7-82c1-427b-7632-e4435b241c68'::uuid, '61265cc5-3b98-ad6c-85bc-7c145c7d06a1'::uuid, 'Scenario: To improve rating clarity, HR wants to replace the standard 1-to-5 graphic rating scale with a Behaviorally Anchored Rating Scale (BARS). What is the primary benefit of BARS?', 35, 1, true),
  ('96a76c91-aab7-a117-4df5-3cbe9d2e6e06'::uuid, '61265cc5-3b98-ad6c-85bc-7c145c7d06a1'::uuid, 'Scenario: A historically high-performing administrative assistant has recently made several data-entry errors and missed core deadlines. The supervisor wants to place them on a formal PIP immediately. What should HR recommend first?', 36, 1, true),
  ('50069271-4623-5996-284a-e1ae95649a79'::uuid, '61265cc5-3b98-ad6c-85bc-7c145c7d06a1'::uuid, 'Scenario: A company CEO wants to introduce a "forced distribution" performance appraisal model where the bottom 10% of employees are automatically terminated every year. What should HR warn the CEO about regarding this system?', 37, 1, true),
  ('c3ae08fd-b0b3-ad16-809e-f2f0d82b8bdb'::uuid, '61265cc5-3b98-ad6c-85bc-7c145c7d06a1'::uuid, 'Scenario: Frontline employees complain that their annual performance appraisal is stressful because they only receive feedback once a year and are surprised by negative supervisor comments. What structural reform should HR implement?', 38, 1, true),
  ('643e2183-76f2-61a0-f5ee-a0f9c1dfc995'::uuid, '61265cc5-3b98-ad6c-85bc-7c145c7d06a1'::uuid, 'Scenario: What is the fundamental difference between "Coaching" and "Mentoring" in talent development?', 39, 1, true),
  ('4b7b74cf-798f-4192-0209-efc2ad17ca1d'::uuid, '61265cc5-3b98-ad6c-85bc-7c145c7d06a1'::uuid, 'Scenario: To ensure individual goals directly support the company’s strategic business objectives, which goal-setting methodology should HR implement?', 40, 1, true),
  ('92d05c12-8b01-d99e-dc80-5515ecd0a0ee'::uuid, '61265cc5-3b98-ad6c-85bc-7c145c7d06a1'::uuid, 'Scenario: A manufacturing division wants to purchase a $50,000 training program for forklift operators. The L&D Specialist wants to ensure the program will address the actual root cause of warehouse delays. What should be the first step under the ADDIE framework?', 41, 1, true),
  ('781f232f-ee06-e61c-a3df-76e392e03050'::uuid, '61265cc5-3b98-ad6c-85bc-7c145c7d06a1'::uuid, 'Scenario: A company wants to design a training program for its senior managers. According to Knowles’ Theory of Andragogy (Adult Learning), which design principle will maximize manager engagement?', 42, 1, true),
  ('ec329323-c55f-e0f3-34f3-a10f38934b85'::uuid, '61265cc5-3b98-ad6c-85bc-7c145c7d06a1'::uuid, 'Scenario: The CFO demands that HR evaluate the effectiveness of a newly implemented leadership development program. To measure behavioral transfer (the degree to which participants apply training back on the job), which Kirkpatrick level must HR target?', 43, 1, true),
  ('225e0ad8-5a5d-40b9-e5d8-9b2407870eb3'::uuid, '61265cc5-3b98-ad6c-85bc-7c145c7d06a1'::uuid, 'Scenario: A multinational retail chain wants to train 10,000 retail clerks on new POS terminal safety features in 2 weeks. The clerks have limited time during their shifts. What L&D modality should HR select?', 44, 1, true),
  ('d50d3237-b240-81b9-1499-6d23ea534c52'::uuid, '61265cc5-3b98-ad6c-85bc-7c145c7d06a1'::uuid, 'Scenario: To accelerate the technical development of junior financial analysts, HR wants to implement a mentorship program. Which structure will yield the highest success rate?', 45, 1, true),
  ('1d1a8a93-7dd7-1fd2-68a3-e572fa941047'::uuid, '61265cc5-3b98-ad6c-85bc-7c145c7d06a1'::uuid, 'Scenario: An employee requests 6 weeks of leave to care for a family member with a serious health condition. What is the standard HR generalist compliance priority regarding job-protected leave?', 46, 1, true),
  ('0a29e9a7-990c-9490-f780-4bafb6a8ac0f'::uuid, '61265cc5-3b98-ad6c-85bc-7c145c7d06a1'::uuid, 'Scenario: A warehouse operator reports a physical safety hazard regarding broken safety guards on a conveyor belt. The warehouse manager tells the operator to ignore it and continue working. How must the HR Generalist intervene?', 47, 1, true),
  ('502ac78d-3f96-235c-b4e8-228f38a74765'::uuid, '61265cc5-3b98-ad6c-85bc-7c145c7d06a1'::uuid, 'Scenario: A company operates a unionized manufacturing facility. Management wants to make a unilateral change to the employee health benefit plans. What is HR''s counsel to the site director?', 48, 1, true),
  ('71537dc8-35ab-8e41-8af4-49207c61c089'::uuid, '61265cc5-3b98-ad6c-85bc-7c145c7d06a1'::uuid, 'Scenario: HR wants to evaluate the stability of its workforce. During the year, the company had 50 separations and maintained an average headcount of 500 employees. What is the annual turnover rate?', 49, 1, true),
  ('b946e422-f179-c425-d5c7-f8f19e0aaff3'::uuid, '61265cc5-3b98-ad6c-85bc-7c145c7d06a1'::uuid, 'Scenario: A manager consistently speaks in a loud, aggressive tone during project review meetings and critiques employee work in front of colleagues. An employee files a complaint alleging workplace harassment and bullying. How should HR analyze this?', 50, 1, true)
on conflict (id) do update
set examination_id = excluded.examination_id,
    question_text = excluded.question_text,
    position = excluded.position,
    points = excluded.points,
    is_active = true,
    updated_at = now();

insert into public.question_options (id, question_id, option_text, position)
values
  ('1587aa85-f1ce-1917-8ed3-53bf815fc2de'::uuid, 'e1a2bffd-60a3-30b4-7361-715de43ed17f'::uuid, 'Advise the employee to submit a transfer request first, then talk to the manager.', 1),
  ('e87228cf-9054-6625-4b80-aa6be449df0b'::uuid, 'e1a2bffd-60a3-30b4-7361-715de43ed17f'::uuid, 'Reassure the employee of anti-retaliation policies, document the grievance, and initiate a prompt, objective investigation.', 2),
  ('284c3a34-2f9a-bf28-5459-38d9907c17dc'::uuid, 'e1a2bffd-60a3-30b4-7361-715de43ed17f'::uuid, 'Confront the manager immediately in an informal meeting and demand that they apologize to the employee.', 3),
  ('2eaa7b3b-ddbb-abbf-2b18-a8e89d23bad1'::uuid, 'e1a2bffd-60a3-30b4-7361-715de43ed17f'::uuid, 'Advise the employee to resolve the issue directly with the manager to preserve the working relationship.', 4),
  ('ff19af9b-aee4-3861-b986-3f7aa2bd27af'::uuid, '28b6a3ca-39ed-eed4-7d7e-566c281ae334'::uuid, 'Forcing: Instruct the project manager to select one designer''s styling rules and mandate compliance.', 1),
  ('22f61af6-9c0f-fda6-36ba-f98382bc1ef1'::uuid, '28b6a3ca-39ed-eed4-7d7e-566c281ae334'::uuid, 'Avoiding: Reassign one of the senior designers to a completely different engineering unit.', 2),
  ('d6c468a3-445f-dac9-5517-01ee19fb99dc'::uuid, '28b6a3ca-39ed-eed4-7d7e-566c281ae334'::uuid, 'Collaborating: Guide both designers in a structured brainstorming session to integrate their ideas and align on shared criteria.', 3),
  ('f8806745-46ed-08b0-8b1b-4ea47f62f00f'::uuid, '28b6a3ca-39ed-eed4-7d7e-566c281ae334'::uuid, 'Accommodating: Ask one designer to give in to the other''s ideas to maintain harmony.', 4),
  ('4b386289-de32-217e-d52a-620b711e5839'::uuid, '46e2ecc0-415f-5760-3a78-545b3d77c0bd'::uuid, 'Approve the suspension because attendance is a basic requirement, regardless of past performance.', 1),
  ('c61f9953-6fbe-370b-38c5-69e6c99f441a'::uuid, '46e2ecc0-415f-5760-3a78-545b3d77c0bd'::uuid, 'Advise the supervisor to verify that previous progressive steps (verbal and written warnings) were documented and issued before proceeding to suspension.', 2),
  ('7a0e9b08-610c-5a7b-beb7-a5dc5a4e7256'::uuid, '46e2ecc0-415f-5760-3a78-545b3d77c0bd'::uuid, 'Instruct the supervisor to overlook the lateness since the agent has high customer feedback scores.', 3),
  ('7b1c807b-1a7a-63c2-b87b-910db29e3eff'::uuid, '46e2ecc0-415f-5760-3a78-545b3d77c0bd'::uuid, 'Terminate the employee immediately to set an example for other team members.', 4),
  ('f1db087e-b984-62ef-4a19-984f2fb6cc97'::uuid, '0729f5b4-01f9-24c2-edb5-5bc803c7f6ec'::uuid, 'The analyst was not resilient enough to handle a fast-paced work environment.', 1),
  ('0a40b477-50bd-89af-db08-95516e4f41b9'::uuid, '0729f5b4-01f9-24c2-edb5-5bc803c7f6ec'::uuid, 'A localized leadership issue that requires a targeted stay-interview and manager development intervention.', 2),
  ('f256f3df-73db-9d33-9cca-a9ae169b726c'::uuid, '0729f5b4-01f9-24c2-edb5-5bc803c7f6ec'::uuid, 'The company''s base salary range is non-competitive in the regional market.', 3),
  ('6877bc3b-8062-1036-1d5c-32c3717e09e7'::uuid, '0729f5b4-01f9-24c2-edb5-5bc803c7f6ec'::uuid, 'An isolated incident that does not require any follow-up or system diagnostics.', 4),
  ('357c9435-3a0d-4302-ec58-c03a19a7675c'::uuid, '05866145-6964-f163-b799-a658a26eddfd'::uuid, 'Implement an automated newsletter from the CEO to increase the flow of high-level company communications.', 1),
  ('1d864ca1-0e44-6c5d-d730-5fd81d664cf1'::uuid, '05866145-6964-f163-b799-a658a26eddfd'::uuid, 'Establish cross-functional feedback forums and action planning committees to involve employees directly in problem-solving.', 2),
  ('acf24f3b-f941-9ae3-77f0-81854b6b3ed6'::uuid, '05866145-6964-f163-b799-a658a26eddfd'::uuid, 'Increase the employee referral bonus to offset the turnover rates quickly.', 3),
  ('246ad7cf-426b-40bd-a0f0-d47c444187ec'::uuid, '05866145-6964-f163-b799-a658a26eddfd'::uuid, 'Restrict the distribution of future surveys to avoid highlighting negative areas.', 4),
  ('f8eeae72-7e26-80ef-4eec-c8df55c966a0'::uuid, 'e402313d-fe29-2d93-de9c-02dadb5de791'::uuid, 'Breach of employment loyalty', 1),
  ('17109a8a-e533-726b-f121-274b9a260914'::uuid, 'e402313d-fe29-2d93-de9c-02dadb5de791'::uuid, 'Constructive Dismissal (treated as involuntary termination under labor laws)', 2),
  ('fd0be405-9d51-fe85-5c00-c51ff1016511'::uuid, 'e402313d-fe29-2d93-de9c-02dadb5de791'::uuid, 'Voluntary Resignation with cause', 3),
  ('f3a6ae09-c5b4-a876-b5d2-9c29be3bde8c'::uuid, 'e402313d-fe29-2d93-de9c-02dadb5de791'::uuid, 'No legal risk since the employee signed a standard voluntary resignation letter', 4),
  ('934844b0-32ca-098e-9e0e-1290e90b3033'::uuid, '3f047e87-64df-92fe-997a-97d7b0e672b4'::uuid, 'Draft non-compete agreements to prevent the developers from leaving for other tech firms.', 1),
  ('99b1c927-285c-06c6-c821-43ff5fee83c0'::uuid, '3f047e87-64df-92fe-997a-97d7b0e672b4'::uuid, 'Review and design a localized hybrid/remote work framework and benchmark the total rewards against remote markets.', 2),
  ('97b09c1e-e1e3-caab-6935-1521c7938729'::uuid, '3f047e87-64df-92fe-997a-97d7b0e672b4'::uuid, 'Offer immediate salary increases to the entire development team without modifying work policies.', 3),
  ('258c3ab6-c525-f53b-acf8-1c214d30a357'::uuid, '3f047e87-64df-92fe-997a-97d7b0e672b4'::uuid, 'Ignore the feedback, assuming that corporate loyalty will naturally prevent developer attrition.', 4),
  ('fce4f4e2-6b79-086a-beda-42cf4edb3af1'::uuid, '7780436a-b3a1-c569-17f3-3eb3d0699ac8'::uuid, 'Keep the restructuring completely confidential until the day of execution to avoid panic.', 1),
  ('a92db290-8a60-a5f1-22d9-6aee31f610a7'::uuid, '7780436a-b3a1-c569-17f3-3eb3d0699ac8'::uuid, 'Communicate the business rationale early and transparently, hold town hall meetings to answer questions, and detail support pathways.', 2),
  ('4fc33357-b3cf-0d95-db1b-05fa13e8b4f2'::uuid, '7780436a-b3a1-c569-17f3-3eb3d0699ac8'::uuid, 'Issue standard electronic policy manuals explaining the operational changes and mandate signatures.', 3),
  ('69619925-d8d2-4228-6878-09542f25544e'::uuid, '7780436a-b3a1-c569-17f3-3eb3d0699ac8'::uuid, 'Instruct middle managers to handle communications on an individual, ad-hoc basis without central coordination.', 4),
  ('e459a782-3502-8858-8d50-987582cc7a33'::uuid, '91650bff-495c-6356-7d05-d69ad7f0dae8'::uuid, 'Agree to defer the investigation, but advise the sales head to speak to the executive informally.', 1),
  ('20ed11d5-6266-5a13-5f7e-016627b4c72b'::uuid, '91650bff-495c-6356-7d05-d69ad7f0dae8'::uuid, 'Insist on conducting a complete, unbiased investigation, highlighting that ignoring misconduct violates policy and exposes the company to severe legal and cultural risks.', 2),
  ('a20dd91e-8eb1-2e77-d1a6-7d0e0ee8d2b6'::uuid, '91650bff-495c-6356-7d05-d69ad7f0dae8'::uuid, 'Instruct the junior sales coordinators to adapt to the executive''s high-pressure style.', 3),
  ('48a6cbeb-8b9b-5221-e5f3-730e0e894e16'::uuid, '91650bff-495c-6356-7d05-d69ad7f0dae8'::uuid, 'Reassign the junior coordinators to other sales reps to resolve the conflict without checking the claims.', 4),
  ('8caf9f38-8682-6094-10d1-6f3efef76611'::uuid, '0c93857f-219a-fd5b-95d3-013242c2e8d3'::uuid, 'Allow the attorney to attend to show that the company has nothing to hide.', 1),
  ('bad459a3-d0d2-a0cb-9976-58bd2aba83bf'::uuid, '0c93857f-219a-fd5b-95d3-013242c2e8d3'::uuid, 'Explain that internal performance reviews are private business matters, deny the request, and offer a supportive internal colleague or HR presence instead.', 2),
  ('14a8a0bf-b526-085e-ab2e-2af9b8d58f8d'::uuid, '0c93857f-219a-fd5b-95d3-013242c2e8d3'::uuid, 'Cancel the meeting entirely and escalate the performance concern to a formal disciplinary board.', 3),
  ('0bcf2496-4327-4eb6-6e3f-55338a0742e9'::uuid, '0c93857f-219a-fd5b-95d3-013242c2e8d3'::uuid, 'Immediately terminate the employee for attempting to involve external legal entities.', 4),
  ('ccaeb2f9-9e58-e8f3-8f07-55ebda1d1f6b'::uuid, '379893d1-c37f-bfd5-dc35-e71013ffba81'::uuid, 'Post openings on national professional networks, requiring a detailed cover letter, executive references, and a multi-stage essay test.', 1),
  ('b37eb3d5-8e6f-2f3a-a0b4-b4506955e99b'::uuid, '379893d1-c37f-bfd5-dc35-e71013ffba81'::uuid, 'Deploy mobile-responsive micro-applications, hold local walk-in recruitment days, and conduct immediate background and driving record screening.', 2),
  ('03174c22-65cb-1150-8618-1d28c1100467'::uuid, '379893d1-c37f-bfd5-dc35-e71013ffba81'::uuid, 'Rely exclusively on executive search boutique headhunters to source individual drivers from competitor pools.', 3),
  ('d3947ae7-ef09-8501-933c-2a8edacfa57f'::uuid, '379893d1-c37f-bfd5-dc35-e71013ffba81'::uuid, 'Post on general forums and hire the first 100 applicants without background checks, handling quality issues during onboarding.', 4),
  ('f7677cb9-5ee8-8980-5a2f-e8735b1bea5d'::uuid, '55cd2433-5ec8-5308-93e9-c6d6f444f4c3'::uuid, 'Structured behavioral interviews where candidates are asked specific, job-related situational questions scored against a standardized rubric.', 1),
  ('af477694-8b13-9774-c39d-fce747b27428'::uuid, '55cd2433-5ec8-5308-93e9-c6d6f444f4c3'::uuid, 'Unstructured conversational interviews that allow managers to assess cultural fit and chemistry naturally.', 2),
  ('5a2641ce-6f7e-7079-7884-264199a0035f'::uuid, '55cd2433-5ec8-5308-93e9-c6d6f444f4c3'::uuid, 'A series of unstructured meetings with different executives, followed by an informal group vote.', 3),
  ('9ee1870c-1036-3c8a-b6c7-970bfbceee2e'::uuid, '55cd2433-5ec8-5308-93e9-c6d6f444f4c3'::uuid, 'A review of the candidate''s social media profiles and academic institution prestige.', 4),
  ('627e5a6a-68f5-992f-781f-36f488bf9442'::uuid, '23da23af-ab7d-edc3-d710-6afb2db71873'::uuid, '"Cultural fit" focuses on selecting candidates who share identical hobbies, interests, and background; "cultural add" actively seeks diverse perspectives and experiences that enrich the existing team.', 1),
  ('f386bf79-46f0-b9b6-2f5f-84c42b8e99f6'::uuid, '23da23af-ab7d-edc3-d710-6afb2db71873'::uuid, '"Cultural fit" is a legal requirement; "cultural add" is a voluntary diversity campaign.', 2),
  ('c0e3b6f1-fb19-6c1f-c6c6-c6136aa4ee2a'::uuid, '23da23af-ab7d-edc3-d710-6afb2db71873'::uuid, '"Cultural fit" is used for entry-level positions; "cultural add" is reserved strictly for C-suite executive recruitment.', 3),
  ('2b0c0716-47ac-e20a-8d17-fa132b6c8f19'::uuid, '23da23af-ab7d-edc3-d710-6afb2db71873'::uuid, 'There is no functional difference; they are synonymous HR marketing buzzwords.', 4),
  ('75377491-c075-568d-3e4b-3fc9ef326446'::uuid, 'e8a60d28-543f-4c4a-0243-5fb6a8c69af2'::uuid, 'Contrast effect', 1),
  ('cc2286e4-b832-4432-26be-20b2d756879a'::uuid, 'e8a60d28-543f-4c4a-0243-5fb6a8c69af2'::uuid, 'Halo effect and affinity bias', 2),
  ('cddfb625-e69d-9ee3-eac5-a8590f060978'::uuid, 'e8a60d28-543f-4c4a-0243-5fb6a8c69af2'::uuid, 'Leniency bias', 3),
  ('7778805c-7817-a8ef-70a4-983153c622aa'::uuid, 'e8a60d28-543f-4c4a-0243-5fb6a8c69af2'::uuid, 'Stereotyping', 4),
  ('37021fbc-1928-9253-f53b-739cda2abac3'::uuid, '3cbf1034-7902-ff47-1ac9-ef2226d8d87e'::uuid, 'Increase the budget for corporate recruiting advertisements on social channels.', 1),
  ('8e7c01f8-bcbf-3721-098f-493cdd82b18e'::uuid, '3cbf1034-7902-ff47-1ac9-ef2226d8d87e'::uuid, 'Analyze exit and feedback data from candidate rejections, and benchmark salary, benefits, and remote flexibility against local competitor offerings.', 2),
  ('cc117b71-adcb-5ae5-fa22-19b175010205'::uuid, '3cbf1034-7902-ff47-1ac9-ef2226d8d87e'::uuid, 'Increase base salaries across the board without investigating candidate sentiments.', 3),
  ('d7d4331a-3be8-be5f-0f47-8c83203c40b3'::uuid, '3cbf1034-7902-ff47-1ac9-ef2226d8d87e'::uuid, 'Mandate that the talent acquisition team double the volume of weekly candidates sourced.', 4),
  ('220c08bf-de51-29f7-522a-01dd9d68a379'::uuid, '6091d539-3480-4d7e-5a76-31a2a52ddd5d'::uuid, 'Assume the previous employer''s silence implies a negative record and reject the candidate immediately.', 1),
  ('55ed0a24-2df8-9aad-5abf-8d1e75afd4ee'::uuid, '6091d539-3480-4d7e-5a76-31a2a52ddd5d'::uuid, 'Understand that many companies have strict "dates-only" reference policies to avoid liability, and utilize neutral verification methods combined with secondary professional references.', 2),
  ('58a9b50a-57b1-c600-423d-b2d715887e27'::uuid, '6091d539-3480-4d7e-5a76-31a2a52ddd5d'::uuid, 'Demand that the candidate obtain a written performance waiver from the previous employer''s CEO.', 3),
  ('d2256020-f9c3-341f-5f39-40e3a38c9014'::uuid, '6091d539-3480-4d7e-5a76-31a2a52ddd5d'::uuid, 'Overlook the dates and rely fully on the relative''s reference letter to close the hiring file.', 4),
  ('0fb6c9c2-2c8a-6ec2-3310-3c29f0bdd2f0'::uuid, '0171965e-0f65-f11d-3840-2fc4d3148787'::uuid, 'The tests must be highly difficult so that only the top 5% of candidates can pass.', 1),
  ('9d444087-aa48-2483-e7cd-1421486af6f8'::uuid, '0171965e-0f65-f11d-3840-2fc4d3148787'::uuid, 'The tests must have proven job-related validity and reliability, and must not create an adverse impact on protected groups.', 2),
  ('d620e143-2f94-cadc-b310-8ceaec909eae'::uuid, '0171965e-0f65-f11d-3840-2fc4d3148787'::uuid, 'The tests must be administered off-site during evening hours to test candidate commitment.', 3),
  ('4271b875-4cd0-24ab-d42e-a20a4bb7bde4'::uuid, '0171965e-0f65-f11d-3840-2fc4d3148787'::uuid, 'The tests must be purchased from an approved general educational vendor, regardless of the target job duties.', 4),
  ('765ca894-da21-4ee4-2fa0-3c4c5aa53892'::uuid, '07eb2bf0-cacd-b69c-7064-ced34bab6cc3'::uuid, 'Increase the initial base salary for all new engineering hires.', 1),
  ('a5924ae0-17d2-c2ae-a513-f1d64afd6497'::uuid, '07eb2bf0-cacd-b69c-7064-ced34bab6cc3'::uuid, 'Implement a Realistic Job Preview (RJP) during the selection process to provide candidates with an honest view of daily duties and challenges.', 2),
  ('77433131-237e-d6f5-0502-3eaa49c02e70'::uuid, '07eb2bf0-cacd-b69c-7064-ced34bab6cc3'::uuid, 'Require engineers to sign a 12-month retention commitment contract upon hiring.', 3),
  ('f9aa7070-451d-2807-b3d2-0952cd0aa4fe'::uuid, '07eb2bf0-cacd-b69c-7064-ced34bab6cc3'::uuid, 'Redesign the corporate career website to make the job roles look more attractive.', 4),
  ('fdf35d20-6f4b-0161-cb89-5f7c0f3e402a'::uuid, '417b6571-2152-8f4c-5317-30e91023f5ab'::uuid, 'A single-day classroom lecture covering corporate history, payroll setup, and handbook signing.', 1),
  ('0c5320dc-c7b3-c820-365f-e3b0ca62afa0'::uuid, '417b6571-2152-8f4c-5317-30e91023f5ab'::uuid, 'A structured, multi-month program featuring 30-60-90 day milestone reviews, executive context briefings, peer buddies, and continuous manager feedback.', 2),
  ('d30739cb-3a18-67d1-b230-ce98ce24e6c6'::uuid, '417b6571-2152-8f4c-5317-30e91023f5ab'::uuid, 'An online self-service folder containing PDF policy documents that the employee reviews independently.', 3),
  ('67744d6f-0f7d-5744-5d58-e0df8df2ec04'::uuid, '417b6571-2152-8f4c-5317-30e91023f5ab'::uuid, 'An informal process where the employee shadows a senior colleague on their first afternoon.', 4),
  ('1c99aee7-2561-f28f-2d38-fdf8f7090b9c'::uuid, '7e09340b-a075-c9e6-767d-6afb614b7c0c'::uuid, 'Deny the request because it creates an administrative inconvenience and sets a precedent for other employees.', 1),
  ('7d136c1b-4389-f30f-98eb-6ff97764c9e2'::uuid, '7e09340b-a075-c9e6-767d-6afb614b7c0c'::uuid, 'Engage in an interactive process with the employee to understand their functional limitations, review medical recommendations, and provide reasonable accommodations.', 2),
  ('ce7b0156-8f11-6970-45e6-7e73fdf6e088'::uuid, '7e09340b-a075-c9e6-767d-6afb614b7c0c'::uuid, 'Advise the employee that they must purchase their own ergonomic equipment if they wish to use it at the office.', 3),
  ('a6a82176-d745-f96b-1004-26decce81f34'::uuid, '7e09340b-a075-c9e6-767d-6afb614b7c0c'::uuid, 'Reassign the employee to a lower-stress, non-technical role to avoid having to implement accommodations.', 4),
  ('0d966022-d215-6c07-290e-b5b08103badc'::uuid, '989a0716-b446-109a-2ff5-531e334970d4'::uuid, 'Distribute fruit baskets and organize optional wellness lectures on weekends.', 1),
  ('9851df74-19f8-20b9-42ac-282f42fb0e41'::uuid, '989a0716-b446-109a-2ff5-531e334970d4'::uuid, 'Conduct a structural work-load analysis, optimize shift schedules to allow adequate rest, and train managers to support mental health boundaries.', 2),
  ('d9d5554d-850d-1ff0-42ff-9614e4846413'::uuid, '989a0716-b446-109a-2ff5-531e334970d4'::uuid, 'Introduce a meditation room in the office while keeping the 60-hour mandatory workweek unchanged.', 3),
  ('0d688a2a-0e3c-5b9b-334d-ad824b937b68'::uuid, '989a0716-b446-109a-2ff5-531e334970d4'::uuid, 'Encourage employees to utilize their personal time off more effectively without adjusting daily performance quotas.', 4),
  ('2c7f7afa-81c0-ebc4-2b1e-ac6a009c78c8'::uuid, 'ba010e80-caf6-acde-950d-a7ea9ac52166'::uuid, 'Advise the managers that Gen Z workers are too difficult to manage and recommend prioritizing older hires.', 1),
  ('32c41cf4-a4af-0a07-4537-718b086142a7'::uuid, 'ba010e80-caf6-acde-950d-a7ea9ac52166'::uuid, 'Organize cross-generational collaboration workshops to build mutual understanding of work styles, and clarify objective output metrics.', 2),
  ('199c35dc-9e39-efe5-af4f-dd1c46c8fc68'::uuid, 'ba010e80-caf6-acde-950d-a7ea9ac52166'::uuid, 'Mandate that all younger workers return to 100% in-office work while allowing older employees to remain hybrid.', 3),
  ('578963e1-727f-7175-927b-ad578158aa73'::uuid, 'ba010e80-caf6-acde-950d-a7ea9ac52166'::uuid, 'Redesign the corporate communication handbook to prohibit modern text messaging and messaging apps.', 4),
  ('313b8944-fb2b-b736-43b1-3ed36eba40d1'::uuid, '8b9f5794-38b0-16d4-f0ea-c5608a8ef28e'::uuid, 'Job Rotation: Move them to different low-skill entry roles across various physical offices.', 1),
  ('7133b092-3013-5755-2bbe-94b8eedc40cb'::uuid, '8b9f5794-38b0-16d4-f0ea-c5608a8ef28e'::uuid, 'Job Enrichment: Delegate higher-level responsibilities such as handling escalated client accounts, designing training modules, and leading process improvement initiatives.', 2),
  ('22d54a1e-d7b6-525b-42be-cfcff9153c2c'::uuid, '8b9f5794-38b0-16d4-f0ea-c5608a8ef28e'::uuid, 'Job Simplification: Reduce their tasks to standard, repetitive processes to minimize stress.', 3),
  ('a7b730ac-62fe-db9f-614e-c8858ca4cc96'::uuid, '8b9f5794-38b0-16d4-f0ea-c5608a8ef28e'::uuid, 'Job Enlargement: Increase the number of low-skill support calls they are required to answer daily.', 4),
  ('e765c8a5-c028-1609-ceb6-859c46058ce4'::uuid, '0dabc9f4-4cff-6a60-252c-89a3b9a805de'::uuid, 'Working 40 hours over 6 days in a flexible shift rotation.', 1),
  ('054109f3-bcf4-ee6d-4dd3-28b13d1ec039'::uuid, '0dabc9f4-4cff-6a60-252c-89a3b9a805de'::uuid, 'Working four 10-hour days per week (4/10 schedule), providing employees with a 3-day weekend.', 2),
  ('5c6dbbc1-557b-e4a8-c967-5cb4bb2a15c8'::uuid, '0dabc9f4-4cff-6a60-252c-89a3b9a805de'::uuid, 'Allowing employees to log in and work whenever they choose, provided they meet weekly tasks.', 3),
  ('1cdaac6e-ef54-23c4-86da-580229e2c99a'::uuid, '0dabc9f4-4cff-6a60-252c-89a3b9a805de'::uuid, 'Working 5 hours per day, 5 days per week, with a proportional salary reduction.', 4),
  ('7a03a0c6-5a28-f469-c2a7-0403ec9585cf'::uuid, '4e171bba-889c-f0b1-e789-18ea59a72d96'::uuid, 'The average time-to-hire for administrative positions.', 1),
  ('9355c41d-bdeb-eb1e-91a6-c4a0d937f219'::uuid, '4e171bba-889c-f0b1-e789-18ea59a72d96'::uuid, 'The ratio of job-offer acceptances relative to the total number of offers extended to top candidates.', 2),
  ('c1038302-bdb0-5122-261a-00b76cb180cb'::uuid, '4e171bba-889c-f0b1-e789-18ea59a72d96'::uuid, 'The total number of followers on the company''s official LinkedIn page.', 3),
  ('385827be-af50-5b5a-2562-5413120361c8'::uuid, '4e171bba-889c-f0b1-e789-18ea59a72d96'::uuid, 'The percentage of employees who completed their annual compliance training.', 4),
  ('3b13af3c-c37b-ddad-6212-47a14579faee'::uuid, '98536c25-d06b-c9de-1c42-03ac8a648d00'::uuid, 'Classification Method', 1),
  ('dd3292e7-bd01-ad10-0c0e-6f8ef0a68af4'::uuid, '98536c25-d06b-c9de-1c42-03ac8a648d00'::uuid, 'Point Factor Method', 2),
  ('ba781f94-8998-5f41-0e14-9dd9d1a7c690'::uuid, '98536c25-d06b-c9de-1c42-03ac8a648d00'::uuid, 'Job Ranking Method', 3),
  ('613451af-a6f3-2c47-67cf-8121237a6c51'::uuid, '98536c25-d06b-c9de-1c42-03ac8a648d00'::uuid, 'Market Pricing Method', 4),
  ('fe0eeab0-5dca-ae1e-0508-60262719d85d'::uuid, '91c2c7a2-0400-d49b-8567-d4100520ae7d'::uuid, 'Target base salaries at the 95th percentile of the market, regardless of incentive options.', 1),
  ('0c9cec3c-2b87-ac8c-2a5d-54346e10d7da'::uuid, '91c2c7a2-0400-d49b-8567-d4100520ae7d'::uuid, 'Benchmark base salaries at the 50th percentile (market median), but design a high-value performance-based variable pay and comprehensive benefits package.', 2),
  ('992c4dde-f7b2-9f01-4339-67396deda130'::uuid, '91c2c7a2-0400-d49b-8567-d4100520ae7d'::uuid, 'Set base salaries at the 25th percentile to minimize fixed costs and rely fully on discretionary bonuses.', 3),
  ('fc4bcbee-6a3b-1c5e-bf41-42fb3b8a8b44'::uuid, '91c2c7a2-0400-d49b-8567-d4100520ae7d'::uuid, 'Copy the compensation structures of international companies, irrespective of local cost-of-living data.', 4),
  ('f4911ddf-3192-a274-7f8f-cf642977161c'::uuid, '108e99c7-357c-e96e-5f1e-ac30af692f60'::uuid, 'There is no risk since they have "assistant" in their title; maintain current exempt classification.', 1),
  ('4680da95-0292-b24e-95ba-0410ce39c5e5'::uuid, '108e99c7-357c-e96e-5f1e-ac30af692f60'::uuid, 'High risk of wage-and-hour violations; reclassify them as "non-exempt" based on the duties test, track their hours, and pay appropriate overtime.', 2),
  ('3549ccdd-3297-3618-78e8-2755d72dbd40'::uuid, '108e99c7-357c-e96e-5f1e-ac30af692f60'::uuid, 'Ask the assistants to sign a voluntary waiver agreeing to waive their rights to overtime pay.', 3),
  ('13d0d551-a2cb-bad9-4fd4-11706174c0e8'::uuid, '108e99c7-357c-e96e-5f1e-ac30af692f60'::uuid, 'Change their job titles to "Executive Director of Calendars" to justify the exempt classification.', 4),
  ('38921d6e-eeb1-17dc-08dd-4e83c78310f5'::uuid, '882a087c-1463-846f-852d-05fa84520c7f'::uuid, 'An insurance plan with zero deductibles but high monthly premiums, coupled with restricted clinic selections.', 1),
  ('deffa3ca-1844-add6-f692-daacee6b1254'::uuid, '882a087c-1463-846f-852d-05fa84520c7f'::uuid, 'A High-Deductible Health Plan (HDHP) combined with a tax-advantaged Health Savings Account (HSA) that receives employer contributions.', 2),
  ('ed37cd21-09ed-2ace-d514-2732d2d6b049'::uuid, '882a087c-1463-846f-852d-05fa84520c7f'::uuid, 'A plan that covers dental and vision care only, leaving general medical expenses to be paid out-of-pocket.', 3),
  ('61c74e89-7d53-d7f6-76b6-745a9803b2f0'::uuid, '882a087c-1463-846f-852d-05fa84520c7f'::uuid, 'An plan that requires employees to obtain pre-approval from HR for all medical visits.', 4),
  ('5b54f188-1a07-ce0b-856a-84906bcecb1b'::uuid, '1e8271cf-4848-c385-e2e1-edd7724c9177'::uuid, 'A traditional commissions-only model that focuses strictly on cash incentives.', 1),
  ('eb5eba88-bcdc-aeef-d51f-d87f17ed08b8'::uuid, '1e8271cf-4848-c385-e2e1-edd7724c9177'::uuid, 'A Total Rewards framework that integrates competitive base pay, sales commissions, paid certifications, and career mentoring.', 2),
  ('8f85fbba-3023-0c2b-b2ce-20b048af711f'::uuid, '1e8271cf-4848-c385-e2e1-edd7724c9177'::uuid, 'A non-cash model that replaces all sales bonuses with company recognition certificates.', 3),
  ('e0de958d-5ad3-bff7-723b-1cc2fb50bc00'::uuid, '1e8271cf-4848-c385-e2e1-edd7724c9177'::uuid, 'A plan where stipends are deducted from commissions to fund mandatory training sessions.', 4),
  ('0ac48df7-48be-7da7-a36e-7b951805b604'::uuid, '8e52a22a-2967-35aa-6c16-4e8477f9323b'::uuid, 'Advise the employee that salary discussions are prohibited and threaten disciplinary action.', 1),
  ('95a33660-dbd3-d32f-ecb1-59d8bc3875ce'::uuid, '8e52a22a-2967-35aa-6c16-4e8477f9323b'::uuid, 'Conduct a pay equity review, identify objective factors (e.g., certifications, specialized experience, market fluctuations at hire), and adjust pay if unjustified disparities are found.', 2),
  ('c2acc0ba-a2d3-d1b3-25a1-8bc2da9fa0b7'::uuid, '8e52a22a-2967-35aa-6c16-4e8477f9323b'::uuid, 'Explain that new hires always make more due to market inflation, and advise them to wait for the annual review.', 3),
  ('376522c2-7a1c-6b1f-106b-9cd53215bf8f'::uuid, '8e52a22a-2967-35aa-6c16-4e8477f9323b'::uuid, 'Immediately lower the new hire''s salary to match the existing employee''s rate.', 4),
  ('5ce8cda4-e232-5330-5109-f2d35e340e4d'::uuid, '45eedf84-da51-eb91-980b-cc4aa9979b4f'::uuid, 'Local Market Approach: Pay the manager the local going rate of the host country, regardless of home country standards.', 1),
  ('a0334f06-1e37-3113-cc01-9190d97ab8e3'::uuid, '45eedf84-da51-eb91-980b-cc4aa9979b4f'::uuid, 'Balance Sheet Approach: Keep the manager on the home-country salary scale, while providing cost-of-living adjustments, housing allowances, and tax equalization.', 2),
  ('530fb315-2890-005e-6809-05f2d00d197e'::uuid, '45eedf84-da51-eb91-980b-cc4aa9979b4f'::uuid, 'Lump-Sum Approach: Give the manager a flat cash allowance and require them to handle all salary, tax, and relocation logistics independently.', 3),
  ('a1675314-57c0-34bb-2f70-c2c5cda06d71'::uuid, '45eedf84-da51-eb91-980b-cc4aa9979b4f'::uuid, 'Negotiation Approach: Agree on a custom, ad-hoc salary rate through individual bargaining without structured policies.', 4),
  ('bb1728e9-f83f-2021-15af-1d8a98881a32'::uuid, 'c32c9279-0175-a667-d841-7cadf92eb70b'::uuid, 'To serve as the direct, sole mathematical basis for calculating annual salary increases and promotion decisions.', 1),
  ('7701f28a-fb53-b00e-1aa3-dc454a258abc'::uuid, 'c32c9279-0175-a667-d841-7cadf92eb70b'::uuid, 'To provide broad developmental feedback on leadership behaviors, communication style, and collaboration, separate from pay evaluations.', 2),
  ('298ca3d2-0508-9e82-8612-dc2d32c4c472'::uuid, 'c32c9279-0175-a667-d841-7cadf92eb70b'::uuid, 'To identify and document low-performing managers for immediate placement on Performance Improvement Plans.', 3),
  ('63b2d725-197c-5082-cfc9-f1bcc97d4bdf'::uuid, 'c32c9279-0175-a667-d841-7cadf92eb70b'::uuid, 'To allow team members to anonymously grade their supervisors for disciplinary reviews.', 4),
  ('f82a6ac1-f5ea-ef43-a156-9aa53a4572bb'::uuid, '8833cff3-f274-4fb8-5089-e58e66a34d05'::uuid, 'Order the engineering department to raise their ratings to match the administrative department.', 1),
  ('0b76fc49-26bc-4f5b-44e4-04c8bc6e5d82'::uuid, '8833cff3-f274-4fb8-5089-e58e66a34d05'::uuid, 'Introduce structured performance calibration sessions where managers discuss and justify their ratings based on objective evidence.', 2),
  ('a3b0fc9f-243f-55d2-ea65-481997c538ec'::uuid, '8833cff3-f274-4fb8-5089-e58e66a34d05'::uuid, 'Enforce a rigid forced-ranking system where 15% of all employees must be rated as low performers.', 3),
  ('80e3b229-d9c1-29c0-efe0-9fa972583b03'::uuid, '8833cff3-f274-4fb8-5089-e58e66a34d05'::uuid, 'Instruct the payroll department to cap bonuses regardless of performance ratings.', 4),
  ('e01b810b-b07d-a6fd-12cf-4c37fcbb4b2d'::uuid, 'cdd31db7-82c1-427b-7632-e4435b241c68'::uuid, 'It is faster to design and requires zero supervisor training.', 1),
  ('11230a52-f711-fa54-f1c4-86d1a3d2de29'::uuid, 'cdd31db7-82c1-427b-7632-e4435b241c68'::uuid, 'It anchors rating levels to specific, observable behavioral examples, reducing supervisor subjectivity and bias.', 2),
  ('3069afa5-aee4-d548-a1b3-dfc5e32e7282'::uuid, 'cdd31db7-82c1-427b-7632-e4435b241c68'::uuid, 'It automatically calculates employee bonuses based on mathematical algorithms.', 3),
  ('00b027ce-2277-86c4-3ffa-dd1eb04b833c'::uuid, 'cdd31db7-82c1-427b-7632-e4435b241c68'::uuid, 'It allows employees to rate themselves without supervisor intervention.', 4),
  ('c452b426-b70c-95a4-4deb-0c71cb40c426'::uuid, '96a76c91-aab7-a117-4df5-3cbe9d2e6e06'::uuid, 'Approve the PIP immediately to start the termination documentation process.', 1),
  ('0e54fa81-bca0-b550-a959-59c1c4312975'::uuid, '96a76c91-aab7-a117-4df5-3cbe9d2e6e06'::uuid, 'Advise the supervisor to hold an informal, supportive meeting with the assistant to discuss the sudden performance drop, identify root causes, and offer guidance.', 2),
  ('46c006c6-0165-8769-a01c-e9f2a39d45af'::uuid, '96a76c91-aab7-a117-4df5-3cbe9d2e6e06'::uuid, 'Reassign the assistant to a non-administrative role to bypass performance issues.', 3),
  ('37acf939-5d30-f2a7-abf5-449b7b5677b0'::uuid, '96a76c91-aab7-a117-4df5-3cbe9d2e6e06'::uuid, 'Issue an immediate formal written warning and log it in the employee''s permanent file.', 4),
  ('bb548b2d-cd09-3d68-db54-b54dd635fe55'::uuid, '50069271-4623-5996-284a-e1ae95649a79'::uuid, 'It increases operational costs by requiring too many physical evaluation sheets.', 1),
  ('98af5106-3d50-d3b5-d728-247f45075eda'::uuid, '50069271-4623-5996-284a-e1ae95649a79'::uuid, 'It destroys teamwork, encourages internal competition, increases voluntary turnover of high-performers, and exposes the firm to legal risks.', 2),
  ('f242599f-3a8d-c324-76bf-1ad7b5bc9b64'::uuid, '50069271-4623-5996-284a-e1ae95649a79'::uuid, 'It is highly favored by labor unions and will lead to excessive collective bargaining demands.', 3),
  ('e0cce1fe-63e8-41a0-0606-37bcad5317da'::uuid, '50069271-4623-5996-284a-e1ae95649a79'::uuid, 'It has no impact on culture and is the industry standard for all major technology companies.', 4),
  ('6d81e687-8e77-5925-e653-2c5d2d8b26ef'::uuid, 'c3ae08fd-b0b3-ad16-809e-f2f0d82b8bdb'::uuid, 'Abolish all performance evaluations and allocate salary increases strictly based on tenure.', 1),
  ('59830874-8cfc-382a-d883-26310e80d025'::uuid, 'c3ae08fd-b0b3-ad16-809e-f2f0d82b8bdb'::uuid, 'Transition from annual appraisals to a continuous feedback model with structured monthly or bi-weekly check-ins and shared OKRs.', 2),
  ('12285f70-4c1d-2d1b-eae1-951c9189392c'::uuid, 'c3ae08fd-b0b3-ad16-809e-f2f0d82b8bdb'::uuid, 'Mandate that supervisors send performance check-in emails every Monday morning.', 3),
  ('9cdd5f0b-b0b1-bae5-f910-e6dc0da7d6ca'::uuid, 'c3ae08fd-b0b3-ad16-809e-f2f0d82b8bdb'::uuid, 'Create an online portal where employees can view their manager''s notes in real-time without scheduling meetings.', 4),
  ('08bf60b1-e9f7-bfb0-54ca-25a7bff7738a'::uuid, '643e2183-76f2-61a0-f5ee-a0f9c1dfc995'::uuid, 'Coaching is long-term and informal; Mentoring is short-term and focused strictly on technical skills.', 1),
  ('eecad3d9-574e-523a-645a-db479d5d5e57'::uuid, '643e2183-76f2-61a0-f5ee-a0f9c1dfc995'::uuid, 'Coaching is typically short-term, structured, and focused on specific task performance; Mentoring is long-term, development-oriented, and focused on career pathing.', 2),
  ('303860df-e380-5d52-6fe1-38b52fb1b33d'::uuid, '643e2183-76f2-61a0-f5ee-a0f9c1dfc995'::uuid, 'Coaching is handled by external consultants; Mentoring is handled exclusively by HR staff.', 3),
  ('860efa4e-265d-8268-54b3-2ddf2d2e19a6'::uuid, '643e2183-76f2-61a0-f5ee-a0f9c1dfc995'::uuid, 'There is no difference; they are synonymous terms in executive development.', 4),
  ('42338b83-a04c-c062-d9e3-83ba95373f10'::uuid, '4b7b74cf-798f-4192-0209-efc2ad17ca1d'::uuid, 'Isolated Departmental Goals: Allow each manager to set team tasks independently of other divisions.', 1),
  ('13ef56b8-a0ff-3973-5855-c07f2e82955f'::uuid, '4b7b74cf-798f-4192-0209-efc2ad17ca1d'::uuid, 'Cascading Goals: Align organizational strategic objectives to division KPIs, department targets, and individual performance goals.', 2),
  ('8668c2b4-2ee8-fb4c-a062-d846567eab63'::uuid, '4b7b74cf-798f-4192-0209-efc2ad17ca1d'::uuid, 'Ad-hoc Goals: Encourage employees to set weekly personal tasks without corporate alignments.', 3),
  ('6d9dc38b-951e-3ab0-a634-fd034b2062f0'::uuid, '4b7b74cf-798f-4192-0209-efc2ad17ca1d'::uuid, 'Bottom-up Mandate: Aggregate individual personal goals and define the corporate strategy based on employee preferences.', 4),
  ('8354fcf7-fb45-b8d0-586f-edfd747f389b'::uuid, '92d05c12-8b01-d99e-dc80-5515ecd0a0ee'::uuid, 'Review online catalogs and sign a contract with the highest-rated training vendor.', 1),
  ('6cf950bb-bd6f-a88b-7615-50fa387241e4'::uuid, '92d05c12-8b01-d99e-dc80-5515ecd0a0ee'::uuid, 'Conduct a thorough Training Needs Assessment (TNA) to analyze the performance gap, target audience skills, and operational challenges.', 2),
  ('e2279336-7200-7cca-3d6e-e9215d9b00e3'::uuid, '92d05c12-8b01-d99e-dc80-5515ecd0a0ee'::uuid, 'Design interactive slide decks and forklift training manuals for the operators.', 3),
  ('4b12aff0-480e-b84d-aa04-9b9f4e0aefc8'::uuid, '92d05c12-8b01-d99e-dc80-5515ecd0a0ee'::uuid, 'Organize a pilot training session with the most experienced forklift operators.', 4),
  ('6575a3c7-1c9b-7541-5ecf-92fa78f85a9a'::uuid, '781f232f-ee06-e61c-a3df-76e392e03050'::uuid, 'Structuring the course around abstract theories, rote-memorization, and grades.', 1),
  ('35f856ce-be99-ea8f-84fc-68f7a24338e9'::uuid, '781f232f-ee06-e61c-a3df-76e392e03050'::uuid, 'Designing problem-centered, experiential modules where managers can apply their existing professional expertise to solve real scenarios.', 2),
  ('0a47a1a8-828c-a0c0-114f-3a26ec7d2849'::uuid, '781f232f-ee06-e61c-a3df-76e392e03050'::uuid, 'Enforcing strict daily attendance quotas with formal reprimands for missing lectures.', 3),
  ('1e338d81-21bb-66ec-7050-72a03eab8fc1'::uuid, '781f232f-ee06-e61c-a3df-76e392e03050'::uuid, 'Keeping the training content uniform and standardized, without allowing self-directed pacing.', 4),
  ('34a1ec1c-4e91-9cb9-7721-6c1c75f6db51'::uuid, 'ec329323-c55f-e0f3-34f3-a10f38934b85'::uuid, 'Level 1: Reaction (satisfaction surveys)', 1),
  ('0a848738-1da4-0345-6a49-f2c76119404a'::uuid, 'ec329323-c55f-e0f3-34f3-a10f38934b85'::uuid, 'Level 2: Learning (post-training knowledge quizzes)', 2),
  ('1fdcd18a-60d9-33c1-d547-a85a249637bc'::uuid, 'ec329323-c55f-e0f3-34f3-a10f38934b85'::uuid, 'Level 3: Behavior (on-the-job behavioral audits and 360-degree feedback reviews)', 3),
  ('201e9f92-eacd-2182-9804-6d9c2dd356a5'::uuid, 'ec329323-c55f-e0f3-34f3-a10f38934b85'::uuid, 'Level 4: Results (business unit productivity metrics)', 4),
  ('d664da3a-ba46-1e5b-5352-f686edee281d'::uuid, '225e0ad8-5a5d-40b9-e5d8-9b2407870eb3'::uuid, 'Schedule live, full-day classroom lectures at regional hotels over the next three months.', 1),
  ('963bae74-a9b5-def5-2da7-1ab5f3d9c07d'::uuid, '225e0ad8-5a5d-40b9-e5d8-9b2407870eb3'::uuid, 'Deploy bite-sized, mobile-optimized microlearning modules on the corporate LMS with interactive simulated checks.', 2),
  ('dc5058fe-8deb-2b62-702c-b3ef638d36f6'::uuid, '225e0ad8-5a5d-40b9-e5d8-9b2407870eb3'::uuid, 'Distribute printed technical manuals and require clerks to study them in their personal hours.', 3),
  ('fec310e6-a8b9-0acc-1cc5-34d03ee635b1'::uuid, '225e0ad8-5a5d-40b9-e5d8-9b2407870eb3'::uuid, 'Deliver the training via a sequence of weekly corporate emails without assessments.', 4),
  ('9f2bd4cf-0234-fc79-3dd0-8cdc5f362fca'::uuid, 'd50d3237-b240-81b9-1499-6d23ea534c52'::uuid, 'Allow junior analysts and executives to self-select matches and meet informally without guidelines.', 1),
  ('9246cdac-652a-718d-1648-13ebc3b6ef98'::uuid, 'd50d3237-b240-81b9-1499-6d23ea534c52'::uuid, 'Establish a formal pairing system based on career mapping, define clear goals and meeting templates, and monitor progress.', 2),
  ('a45ae519-652f-e265-1366-8370821d7444'::uuid, 'd50d3237-b240-81b9-1499-6d23ea534c52'::uuid, 'Require senior partners to grade the weekly performance of their junior mentees for the HR files.', 3),
  ('cdd4ce26-b479-3188-95fb-9afd4759e837'::uuid, 'd50d3237-b240-81b9-1499-6d23ea534c52'::uuid, 'Limit the mentorship program to the highest-performing junior analyst each year.', 4),
  ('1a765560-3d62-3467-7429-6af3c4b9fc7f'::uuid, '1d1a8a93-7dd7-1fd2-68a3-e572fa941047'::uuid, 'Deny the leave if the department is currently understaffed, and suggest they resign.', 1),
  ('ca57f710-7c75-799c-ce7b-87216e52a982'::uuid, '1d1a8a93-7dd7-1fd2-68a3-e572fa941047'::uuid, 'Review and administer the leave under family/medical leave laws (such as FMLA or national equivalents), maintaining their health benefits and guaranteeing their role or equivalent upon return.', 2),
  ('a3cce143-c913-1e14-d6bc-47333c8f4b8e'::uuid, '1d1a8a93-7dd7-1fd2-68a3-e572fa941047'::uuid, 'Approve the leave but suspend their health insurance benefits during their absence.', 3),
  ('331ce0d7-b7bb-3727-5b01-9838a6e85f37'::uuid, '1d1a8a93-7dd7-1fd2-68a3-e572fa941047'::uuid, 'Approve the leave only on the condition that the employee works part-time from home.', 4),
  ('3ac735ff-79e6-c8ca-32df-a37319beb0c0'::uuid, '0a29e9a7-990c-9490-f780-4bafb6a8ac0f'::uuid, 'Support the manager''s production goals and advise the operator to work carefully.', 1),
  ('dc46ac15-a35e-b23f-fb58-f5bc254f0b47'::uuid, '0a29e9a7-990c-9490-f780-4bafb6a8ac0f'::uuid, 'Ensure the belt is shut down immediately, report the hazard to the safety officer, and protect the operator from any retaliation.', 2),
  ('f68f16b4-a255-f0b6-d5a1-31469faf61f1'::uuid, '0a29e9a7-990c-9490-f780-4bafb6a8ac0f'::uuid, 'Advise the operator to file an external government lawsuit without notifying internal safety teams.', 3),
  ('0f732bd3-9f0f-1e0e-181a-af7f1532d083'::uuid, '0a29e9a7-990c-9490-f780-4bafb6a8ac0f'::uuid, 'Instruct the operator to find a colleague willing to operate the belt instead.', 4),
  ('90ae4298-e5ad-1f72-6111-6a9cde59af1f'::uuid, '502ac78d-3f96-235c-b4e8-228f38a74765'::uuid, 'Management can change benefits unilaterally at any time under executive authority.', 1),
  ('20b1af62-fbe7-4e40-a1d5-04b59e5e13c2'::uuid, '502ac78d-3f96-235c-b4e8-228f38a74765'::uuid, 'Benefits are mandatory subjects of collective bargaining; HR must consult union representatives and negotiate in good faith before making changes.', 2),
  ('1b21e36a-7a3d-e132-53b7-65c8a4965b89'::uuid, '502ac78d-3f96-235c-b4e8-228f38a74765'::uuid, 'Advise the site director to announce the changes quietly to avoid union opposition.', 3),
  ('196f04a6-845f-ed4d-54b0-66af6b693df3'::uuid, '502ac78d-3f96-235c-b4e8-228f38a74765'::uuid, 'Terminate the collective bargaining agreement to simplify benefits administration.', 4),
  ('7e946eae-c9c0-d361-0f76-4dec409a9283'::uuid, '71537dc8-35ab-8e41-8af4-49207c61c089'::uuid, '5%', 1),
  ('4456d869-ad0a-4b9a-8007-e3cbd47b926f'::uuid, '71537dc8-35ab-8e41-8af4-49207c61c089'::uuid, '10%', 2),
  ('6a3da64d-c0cb-f6a4-8882-db718a71714c'::uuid, '71537dc8-35ab-8e41-8af4-49207c61c089'::uuid, '20%', 3),
  ('3870e54f-20f6-8c48-6126-976e03e21d93'::uuid, '71537dc8-35ab-8e41-8af4-49207c61c089'::uuid, '15%', 4),
  ('62bfd59a-0462-b520-ba81-f946fc95e812'::uuid, 'b946e422-f179-c425-d5c7-f8f19e0aaff3'::uuid, 'Dismiss the complaint immediately because critiquing work is part of a manager''s job.', 1),
  ('b002d51a-1f3e-de1a-0f92-ea7a3e079434'::uuid, 'b946e422-f179-c425-d5c7-f8f19e0aaff3'::uuid, 'Conduct a thorough review of the manager''s behavior against workplace conduct policies, interview witnesses, and guide the manager on professional coaching.', 2),
  ('95423359-3990-efe4-ef5d-7167c723aa6d'::uuid, 'b946e422-f179-c425-d5c7-f8f19e0aaff3'::uuid, 'Inform the employee that they must adapt to different management styles or seek other roles.', 3),
  ('0f4474ef-c4c4-4a8e-61e1-350047582a1a'::uuid, 'b946e422-f179-c425-d5c7-f8f19e0aaff3'::uuid, 'Immediately suspend the manager without checking the claims to demonstrate safety.', 4)
on conflict (id) do update
set question_id = excluded.question_id,
    option_text = excluded.option_text,
    position = excluded.position;

insert into public.question_answer_keys (question_id, correct_option_id)
values
  ('e1a2bffd-60a3-30b4-7361-715de43ed17f'::uuid, 'e87228cf-9054-6625-4b80-aa6be449df0b'::uuid),
  ('28b6a3ca-39ed-eed4-7d7e-566c281ae334'::uuid, 'd6c468a3-445f-dac9-5517-01ee19fb99dc'::uuid),
  ('46e2ecc0-415f-5760-3a78-545b3d77c0bd'::uuid, 'c61f9953-6fbe-370b-38c5-69e6c99f441a'::uuid),
  ('0729f5b4-01f9-24c2-edb5-5bc803c7f6ec'::uuid, '0a40b477-50bd-89af-db08-95516e4f41b9'::uuid),
  ('05866145-6964-f163-b799-a658a26eddfd'::uuid, '1d864ca1-0e44-6c5d-d730-5fd81d664cf1'::uuid),
  ('e402313d-fe29-2d93-de9c-02dadb5de791'::uuid, '17109a8a-e533-726b-f121-274b9a260914'::uuid),
  ('3f047e87-64df-92fe-997a-97d7b0e672b4'::uuid, '99b1c927-285c-06c6-c821-43ff5fee83c0'::uuid),
  ('7780436a-b3a1-c569-17f3-3eb3d0699ac8'::uuid, 'a92db290-8a60-a5f1-22d9-6aee31f610a7'::uuid),
  ('91650bff-495c-6356-7d05-d69ad7f0dae8'::uuid, '20ed11d5-6266-5a13-5f7e-016627b4c72b'::uuid),
  ('0c93857f-219a-fd5b-95d3-013242c2e8d3'::uuid, 'bad459a3-d0d2-a0cb-9976-58bd2aba83bf'::uuid),
  ('379893d1-c37f-bfd5-dc35-e71013ffba81'::uuid, 'b37eb3d5-8e6f-2f3a-a0b4-b4506955e99b'::uuid),
  ('55cd2433-5ec8-5308-93e9-c6d6f444f4c3'::uuid, 'f7677cb9-5ee8-8980-5a2f-e8735b1bea5d'::uuid),
  ('23da23af-ab7d-edc3-d710-6afb2db71873'::uuid, '627e5a6a-68f5-992f-781f-36f488bf9442'::uuid),
  ('e8a60d28-543f-4c4a-0243-5fb6a8c69af2'::uuid, 'cc2286e4-b832-4432-26be-20b2d756879a'::uuid),
  ('3cbf1034-7902-ff47-1ac9-ef2226d8d87e'::uuid, '8e7c01f8-bcbf-3721-098f-493cdd82b18e'::uuid),
  ('6091d539-3480-4d7e-5a76-31a2a52ddd5d'::uuid, '55ed0a24-2df8-9aad-5abf-8d1e75afd4ee'::uuid),
  ('0171965e-0f65-f11d-3840-2fc4d3148787'::uuid, '9d444087-aa48-2483-e7cd-1421486af6f8'::uuid),
  ('07eb2bf0-cacd-b69c-7064-ced34bab6cc3'::uuid, 'a5924ae0-17d2-c2ae-a513-f1d64afd6497'::uuid),
  ('417b6571-2152-8f4c-5317-30e91023f5ab'::uuid, '0c5320dc-c7b3-c820-365f-e3b0ca62afa0'::uuid),
  ('7e09340b-a075-c9e6-767d-6afb614b7c0c'::uuid, '7d136c1b-4389-f30f-98eb-6ff97764c9e2'::uuid),
  ('989a0716-b446-109a-2ff5-531e334970d4'::uuid, '9851df74-19f8-20b9-42ac-282f42fb0e41'::uuid),
  ('ba010e80-caf6-acde-950d-a7ea9ac52166'::uuid, '32c41cf4-a4af-0a07-4537-718b086142a7'::uuid),
  ('8b9f5794-38b0-16d4-f0ea-c5608a8ef28e'::uuid, '7133b092-3013-5755-2bbe-94b8eedc40cb'::uuid),
  ('0dabc9f4-4cff-6a60-252c-89a3b9a805de'::uuid, '054109f3-bcf4-ee6d-4dd3-28b13d1ec039'::uuid),
  ('4e171bba-889c-f0b1-e789-18ea59a72d96'::uuid, '9355c41d-bdeb-eb1e-91a6-c4a0d937f219'::uuid),
  ('98536c25-d06b-c9de-1c42-03ac8a648d00'::uuid, 'dd3292e7-bd01-ad10-0c0e-6f8ef0a68af4'::uuid),
  ('91c2c7a2-0400-d49b-8567-d4100520ae7d'::uuid, '0c9cec3c-2b87-ac8c-2a5d-54346e10d7da'::uuid),
  ('108e99c7-357c-e96e-5f1e-ac30af692f60'::uuid, '4680da95-0292-b24e-95ba-0410ce39c5e5'::uuid),
  ('882a087c-1463-846f-852d-05fa84520c7f'::uuid, 'deffa3ca-1844-add6-f692-daacee6b1254'::uuid),
  ('1e8271cf-4848-c385-e2e1-edd7724c9177'::uuid, 'eb5eba88-bcdc-aeef-d51f-d87f17ed08b8'::uuid),
  ('8e52a22a-2967-35aa-6c16-4e8477f9323b'::uuid, '95a33660-dbd3-d32f-ecb1-59d8bc3875ce'::uuid),
  ('45eedf84-da51-eb91-980b-cc4aa9979b4f'::uuid, 'a0334f06-1e37-3113-cc01-9190d97ab8e3'::uuid),
  ('c32c9279-0175-a667-d841-7cadf92eb70b'::uuid, '7701f28a-fb53-b00e-1aa3-dc454a258abc'::uuid),
  ('8833cff3-f274-4fb8-5089-e58e66a34d05'::uuid, '0b76fc49-26bc-4f5b-44e4-04c8bc6e5d82'::uuid),
  ('cdd31db7-82c1-427b-7632-e4435b241c68'::uuid, '11230a52-f711-fa54-f1c4-86d1a3d2de29'::uuid),
  ('96a76c91-aab7-a117-4df5-3cbe9d2e6e06'::uuid, '0e54fa81-bca0-b550-a959-59c1c4312975'::uuid),
  ('50069271-4623-5996-284a-e1ae95649a79'::uuid, '98af5106-3d50-d3b5-d728-247f45075eda'::uuid),
  ('c3ae08fd-b0b3-ad16-809e-f2f0d82b8bdb'::uuid, '59830874-8cfc-382a-d883-26310e80d025'::uuid),
  ('643e2183-76f2-61a0-f5ee-a0f9c1dfc995'::uuid, 'eecad3d9-574e-523a-645a-db479d5d5e57'::uuid),
  ('4b7b74cf-798f-4192-0209-efc2ad17ca1d'::uuid, '13ef56b8-a0ff-3973-5855-c07f2e82955f'::uuid),
  ('92d05c12-8b01-d99e-dc80-5515ecd0a0ee'::uuid, '6cf950bb-bd6f-a88b-7615-50fa387241e4'::uuid),
  ('781f232f-ee06-e61c-a3df-76e392e03050'::uuid, '35f856ce-be99-ea8f-84fc-68f7a24338e9'::uuid),
  ('ec329323-c55f-e0f3-34f3-a10f38934b85'::uuid, '1fdcd18a-60d9-33c1-d547-a85a249637bc'::uuid),
  ('225e0ad8-5a5d-40b9-e5d8-9b2407870eb3'::uuid, '963bae74-a9b5-def5-2da7-1ab5f3d9c07d'::uuid),
  ('d50d3237-b240-81b9-1499-6d23ea534c52'::uuid, '9246cdac-652a-718d-1648-13ebc3b6ef98'::uuid),
  ('1d1a8a93-7dd7-1fd2-68a3-e572fa941047'::uuid, 'ca57f710-7c75-799c-ce7b-87216e52a982'::uuid),
  ('0a29e9a7-990c-9490-f780-4bafb6a8ac0f'::uuid, 'dc46ac15-a35e-b23f-fb58-f5bc254f0b47'::uuid),
  ('502ac78d-3f96-235c-b4e8-228f38a74765'::uuid, '20b1af62-fbe7-4e40-a1d5-04b59e5e13c2'::uuid),
  ('71537dc8-35ab-8e41-8af4-49207c61c089'::uuid, '4456d869-ad0a-4b9a-8007-e3cbd47b926f'::uuid),
  ('b946e422-f179-c425-d5c7-f8f19e0aaff3'::uuid, 'b002d51a-1f3e-de1a-0f92-ea7a3e079434'::uuid)
on conflict (question_id) do update
set correct_option_id = excluded.correct_option_id,
    updated_at = now();

update public.exam_prices
set is_default = false, updated_at = now()
where examination_id = '61265cc5-3b98-ad6c-85bc-7c145c7d06a1'::uuid
  and currency <> 'NGN'
  and is_default = true;

insert into public.exam_prices (
  id, examination_id, currency, amount_minor, country_codes,
  is_default, is_active, effective_from, effective_to
) values (
  '753d6976-095a-93a6-9e1d-90b0a1408047'::uuid,
  '61265cc5-3b98-ad6c-85bc-7c145c7d06a1'::uuid,
  'NGN',
  2500000,
  array['NG']::text[],
  true,
  true,
  now(),
  null
)
on conflict (examination_id, currency) do update
set amount_minor = 2500000,
    country_codes = array['NG']::text[],
    is_default = true,
    is_active = true,
    effective_from = least(public.exam_prices.effective_from, now()),
    effective_to = null,
    updated_at = now();

-- CHRMP: Certified Human Resource Management Professional (CHRMP)
insert into public.programmes (id, code, name, description, is_active)
values (
  'c1cd31e6-4fe4-2103-48df-37abe2aa230d'::uuid,
  'CHRMP',
  'Certified Human Resource Management Professional (CHRMP)',
  '75 Executive-Level Questions. Focus: Strategic HRM, Succession Planning, Workforce Analytics, and Change Management.',
  true
)
on conflict (code) do update
set name = excluded.name,
    description = excluded.description,
    is_active = true,
    updated_at = now();

insert into public.examinations (
  id, programme_id, title, instructions, duration_minutes, pass_mark,
  status, max_attempts, randomize_questions, randomize_options,
  allow_self_enrollment, requires_payment
) values (
  '20000000-0000-4000-8000-000000000102'::uuid,
  (select id from public.programmes where code = 'CHRMP'),
  'Certified Human Resource Management Professional (CHRMP)',
  'Answer every question. This examination is timed and protected by IIPM examination integrity controls. Payment, an approved scholarship coupon or an administrator assignment is required before launch.',
  120,
  70,
  'published',
  1,
  true,
  true,
  false,
  true
)
on conflict (id) do update
set programme_id = excluded.programme_id,
    title = excluded.title,
    instructions = excluded.instructions,
    duration_minutes = excluded.duration_minutes,
    pass_mark = excluded.pass_mark,
    status = excluded.status,
    max_attempts = excluded.max_attempts,
    randomize_questions = excluded.randomize_questions,
    randomize_options = excluded.randomize_options,
    allow_self_enrollment = false,
    requires_payment = true,
    updated_at = now();

with ranked_existing as (
  select id, row_number() over (order by id) as replacement_position
  from public.questions
  where examination_id = '20000000-0000-4000-8000-000000000102'::uuid
)
update public.questions q
set is_active = false,
    position = 100000 + ranked_existing.replacement_position,
    updated_at = now()
from ranked_existing
where q.id = ranked_existing.id;

insert into public.questions (id, examination_id, question_text, position, points, is_active)
values
  ('8335e326-9ab0-8cd7-61bb-841e3d9a509e'::uuid, '20000000-0000-4000-8000-000000000102'::uuid, 'Case Study: TechNova Corp is shifting from a low-cost software provider to a premium, innovation-driven AI developer. The CEO asks the Chief Human Resources Officer (CHRO) to align the talent strategy. Which HR strategy is most aligned with this business transition?', 1, 1, true),
  ('f76b663f-c5cb-ddba-d1bb-feae0d014240'::uuid, '20000000-0000-4000-8000-000000000102'::uuid, 'Case Study: During the pre-acquisition due diligence phase of a competitor, the HR team at Zenith Logistics discovers that the target company has a highly centralized culture with rigid hierarchy, whereas Zenith operates on a flat, highly decentralized model. What is the most strategic recommendation the HR team should make to the board?', 2, 1, true),
  ('ea8cad9e-755e-aac8-add8-b35f01342a86'::uuid, '20000000-0000-4000-8000-000000000102'::uuid, 'Case Study: A multinational pharmaceutical company is planning to expand its manufacturing operations into a developing country. The HR Director needs to conduct a macro-environmental analysis to evaluate potential risks in labor supply, labor laws, and socio-cultural trends. Which framework is most appropriate for this strategic assessment?', 3, 1, true),
  ('bd0a6436-d5cc-f79c-67a8-7ff23c80ecd3'::uuid, '20000000-0000-4000-8000-000000000102'::uuid, 'Case Study: An retail enterprise is facing severe market pressure from e-commerce giants. To survive, the board initiates a major restructuring that involves closing 30% of physical stores and expanding digital operations. The change has caused high anxiety and low productivity. According to Kotter’s 8-Step Change Model, what should HR focus on immediately to manage this transition?', 4, 1, true),
  ('ed666a46-4442-c870-8a7a-1ca45c64c461'::uuid, '20000000-0000-4000-8000-000000000102'::uuid, 'Case Study: The board of Apex Insurance demands that HR demonstrate how its initiatives directly support the company''s strategic objective of increasing customer retention by 15%. How should the HR Business Partner (HRBP) structure its key performance indicators (KPIs)?', 5, 1, true),
  ('c4195058-4456-a4ad-d4c9-dd9df4cd3fc0'::uuid, '20000000-0000-4000-8000-000000000102'::uuid, 'Case Study: A global engineering firm is implementing an ESG (Environmental, Social, and Governance) initiative. The Executive Committee asks HR to spearhead the "Social" component. Which of the following initiatives represents the most strategic and impactful HR alignment with ESG principles?', 6, 1, true),
  ('39b7eeee-2516-083c-1cd1-7cbbe5be0d31'::uuid, '20000000-0000-4000-8000-000000000102'::uuid, 'Case Study: Under the leadership of a new CEO, a legacy manufacturing firm wishes to transition from a top-down authoritative culture to an agile, high-performance culture. The HR team is tasked with redesigning the performance management and reward systems to drive this change. Which combination of policies is most effective?', 7, 1, true),
  ('697cc70e-9ab3-1050-c911-e16db072c46b'::uuid, '20000000-0000-4000-8000-000000000102'::uuid, 'Case Study: A fast-growing fintech company is experiencing a "strategic misalignment" where the sales department is focused on aggressive client acquisition (volume), but the product development team is focused on security and stability (quality), leading to internal conflict and delayed releases. How should the CHRO intervene strategically?', 8, 1, true),
  ('11c42f40-fcd9-cf21-b4a3-e8d2d0e93d2b'::uuid, '20000000-0000-4000-8000-000000000102'::uuid, 'Case Study: During a series of focus groups, employees at a multinational consumer goods company indicate that they feel disconnected from the company’s recently announced global expansion strategy. They do not understand how their day-to-day work contributes to the expansion. What strategic HR initiative would best resolve this issue?', 9, 1, true),
  ('407c10d7-64fc-528b-cc5c-082ee392c1de'::uuid, '20000000-0000-4000-8000-000000000102'::uuid, 'Case Study: A highly successful startup is scaling rapidly, expecting to grow from 100 to 1,000 employees in 18 months. The founders are deeply concerned about preserving the unique "ownership and entrepreneurial" culture of the firm. What strategy should HR implement?', 10, 1, true),
  ('655594f8-be2a-4e66-48d2-5656cc4e67a0'::uuid, '20000000-0000-4000-8000-000000000102'::uuid, 'Case Study: A traditional automotive supplier is transitioning to electric vehicle (EV) components. This shift requires an entirely new set of technical capabilities that the current workforce lacks. What is the most strategic first step the L&D and Strategic HR team should take?', 11, 1, true),
  ('06daee7e-9fa0-1d23-f125-ae4e938cd135'::uuid, '20000000-0000-4000-8000-000000000102'::uuid, 'Case Study: Following a hostile takeover bid that was ultimately defeated, a company’s leadership team realizes they have severely damaged employee morale, high turnover risk among key innovators, and a negative public employer brand. What is the CHRO’s immediate strategic priority?', 12, 1, true),
  ('24be20a0-ac28-163b-ebce-eb3c3a8f9e5f'::uuid, '20000000-0000-4000-8000-000000000102'::uuid, 'Case Study: A large healthcare system is experiencing a critical shortage of registered nurses due to regional competitive pressures and burnout. The Workforce Planning Director needs to forecast nursing supply and demand over the next 5 years. Which methodology will yield the most accurate strategic forecast?', 13, 1, true),
  ('36ee4bfe-5104-718e-9b04-6797cc314f98'::uuid, '20000000-0000-4000-8000-000000000102'::uuid, 'Case Study: An aerospace defense contractor is struggling to fill highly specialized positions in quantum computing cryptography. The recruitment team has spent 6 months sourcing via standard online job boards with zero successful hires. What recruitment strategy should HR implement to address this niche bottleneck?', 14, 1, true),
  ('3013f985-239b-d0c0-d52c-2687cd69a1cd'::uuid, '20000000-0000-4000-8000-000000000102'::uuid, 'Case Study: A tech enterprise wishes to eliminate cognitive biases and improve the validity of its hiring decisions for engineering managers. The Talent Acquisition Director wants to overhaul the selection process. Which approach provides the highest predictive validity?', 15, 1, true),
  ('9e6d24fb-3e89-0df4-8212-a554d0b2819f'::uuid, '20000000-0000-4000-8000-000000000102'::uuid, 'Case Study: To build a robust succession pipeline for executive leadership, Apex Financial conducts a talent calibration exercise. The VP of Talent wants to identify "High-Potentials" (HiPos) who have the capacity to step into C-suite roles within 3-5 years. What is the most critical distinction HR must maintain during this evaluation?', 16, 1, true),
  ('e2e12139-a4e4-f74d-4d08-3ea11558cf75'::uuid, '20000000-0000-4000-8000-000000000102'::uuid, 'Case Study: A global hospitality group is designing an Employer Value Proposition (EVP) to attract top digital talent to its digital transformation hub. How should HR research and structure the EVP to ensure it is authentic and competitive?', 17, 1, true),
  ('78a7df4f-11a7-0897-4149-16d0571cac31'::uuid, '20000000-0000-4000-8000-000000000102'::uuid, 'Case Study: A manufacturing company has a highly seasonal demand pattern, needing 40% more operational staff during Q4 than Q1. HR wants to optimize workforce elasticity while managing costs and maintaining safety standards. What is the most strategic staffing configuration?', 18, 1, true),
  ('62acb29f-38a8-2246-8a67-bbb965519e54'::uuid, '20000000-0000-4000-8000-000000000102'::uuid, 'Case Study: HR audit data at a retail chain reveals that 45% of new store managers resign within the first 90 days of employment. Qualitative exit interviews indicate that they feel overwhelmed, lack clear operational directions, and feel alienated. What is the most effective remedy?', 19, 1, true),
  ('1eeb0979-f557-3ac0-51fb-aa1e1e8b4b65'::uuid, '20000000-0000-4000-8000-000000000102'::uuid, 'Case Study: A technology firm wants to diversify its engineering team, which is currently 90% male. The Head of Talent Acquisition is reviewing the sourcing and hiring funnel. Which of the following interventions represents a strategic, systemic approach to reducing bias?', 20, 1, true),
  ('1b81a52f-8b5f-29e2-0d9c-0e0c49b23e5d'::uuid, '20000000-0000-4000-8000-000000000102'::uuid, 'Case Study: An international consulting firm is evaluating the ROI of its global mobility program. The company spends $5M annually relocating senior consultants. The board asks HR to justify this expenditure. What is the key metric HR should present?', 21, 1, true),
  ('92915c20-c50a-2c17-7a19-60311fa37c70'::uuid, '20000000-0000-4000-8000-000000000102'::uuid, 'Case Study: A major logistics company needs to hire 500 delivery drivers in a new metropolitan region within 60 days. The local unemployment rate is extremely low (1.8%). What sourcing strategy is most likely to succeed?', 22, 1, true),
  ('85eadea7-3378-9aa3-7fb5-1271f4e123b4'::uuid, '20000000-0000-4000-8000-000000000102'::uuid, 'Case Study: A chemical research laboratory is losing its top senior scientists to retirement over the next 36 months, threatening to stall critical drug development pipelines. There is an urgent need to capture and transfer this highly specialized, tacit knowledge. What workforce planning initiative is most appropriate?', 23, 1, true),
  ('9aed0f9a-2457-9c96-1ae9-482232d0d5b4'::uuid, '20000000-0000-4000-8000-000000000102'::uuid, 'Case Study: A high-growth e-commerce startup wants to transition from reactive "just-in-time" hiring to proactive talent pipeline management. The TA Director wants to measure the health of their candidate pools. Which metric is the most critical indicator of proactive pipeline strength?', 24, 1, true),
  ('1b2aa62c-50bd-bd9b-b1dc-6144c0480882'::uuid, '20000000-0000-4000-8000-000000000102'::uuid, 'Case Study: A software company’s executive leadership is concerned that they are overpaying for talent due to aggressive market bidding. The Compensation Analyst presents data showing their salary offers are in the 90th percentile, but their offer-acceptance rate is only 52%. What does this data indicate strategically?', 25, 1, true),
  ('07b1acfd-7c28-4693-903a-dc25588074dd'::uuid, '20000000-0000-4000-8000-000000000102'::uuid, 'Case Study: A global marketing agency is transitioning from an annual performance review to a continuous performance management system. Some senior directors are highly resistant, arguing that continuous feedback is too time-consuming and unnecessary. How should the Talent Management Director address this?', 26, 1, true),
  ('76bb749f-c509-6092-8862-f8ed9c5dd00e'::uuid, '20000000-0000-4000-8000-000000000102'::uuid, 'Case Study: An audit of a financial service company’s performance appraisal process reveals significant "leniency bias," where 85% of employees are rated as "outstanding," making it impossible to identify actual high performers or underperformers. What system overhaul should HR recommend?', 27, 1, true),
  ('d337f971-e4ad-c4af-8581-f76df9aaad53'::uuid, '20000000-0000-4000-8000-000000000102'::uuid, 'Case Study: A fast-growing software firm is seeing a steep rise in turnover among mid-level software engineers. Exit survey data reveals that the primary reason is a "perceived lack of career growth." However, the flat organizational structure has very few traditional management vacancies. What is the most strategic HR solution?', 28, 1, true),
  ('f74b0601-0773-e7b6-d193-3a409a0418ec'::uuid, '20000000-0000-4000-8000-000000000102'::uuid, 'Case Study: To optimize its talent pipeline, a consumer electronics manufacturer implements a 9-Box Grid for talent planning. During a calibration session, a manager presents an employee who consistently exceeds all performance goals but shows low learning agility and resistance to changing operating procedures. In which quadrant of the 9-Box Grid does this employee belong, and what is the development strategy?', 29, 1, true),
  ('1bf0d1d6-bd15-5c8a-3082-5f1a0a694b99'::uuid, '20000000-0000-4000-8000-000000000102'::uuid, 'Case Study: A global customer service provider is facing an unprecedented rise in absenteeism and customer complaints. An internal HR assessment diagnoses severe "burnout" and low employee engagement. The VP of HR wants to design a long-term engagement strategy. What should be the first step?', 30, 1, true),
  ('3b8e2475-5b9c-f5fd-697a-24211b86cac4'::uuid, '20000000-0000-4000-8000-000000000102'::uuid, 'Case Study: Following an employee engagement survey, results indicate that employees feel their immediate supervisors lack empathy and do not provide clear direction. How should the Talent Development team strategically address this localized management gap?', 31, 1, true),
  ('5dfa92ef-f528-f09f-5663-d54ff58f0bff'::uuid, '20000000-0000-4000-8000-000000000102'::uuid, 'Case Study: A heavy manufacturing company operates under a strict safety-first culture. However, senior engineers are frequently bypassing safety protocols to meet aggressive production deadlines. HR wants to implement a systemic behavioral intervention. Which approach is most sustainable?', 32, 1, true),
  ('2c6e4cd7-7dbe-e95d-b14f-e2076ea0dedf'::uuid, '20000000-0000-4000-8000-000000000102'::uuid, 'Case Study: A financial technology company is shifting 70% of its workforce to a permanent remote-work model. The Chief People Officer is concerned about maintaining organizational cohesion, preventing digital fatigue, and tracking performance. What strategic remote HR policy should be established?', 33, 1, true),
  ('1aff1364-670c-56ff-a86b-89d014828693'::uuid, '20000000-0000-4000-8000-000000000102'::uuid, 'Case Study: An internal talent review shows that although the company recruits highly diverse entry-level employees, the representation of women and minorities drops by 80% at the Director level and above. What systemic talent management initiative will best address this glass ceiling?', 34, 1, true),
  ('49a8a6b5-3b56-f03c-b2cd-51f7848f106b'::uuid, '20000000-0000-4000-8000-000000000102'::uuid, 'Case Study: An executive director at a non-profit organization unexpectedly resigns. The HR Director reviews the succession plan and realizes there are no internal candidates ready to step into the role, forcing a costly and disruptive 6-month external search. What failure in talent management does this highlight, and how should it be resolved?', 35, 1, true),
  ('35c741a7-d817-1a60-d68d-77dfebd0ad36'::uuid, '20000000-0000-4000-8000-000000000102'::uuid, 'Case Study: A telecommunications firm is undergoing a massive digital overhaul, automating its customer billing department and reducing headcount by 150 administrative roles. To manage talent ethically and strategically, HR wants to design a career transition program. What is the most constructive approach?', 36, 1, true),
  ('a5fab670-a57a-72f8-1d2b-ca28e6562ba7'::uuid, '20000000-0000-4000-8000-000000000102'::uuid, 'Case Study: To foster a culture of high performance and psychological safety, the CHRO wants to introduce peer-to-peer recognition. However, previous attempts at recognition programs failed due to perceived favoritism and low participation. What design principle will ensure the success of the new program?', 37, 1, true),
  ('f6b0b4c2-30a3-6531-e585-1ac1273c0e51'::uuid, '20000000-0000-4000-8000-000000000102'::uuid, 'Case Study: A consumer retail firm is experiencing a severe productivity dip. Middle managers complain that their teams are constantly interrupted by administrative requests from HR, compliance, and IT. What initiative should the HR Operations team implement to resolve this corporate friction?', 38, 1, true),
  ('b706128a-9961-b925-7fbb-4582ebe68749'::uuid, '20000000-0000-4000-8000-000000000102'::uuid, 'Case Study: A global sales organization wants to design a training program to improve the negotiating skills of its 1,200 account executives. The L&D Director wants to ensure the program is highly effective. According to the ADDIE model, what is the most critical first step?', 39, 1, true),
  ('241d7bfc-756a-8f55-8b7c-0266141993bc'::uuid, '20000000-0000-4000-8000-000000000102'::uuid, 'Case Study: To support a highly technical engineering workforce, an aerospace company wants to implement a learning program on advanced aerodynamics. The L&D team wants to utilize Knowles’ Theory of Andragogy (Adult Learning) to maximize engagement. Which design element is most aligned with this theory?', 40, 1, true),
  ('cfe9a04a-c723-60fd-bb0d-af6594afcf79'::uuid, '20000000-0000-4000-8000-000000000102'::uuid, 'Case Study: The CEO of Apex Bank is skeptical about the value of a newly proposed $500,000 Leadership Development program. The CEO demands that the L&D Director demonstrate the return on investment (ROI) of this initiative using Kirkpatrick’s Four-Level Training Evaluation Model. At which level should HR evaluate to demonstrate financial ROI?', 41, 1, true),
  ('fb6d70a4-57a4-773e-403d-708b21ad65d9'::uuid, '20000000-0000-4000-8000-000000000102'::uuid, 'Case Study: A major tech enterprise wants to transition its workforce from a single-skill paradigm to a "T-shaped" skill paradigm to foster cross-functional innovation. What L&D program design strategically supports this shift?', 42, 1, true),
  ('37f758b2-69d9-bc16-d556-f8e163d068cf'::uuid, '20000000-0000-4000-8000-000000000102'::uuid, 'Case Study: An international energy firm is implementing a complex safety management system across its offshore drilling rigs. The training must be delivered to a diverse, geographically dispersed workforce with limited internet access. What L&D modality should HR recommend?', 43, 1, true),
  ('291f9e52-6143-079d-2dc3-3a418bfea6a1'::uuid, '20000000-0000-4000-8000-000000000102'::uuid, 'Case Study: During a review of corporate training data, the L&D team discovers a major "transfer of training" gap: although employees perform exceptionally well on post-training exams, their actual day-to-day job behavior remains completely unchanged. What intervention will best close this transfer gap?', 44, 1, true),
  ('020cb5aa-1189-a4ad-2d95-1d822f907b8d'::uuid, '20000000-0000-4000-8000-000000000102'::uuid, 'Case Study: A healthcare company needs to rapidly train 5,000 clinic staff members on a new patient-privacy law. The regulation goes into effect in 30 days, and failure to comply carries severe federal penalties. What L&D strategy is most appropriate?', 45, 1, true),
  ('3d33d087-ba34-5032-3b5b-24cb8372cc9d'::uuid, '20000000-0000-4000-8000-000000000102'::uuid, 'Case Study: A prestigious professional services firm is designing a "Leadership Pipeline" program for senior associates who are tracking to become partners. The executive committee wants to ensure the program develops strategic, enterprise-wide thinking. Which L&D method is most effective?', 46, 1, true),
  ('538a6512-f9e8-aab0-d799-7b764700b3b6'::uuid, '20000000-0000-4000-8000-000000000102'::uuid, 'Case Study: To promote continuous learning, a technology company provides employees with a $2,000 annual self-directed learning stipend. However, HR notices that only 15% of employees utilize the stipend, and overall participation in company-led learning initiatives is very low. What is the root cause?', 47, 1, true),
  ('919fd19c-98b0-9cd9-729f-d99cd526ab5d'::uuid, '20000000-0000-4000-8000-000000000102'::uuid, 'Case Study: An industrial manufacturer wants to implement a mentoring program to accelerate the development of young engineers. To ensure the program is structured and successful, what design element is most critical?', 48, 1, true),
  ('dc2026b1-81d0-4606-483f-40329c3fd985'::uuid, '20000000-0000-4000-8000-000000000102'::uuid, 'Case Study: An international development agency operates in highly volatile, conflict-affected regions. Staff must be trained in physical security, crisis management, and emergency response. What L&D methodology is safest and most effective for developing these high-stakes, stressful competencies?', 49, 1, true),
  ('719f6568-fa21-76d3-1fc7-5d40af39fa74'::uuid, '20000000-0000-4000-8000-000000000102'::uuid, 'Case Study: A high-tech manufacturer is investing $10M in state-of-the-art robotic assembly lines. The HR team must design a comprehensive workforce readiness plan to ensure the transition is seamless. What should be the primary focus of the workforce readiness plan?', 50, 1, true),
  ('d1e8f2e5-3031-8a68-7180-b337aff13cf4'::uuid, '20000000-0000-4000-8000-000000000102'::uuid, 'Case Study: A global software company is designing a compensation structure for its entry into a new, highly competitive European market. The company wants to attract top-tier research talent. What strategic compensation positioning should HR recommend?', 51, 1, true),
  ('f946c969-b317-7b1c-9b93-8af50efb07ba'::uuid, '20000000-0000-4000-8000-000000000102'::uuid, 'Case Study: A mid-sized financial services company wants to transition from a subjective, manager-led compensation process to a structured, transparent pay-grade system. What is the fundamental first step HR must execute to build this framework?', 52, 1, true),
  ('1e2d922a-98e3-8bc5-0bbb-2a4933065a0f'::uuid, '20000000-0000-4000-8000-000000000102'::uuid, 'Case Study: The sales team at a high-end medical device company is experiencing low motivation and high turnover. The current compensation plan features a high base salary (85%) and a very low variable commission (15%). What adjustment should the Total Rewards Director propose?', 53, 1, true),
  ('d01ea2f0-00bf-3c69-45f6-29543c6b2c96'::uuid, '20000000-0000-4000-8000-000000000102'::uuid, 'Case Study: An international manufacturing company has multiple regional plants. A pay equity audit reveals that female plant managers are paid, on average, 18% less than their male counterparts with similar tenure and performance ratings. What is HR''s strategic and legally compliant response?', 54, 1, true),
  ('b119c55a-00a1-af41-3cdc-ee83708498b8'::uuid, '20000000-0000-4000-8000-000000000102'::uuid, 'Case Study: A fast-growing tech startup wants to attract senior executive leadership but lacks the liquid capital to compete with established enterprise salaries. What total rewards component should the startup leverage?', 55, 1, true),
  ('b84c028b-7062-46c0-b0aa-67c73672f300'::uuid, '20000000-0000-4000-8000-000000000102'::uuid, 'Case Study: During an annual benefits review, HR data reveals that younger employees are under-utilizing the pension and retirement planning benefits, while older employees are highly vocal about desiring more comprehensive retirement support. What strategy optimizes benefits ROI?', 56, 1, true),
  ('ceaecd2e-3a0a-3a06-a061-8c5dda2987db'::uuid, '20000000-0000-4000-8000-000000000102'::uuid, 'Case Study: A heavy logistics company is seeing a steady rise in workers'' compensation claims due to musculoskeletal injuries on the loading docks. What Total Rewards and Benefits intervention is most strategic and proactive?', 57, 1, true),
  ('207eb4db-828c-dc02-c649-7c6a32a5be65'::uuid, '20000000-0000-4000-8000-000000000102'::uuid, 'Case Study: To control rising operational costs, a retail enterprise is considering transitioning from a "broadbanding" salary structure with 5 wide bands to a "narrow grading" structure with 25 distinct grades. What is the main strategic implication of this change?', 58, 1, true),
  ('7174779a-e808-6e0d-1a61-17bea1724a58'::uuid, '20000000-0000-4000-8000-000000000102'::uuid, 'Case Study: Following a highly successful fiscal year, a company wants to distribute bonuses to its corporate staff. The executive team wants to ensure the payout motivates high performance and reinforces a sense of shared success. Which structure is best?', 59, 1, true),
  ('34358eb8-56d8-1f98-2b7e-9f3df94b3a27'::uuid, '20000000-0000-4000-8000-000000000102'::uuid, 'Case Study: A corporate audit of a multinational bank reveals that some international executives are receiving complex expat compensation packages that are no longer aligned with local market rates or tax structures, costing the firm millions in tax penalties. What is the appropriate corrective action?', 60, 1, true),
  ('f80cdfce-3aaf-15f6-659a-b6acee5b3157'::uuid, '20000000-0000-4000-8000-000000000102'::uuid, 'Case Study: A pharmaceutical firm wants to design a retention strategy for its lead scientific researchers who are critical to an upcoming FDA drug approval. What compensation mechanism is most effective for retaining these scientists through the 3-year approval cycle?', 61, 1, true),
  ('b1ec0631-4fe9-daea-64ce-53163e482fdd'::uuid, '20000000-0000-4000-8000-000000000102'::uuid, 'Case Study: To promote gender pay equity and transparency, a European country introduces legislation requiring public disclosure of gender pay gaps. The CHRO of a firm operating in this region must prepare. What is the most strategic preparation strategy?', 62, 1, true),
  ('0aeb97af-6177-d340-ed32-6d0ebd80f010'::uuid, '20000000-0000-4000-8000-000000000102'::uuid, 'Case Study: An employee at a financial firm submits a formal complaint to HR alleging that their immediate director has been creating a hostile work environment through verbal abuse, public humiliation, and retaliatory scheduling. What is HR''s immediate compliance obligation?', 63, 1, true),
  ('9c8d295d-973e-62f8-3943-9529a8e46cbe'::uuid, '20000000-0000-4000-8000-000000000102'::uuid, 'Case Study: During an organizational restructuring, a legacy manufacturing plant is planning to transition 30% of its unionized labor force to an automated assembly system, requiring a significant reduction in overall headcount. How must the HR Director manage this transition legally and strategically?', 64, 1, true),
  ('2c0a142c-e5ba-4682-44c2-c5519999fa1d'::uuid, '20000000-0000-4000-8000-000000000102'::uuid, 'Case Study: An internal safety audit of a chemical plant reveals that employees are frequently ignoring mandatory personal protective equipment (PPE) guidelines, citing that the gear is uncomfortable and slows down their production. What is the most effective HR intervention to improve compliance?', 65, 1, true),
  ('c9e9b8a5-9977-bfd2-55f9-80609ba865d6'::uuid, '20000000-0000-4000-8000-000000000102'::uuid, 'Case Study: A software developer with excellent performance reviews over the last three years is diagnosed with a severe visual impairment and requests assistive screen-reader technology and a flexible working schedule. The direct manager is resistant, claiming it will disrupt team dynamics. What is HR''s strategic and legal role?', 66, 1, true),
  ('11082ac1-ab79-bfad-17ea-6c886ca1bcc9'::uuid, '20000000-0000-4000-8000-000000000102'::uuid, 'Case Study: An HR Generalist discovers that several department heads are hiring independent contractors to perform core, ongoing operational duties that are identical to those of permanent full-time employees. What compliance risk does this present, and what is the corrective action?', 67, 1, true),
  ('5a2f8c36-415b-350c-b9dc-b276ec9c3f0f'::uuid, '20000000-0000-4000-8000-000000000102'::uuid, 'Case Study: To support a diverse and inclusive workplace, a multinational consumer goods company wants to implement a comprehensive DEI strategy. How should HR design and execute this initiative to ensure it is sustainable and impactful?', 68, 1, true),
  ('5be44a00-b9e2-afee-b501-a758a154f7f1'::uuid, '20000000-0000-4000-8000-000000000102'::uuid, 'Case Study: An anonymous whistleblower submits a report through the corporate compliance hotline alleging that a regional VP of Sales is inflating quarterly numbers by booking pre-mature contracts. What is HR’s immediate ethical and legal obligation?', 69, 1, true),
  ('a38e050d-07ef-241f-42b4-0cffa8daf388'::uuid, '20000000-0000-4000-8000-000000000102'::uuid, 'Case Study: A pharmaceutical firm is preparing for an FDA audit of its clinical trials. The HR compliance officer discovers that several researchers have expired laboratory certifications, a direct violation of federal guidelines. What is the immediate corrective action?', 70, 1, true),
  ('bffdc00e-68a0-61d5-9685-428a83d4e721'::uuid, '20000000-0000-4000-8000-000000000102'::uuid, 'Case Study: A software firm operates in a highly competitive market where trade secrets are critical to survival. A key engineer resigns to join a direct competitor. The manager wants HR to enforce a strict non-compete agreement. What is HR’s role in evaluating this situation?', 71, 1, true),
  ('61cc023f-e9f4-6daa-66aa-9b1a2038aa89'::uuid, '20000000-0000-4000-8000-000000000102'::uuid, 'Case Study: Following a high-profile verbal dispute on the assembly floor, a plant manager wants to immediately terminate an employee with 15 years of service, citing insubordination. The employee has a spotless disciplinary history. What is the appropriate HR advisory response?', 72, 1, true),
  ('ac69a64c-af58-20dd-8e60-a41d68433c27'::uuid, '20000000-0000-4000-8000-000000000102'::uuid, 'Case Study: During collective bargaining negotiations, the union and the company reach a severe impasse regarding wage increases, with the union threatening a full strike. Both parties want to avoid a strike. What is the most constructive dispute resolution mechanism HR should propose?', 73, 1, true),
  ('0743d6f3-91a6-e423-2945-8bfb29280da5'::uuid, '20000000-0000-4000-8000-000000000102'::uuid, 'Case Study: A multinational energy company is preparing to open operations in a region known for high levels of public sector corruption and bribery. The board wants HR to establish a robust anti-bribery compliance program. What is the most critical element HR should implement?', 74, 1, true),
  ('27048a67-8ae4-76f8-b267-a3d58c897f19'::uuid, '20000000-0000-4000-8000-000000000102'::uuid, 'Case Study: During an HR audit, the Compliance Director discovers that a regional office has been failing to document accommodations made for pregnant employees, a violation of the local Pregnant Workers Fairness Act. What is the immediate compliance corrective action?', 75, 1, true)
on conflict (id) do update
set examination_id = excluded.examination_id,
    question_text = excluded.question_text,
    position = excluded.position,
    points = excluded.points,
    is_active = true,
    updated_at = now();

insert into public.question_options (id, question_id, option_text, position)
values
  ('335e68c8-d8c0-3c46-4ac0-0338b292684e'::uuid, '8335e326-9ab0-8cd7-61bb-841e3d9a509e'::uuid, 'Implement strict cost-containment measures, standardize job roles, and focus recruitment on entry-level candidates with generalist skills.', 1),
  ('9cf08475-9423-a69b-4736-833510566d53'::uuid, '8335e326-9ab0-8cd7-61bb-841e3d9a509e'::uuid, 'Transition performance metrics to reward speed and volume of output, and reduce training budgets to offset technology investments.', 2),
  ('ec1d3a15-b750-2313-2e51-a438f92723f5'::uuid, '8335e326-9ab0-8cd7-61bb-841e3d9a509e'::uuid, 'Redesign roles to be flexible and autonomous, implement skill-based compensation, and recruit specialized high-caliber AI engineers.', 3),
  ('fa35fc19-0c10-1721-8312-40a2b8fe76b7'::uuid, '8335e326-9ab0-8cd7-61bb-841e3d9a509e'::uuid, 'Standardize the annual performance appraisal process and mandate across-the-board training in basic administrative software.', 4),
  ('0f151daf-8392-e697-4004-ea3c1bf663f0'::uuid, 'f76b663f-c5cb-ddba-d1bb-feae0d014240'::uuid, 'Recommend proceeding with the acquisition without integration planning, as structural differences will naturally resolve over time.', 1),
  ('74e1f318-aba1-0c63-0bc0-d3e68287616c'::uuid, 'f76b663f-c5cb-ddba-d1bb-feae0d014240'::uuid, 'Advise that the acquisition is highly risky and recommend immediate termination of the merger talks due to cultural mismatch.', 2),
  ('c5de3e91-8c8a-cfad-8e91-cc2e8dbe67dc'::uuid, 'f76b663f-c5cb-ddba-d1bb-feae0d014240'::uuid, 'Propose a comprehensive cultural integration plan, starting with executive alignment workshops, and map out structural synergies and gaps before closure.', 3),
  ('559e4d98-651d-dc8c-1ddb-53a431294704'::uuid, 'f76b663f-c5cb-ddba-d1bb-feae0d014240'::uuid, 'Recommend that Zenith immediately adopt the target company’s hierarchical structure to simplify the operational transition.', 4),
  ('57ce1b89-5efa-d636-e824-da0b534d9eb0'::uuid, 'ea8cad9e-755e-aac8-add8-b35f01342a86'::uuid, 'Porter’s Five Forces Analysis', 1),
  ('c5d0ae5b-23dd-1cd6-52b1-e1b0d602c57d'::uuid, 'ea8cad9e-755e-aac8-add8-b35f01342a86'::uuid, 'PESTLE (Political, Economic, Social, Technological, Legal, Environmental) Analysis', 2),
  ('d3897fb0-4b8e-c8f0-34f5-c506265ece31'::uuid, 'ea8cad9e-755e-aac8-add8-b35f01342a86'::uuid, 'The BCG Matrix (Boston Consulting Group)', 3),
  ('f8cfe07e-4ca4-b914-69fb-51f24b4c901c'::uuid, 'ea8cad9e-755e-aac8-add8-b35f01342a86'::uuid, 'The Balanced Scorecard Framework', 4),
  ('65653740-e253-ad55-e0df-88b39c039e25'::uuid, 'bd0a6436-d5cc-f79c-67a8-7ff23c80ecd3'::uuid, 'Develop a highly confidential performance appraisal system to identify and terminate resistant employees quietly.', 1),
  ('590704f2-0378-70f7-eb3e-2d0599a8f8bf'::uuid, 'bd0a6436-d5cc-f79c-67a8-7ff23c80ecd3'::uuid, 'Create a sense of urgency around the necessity of change, build a guiding coalition of respected store managers, and communicate the vision clearly and continuously.', 2),
  ('c66bfac1-80d0-efff-3d5f-4e8b49c72ba9'::uuid, 'bd0a6436-d5cc-f79c-67a8-7ff23c80ecd3'::uuid, 'Immediately announce the new organizational structure and mandate compliance through strict disciplinary policies.', 3),
  ('a37be7d7-b264-36d7-37c4-e4a2e374bb03'::uuid, 'bd0a6436-d5cc-f79c-67a8-7ff23c80ecd3'::uuid, 'Focus strictly on negotiating severance packages for the affected employees before addressing the remaining staff.', 4),
  ('703430a4-46ec-a74d-c08b-16f6f62fe00f'::uuid, 'ed666a46-4442-c870-8a7a-1ca45c64c461'::uuid, 'Measure the total number of HR training hours conducted per employee over the last fiscal year.', 1),
  ('a47ec7fe-7853-f27e-a700-daa12da18fb7'::uuid, 'ed666a46-4442-c870-8a7a-1ca45c64c461'::uuid, 'Link HR metrics, such as employee engagement scores in customer service and specialized service training completion rates, to customer retention metrics.', 2),
  ('bfffcb88-abf3-d1f9-ca2f-f3085e80a2bb'::uuid, 'ed666a46-4442-c870-8a7a-1ca45c64c461'::uuid, 'Report the average time-to-fill for all open corporate administrative positions.', 3),
  ('1b8ff456-920b-9e5e-a311-ddabeb457fc2'::uuid, 'ed666a46-4442-c870-8a7a-1ca45c64c461'::uuid, 'Track the percentage of employees who completed the annual mandatory compliance training on time.', 4),
  ('0f3e3034-d7e0-9ed6-bb3c-8e2aed13384c'::uuid, 'c4195058-4456-a4ad-d4c9-dd9df4cd3fc0'::uuid, 'Creating a company newsletter that highlights the recycling habits of executive staff.', 1),
  ('18699561-f34d-1271-13b4-ff49acb9ba13'::uuid, 'c4195058-4456-a4ad-d4c9-dd9df4cd3fc0'::uuid, 'Designing and implementing transparent pay equity policies, robust whistleblower protection frameworks, and measurable DEI targets.', 2),
  ('674c01a4-0db3-7d25-9b35-b166f9bfae20'::uuid, 'c4195058-4456-a4ad-d4c9-dd9df4cd3fc0'::uuid, 'Organizing an annual volunteer day where employees paint local schools during their personal weekend hours.', 3),
  ('5d1e0303-2bab-c4d1-960d-91088325e746'::uuid, 'c4195058-4456-a4ad-d4c9-dd9df4cd3fc0'::uuid, 'Mandating that all HR forms and documents be saved digitally rather than printed on paper.', 4),
  ('b47458b3-58d5-c697-b88b-1786871e7507'::uuid, '39b7eeee-2516-083c-1cd1-7cbbe5be0d31'::uuid, 'Enforce an individual ranking system (stack ranking), eliminate team awards, and restrict performance bonuses to top executives.', 1),
  ('b7dd4b29-c436-b645-4394-2fe47c4ab10f'::uuid, '39b7eeee-2516-083c-1cd1-7cbbe5be0d31'::uuid, 'Shift from rigid annual reviews to continuous feedback loops, introduce team-based OKRs, and align bonuses with both individual contribution and core value behaviors.', 2),
  ('758645f1-e898-40dc-ff93-6d93cb01defc'::uuid, '39b7eeee-2516-083c-1cd1-7cbbe5be0d31'::uuid, 'Maintain the current annual evaluation system but increase the weight of supervisor-only ratings from 50% to 100%.', 3),
  ('b481040a-5eb4-3c16-3af6-8a2642156f83'::uuid, '39b7eeee-2516-083c-1cd1-7cbbe5be0d31'::uuid, 'Abolish all formal performance reviews and allocate salary increases strictly based on tenure and department seniority.', 4),
  ('8ac921ee-d813-c3c8-0cbe-5326daba3e1e'::uuid, '697cc70e-9ab3-1050-c911-e16db072c46b'::uuid, 'Advise the CEO to replace the department heads of both sales and product development to establish immediate compliance.', 1),
  ('16b7ef5e-103e-7b24-7303-91c1afb1440e'::uuid, '697cc70e-9ab3-1050-c911-e16db072c46b'::uuid, 'Establish a cross-functional alignment committee, redesign shared performance metrics (such as secure onboarding rate), and tie executive incentives to unified strategic goals.', 2),
  ('1e34c2e4-dd04-3eea-273b-c796479cc9ea'::uuid, '697cc70e-9ab3-1050-c911-e16db072c46b'::uuid, 'Create separate HR business units for each department and instruct them to operate independently of the other.', 3),
  ('86f3eb75-dfec-5514-4d18-b86bbc5a2c78'::uuid, '697cc70e-9ab3-1050-c911-e16db072c46b'::uuid, 'Instruct the internal communications team to launch an engagement campaign reminding employees to be cooperative and polite.', 4),
  ('9cc020d9-ffa3-376d-abb2-1b54f3aa4e0f'::uuid, '11c42f40-fcd9-cf21-b4a3-e8d2d0e93d2b'::uuid, 'Launch a cascade training program where executive leaders train middle managers to help employees map their individual goals directly to global strategic pillars.', 1),
  ('6a6ee3fc-2284-1c58-6035-87f8d2dcfd3f'::uuid, '11c42f40-fcd9-cf21-b4a3-e8d2d0e93d2b'::uuid, 'Post the strategic expansion document on the company intranet and mandate that all employees read it and sign an acknowledgment form.', 2),
  ('0a0065f2-239c-d127-dfa0-ab096d099d6a'::uuid, '11c42f40-fcd9-cf21-b4a3-e8d2d0e93d2b'::uuid, 'Increase the frequency of company-wide email updates containing high-level financial performance metrics.', 3),
  ('9dd6e068-b3c8-dedf-0bd1-bc04d54301fa'::uuid, '11c42f40-fcd9-cf21-b4a3-e8d2d0e93d2b'::uuid, 'Offer a one-time financial bonus to employees who can memorize and recite the new corporate mission statement.', 4),
  ('5e20a5a1-d12f-11d0-b99c-8f6c90f5bae0'::uuid, '407c10d7-64fc-528b-cc5c-082ee392c1de'::uuid, 'Create a highly detailed handbook of rigid rules and standardized operating procedures to prevent cultural deviance.', 1),
  ('306abe3e-6c3a-bd92-9dfd-127f83ed861a'::uuid, '407c10d7-64fc-528b-cc5c-082ee392c1de'::uuid, 'Incorporate cultural-fit assessments into structured hiring, design a robust peer-led onboarding program, and establish transparent horizontal communications.', 2),
  ('acdc4c48-9391-2a44-4891-fb01fd008afb'::uuid, '407c10d7-64fc-528b-cc5c-082ee392c1de'::uuid, 'Hire a branding agency to design motivational posters and distribute branded company merchandise to all new hires.', 3),
  ('602c0e83-0aa5-570d-7fed-9d4836a90099'::uuid, '407c10d7-64fc-528b-cc5c-082ee392c1de'::uuid, 'Establish a strict surveillance policy to monitor employee communications and ensure adherence to company values.', 4),
  ('8623091a-343a-5cd2-20af-8f73a91fe8e3'::uuid, '655594f8-be2a-4e66-48d2-5656cc4e67a0'::uuid, 'Initiate a mass layoff of the current manufacturing workforce and hire new pre-trained EV technicians from the market.', 1),
  ('8ebb50b6-3e4e-5aa1-21b0-2d55ed96b529'::uuid, '655594f8-be2a-4e66-48d2-5656cc4e67a0'::uuid, 'Conduct a thorough Strategic Skills Gap Analysis to map current workforce competencies against future EV requirements, and design a targeted reskilling and transition plan.', 2),
  ('26bfa243-9012-8072-4a00-7f36d3dfe4c5'::uuid, '655594f8-be2a-4e66-48d2-5656cc4e67a0'::uuid, 'Purchase an online course catalog on green technologies and make it optional for employees to complete in their spare time.', 3),
  ('e1e5f318-790d-37ff-9d2e-b7edb434ecc7'::uuid, '655594f8-be2a-4e66-48d2-5656cc4e67a0'::uuid, 'Hire external consultants to handle all EV manufacturing operations on a permanent, outsource basis.', 4),
  ('25725a98-c4bc-9cb6-5be5-7804ca0a773f'::uuid, '06daee7e-9fa0-1d23-f125-ae4e938cd135'::uuid, 'Implement non-disclosure agreements (NDAs) with all remaining staff to prevent negative glassdoor reviews.', 1),
  ('c4cfe5ef-8c81-11af-9c3c-c25d595f32d8'::uuid, '06daee7e-9fa0-1d23-f125-ae4e938cd135'::uuid, 'Launch an immediate organizational diagnostic (engagement survey and focus groups), establish retention bonuses for key talent, and rebuild trust through transparent communication.', 2),
  ('5a00ceae-0aaf-74af-9ef2-c4a30f94e7e2'::uuid, '06daee7e-9fa0-1d23-f125-ae4e938cd135'::uuid, 'Increase base salaries across the board by 10% to offset the moral damage and deter attrition.', 3),
  ('ac2a40cb-256e-cb3f-a31f-9611a810ee79'::uuid, '06daee7e-9fa0-1d23-f125-ae4e938cd135'::uuid, 'Execute a public relations campaign highlighting the company''s products without addressing internal organizational issues.', 4),
  ('abd14e49-5b34-040e-87ae-11330892ae88'::uuid, '24be20a0-ac28-163b-ebce-eb3c3a8f9e5f'::uuid, 'Relying solely on historical linear trend analysis based on retirement data from the last ten years.', 1),
  ('aed145af-2994-0409-ef6d-db19232b96bd'::uuid, '24be20a0-ac28-163b-ebce-eb3c3a8f9e5f'::uuid, 'Utilizing a Markov Analysis to track internal nursing movement, coupled with external demographic data, competitor talent mapping, and nursing school graduation trends.', 2),
  ('e9667141-c191-4b3b-9ff7-a1970713fb14'::uuid, '24be20a0-ac28-163b-ebce-eb3c3a8f9e5f'::uuid, 'Surveying department heads regarding their intuitive hiring preferences for the upcoming calendar year.', 3),
  ('a0befbed-a31c-339b-49e2-84ca48b8b967'::uuid, '24be20a0-ac28-163b-ebce-eb3c3a8f9e5f'::uuid, 'Analyzing current nurse-to-patient ratios and assuming they will remain perfectly static over the next decade.', 4),
  ('f4a0c4ac-5944-1e87-8882-84b9d0348d2d'::uuid, '36ee4bfe-5104-718e-9b04-6797cc314f98'::uuid, 'Increase the volume of job postings on general employment search engines and lower the required qualifications.', 1),
  ('979af8d3-7718-8fbf-cee4-4eafcdad5947'::uuid, '36ee4bfe-5104-718e-9b04-6797cc314f98'::uuid, 'Establish direct academic partnerships with top quantum physics universities, fund research grants, and create a specialized graduate pipeline.', 2),
  ('30ed1210-e8b7-f7c6-4c7d-5831f5fec6c4'::uuid, '36ee4bfe-5104-718e-9b04-6797cc314f98'::uuid, 'Offer lucrative referral bonuses to administrative employees within the company to encourage general sourcing.', 3),
  ('1fe7b79d-a5b5-ac57-f867-50a3e6187a1c'::uuid, '36ee4bfe-5104-718e-9b04-6797cc314f98'::uuid, 'Incur high-fee executive search agencies and require them to deliver candidates within 14 business days.', 4),
  ('dc2b981c-c860-334a-e8ca-cda3944fa98f'::uuid, '3013f985-239b-d0c0-d52c-2687cd69a1cd'::uuid, 'A sequence of unstructured, conversational interviews conducted by multiple senior executives.', 1),
  ('93b3ec88-e5e1-7ba0-0579-efc9e32c3deb'::uuid, '3013f985-239b-d0c0-d52c-2687cd69a1cd'::uuid, 'A structured process combining behavioral descriptive interviews, standardized cognitive ability testing, and a simulated situational leadership assessment center.', 2),
  ('e1742bbb-f89d-8453-fb33-bd8cbdf1a359'::uuid, '3013f985-239b-d0c0-d52c-2687cd69a1cd'::uuid, 'A comprehensive review of academic credentials, reference letters, and standard personality inventories (e.g., Myers-Briggs).', 3),
  ('6b5f1611-9d33-4b0e-18e9-98933d17a985'::uuid, '3013f985-239b-d0c0-d52c-2687cd69a1cd'::uuid, 'An automated resume parsing algorithm that scores candidates based on keywords and specific university prestige.', 4),
  ('e5199636-8440-bda4-595f-33c2c76eab9a'::uuid, '9e6d24fb-3e89-0df4-8212-a554d0b2819f'::uuid, 'HiPos must be evaluated strictly based on their current performance metrics and sales output.', 1),
  ('f7a9f99f-cbe3-b669-94b1-486d148e53be'::uuid, '9e6d24fb-3e89-0df4-8212-a554d0b2819f'::uuid, 'The distinction between high performance in the current role (what they achieve today) and leadership potential (the cognitive, emotional, and learning agility required for tomorrow).', 2),
  ('290d1578-468b-a242-b887-034dbdba57a4'::uuid, '9e6d24fb-3e89-0df4-8212-a554d0b2819f'::uuid, 'The age and tenure of the employees, favoring younger employees with fewer years of service to maximize the ROI of long-term development.', 3),
  ('76a2d3b6-e504-d4b5-1e8a-4ac21222db9a'::uuid, '9e6d24fb-3e89-0df4-8212-a554d0b2819f'::uuid, 'The feedback and subjective preferences of the immediate supervising manager.', 4),
  ('3f1144a1-2fb0-1810-6c51-b569f7677eba'::uuid, 'e2e12139-a4e4-f74d-4d08-3ea11558cf75'::uuid, 'Copy the successful EVP statements of leading silicon-valley tech firms and adapt the logos.', 1),
  ('8d3d62ce-7478-bf2c-34bc-587e1ae78091'::uuid, 'e2e12139-a4e4-f74d-4d08-3ea11558cf75'::uuid, 'Conduct internal focus groups with existing high-performing digital employees to identify what they value most, benchmark against competitor offerings, and define a unique, realistic promise.', 2),
  ('7d25cb99-448f-3a47-acf9-941c44a746bb'::uuid, 'e2e12139-a4e4-f74d-4d08-3ea11558cf75'::uuid, 'Offer a flat signing bonus that is 50% higher than the market average without modifying the workplace culture or benefits.', 3),
  ('d86060b6-9fb7-e80c-4f97-8aa72d0c6ec9'::uuid, 'e2e12139-a4e4-f74d-4d08-3ea11558cf75'::uuid, 'Instruct the marketing team to design an attractive promotional campaign highlighting a flexible culture, irrespective of actual internal policies.', 4),
  ('eef9ac92-3f01-eb0f-79bd-00bc8eca1a93'::uuid, '78a7df4f-11a7-0897-4149-16d0571cac31'::uuid, 'Maintain a permanent full-time workforce sized to handle peak Q4 demand, and accept low utilization in Q1-Q3.', 1),
  ('60ed274f-990d-babb-a9fa-f253711a3886'::uuid, '78a7df4f-11a7-0897-4149-16d0571cac31'::uuid, 'Build a core workforce of highly skilled permanent full-time employees, supplemented by a pre-screened pool of contingent workers and specialized staffing agency contracts for Q4.', 2),
  ('493b9203-bb71-3041-f03f-82f7599fff7e'::uuid, '78a7df4f-11a7-0897-4149-16d0571cac31'::uuid, 'Operate with a lean permanent workforce and require mandatory 60-hour workweeks for all employees during the peak Q4 season.', 3),
  ('510267a8-7a63-a5f8-ccb5-fdea8a4381ac'::uuid, '78a7df4f-11a7-0897-4149-16d0571cac31'::uuid, 'Outsource 100% of the manufacturing operations to a third-party logistics company on a year-round basis.', 4),
  ('ae90002f-18eb-8c66-d8f6-7fefcfa0e956'::uuid, '62acb29f-38a8-2246-8a67-bbb965519e54'::uuid, 'Implement an automated 90-day onboarding portal, pair new managers with peer mentors, and establish structured weekly check-ins with clear milestone expectations.', 1),
  ('8cd07ea8-38b2-c828-04da-e193d3b18e3b'::uuid, '62acb29f-38a8-2246-8a67-bbb965519e54'::uuid, 'Introduce a financial penalty where managers who leave before 180 days must return their onboarding training expenses.', 2),
  ('138c6afd-093f-896d-d2d8-f5487dc9dd31'::uuid, '62acb29f-38a8-2246-8a67-bbb965519e54'::uuid, 'Extend the pre-employment screening process to include rigorous stress-tolerance tests.', 3),
  ('f86b86a0-d111-5c12-2cc9-53e3e11631ab'::uuid, '62acb29f-38a8-2246-8a67-bbb965519e54'::uuid, 'Increase the initial base salary for store managers by 15% to offset the difficult onboarding experience.', 4),
  ('2fe23530-69f1-a980-c14e-57f9b5ee2477'::uuid, '1eeb0979-f557-3ac0-51fb-aa1e1e8b4b65'::uuid, 'Enforce strict hiring quotas requiring managers to hire female applicants regardless of qualifications.', 1),
  ('186a1062-73a8-4ec8-1391-12ac9a7abf77'::uuid, '1eeb0979-f557-3ac0-51fb-aa1e1e8b4b65'::uuid, 'Use algorithmic language decoders to neutralize bias in job descriptions, mandate diverse candidate slates for all roles, and implement blind resume screening.', 2),
  ('ec487072-fec0-5e81-5bf6-0f8c438a0f0c'::uuid, '1eeb0979-f557-3ac0-51fb-aa1e1e8b4b65'::uuid, 'Conduct a single 1-hour unconscious bias training session for hiring managers and maintain the current recruiting processes.', 3),
  ('5a15b5e5-b420-1a8c-3aa0-9d4d2e957233'::uuid, '1eeb0979-f557-3ac0-51fb-aa1e1e8b4b65'::uuid, 'Target sourcing channels exclusively toward female-only networking forums while keeping job descriptions unchanged.', 4),
  ('c8defd9e-762b-c0d8-c188-aa2463f21840'::uuid, '1b81a52f-8b5f-29e2-0d9c-0e0c49b23e5d'::uuid, 'The absolute number of employees relocated and the average speed of physical transfer.', 1),
  ('1d8cb691-cd00-1211-ad5e-71fd36f3fb63'::uuid, '1b81a52f-8b5f-29e2-0d9c-0e0c49b23e5d'::uuid, 'The success rate of international assignments (retention, promotion, and performance post-return) compared to the revenue generated from those assignments.', 2),
  ('9e1fa412-5cba-cc0f-2932-2d756f302dfd'::uuid, '1b81a52f-8b5f-29e2-0d9c-0e0c49b23e5d'::uuid, 'The total cost savings achieved by negotiating lower relocation rates with global moving vendors.', 3),
  ('656dc8e4-36ee-82a7-d089-379f9d8baf51'::uuid, '1b81a52f-8b5f-29e2-0d9c-0e0c49b23e5d'::uuid, 'The satisfaction scores of relocated employees regarding their moving-day logistics.', 4),
  ('98a6246b-7271-3f7e-cbbf-4bb90caef078'::uuid, '92915c20-c50a-2c17-7a19-60311fa37c70'::uuid, 'Standard postings on national job boards, keeping the application process thorough and multi-staged to ensure quality.', 1),
  ('bb7e3914-eae5-6efa-939d-ba5558109179'::uuid, '92915c20-c50a-2c17-7a19-60311fa37c70'::uuid, 'Deploy mobile-optimized micro-applications, establish walk-in hiring centers with immediate on-the-spot screening, and offer competitive localized sign-on bonuses.', 2),
  ('c4c38032-b2ac-6369-1be1-8e1dd3a8cc7f'::uuid, '92915c20-c50a-2c17-7a19-60311fa37c70'::uuid, 'Rely on executive search firms and headhunters to source competitors'' drivers individually.', 3),
  ('9a314af6-9d6d-cff1-1d5e-e2ae24fd3f2d'::uuid, '92915c20-c50a-2c17-7a19-60311fa37c70'::uuid, 'Wait for the unemployment rate to fluctuate and delay the regional operational launch indefinitely.', 4),
  ('a5ef7eb1-8452-9d67-79f4-8258c8ca973d'::uuid, '85eadea7-3378-9aa3-7fb5-1271f4e123b4'::uuid, 'Hire temporary external lab technicians to shadow the scientists for 2 weeks before they retire.', 1),
  ('d494d49c-b6b0-f5e2-c864-bb39d93c26c1'::uuid, '85eadea7-3378-9aa3-7fb5-1271f4e123b4'::uuid, 'Establish a formal Knowledge Transfer program featuring phased retirement options, structured mentorship matches, and digital knowledge repository mapping.', 2),
  ('0d4f5845-1f65-370c-d9f0-ccd2f9d6e494'::uuid, '85eadea7-3378-9aa3-7fb5-1271f4e123b4'::uuid, 'Offer immediate retention bonuses to the retiring scientists to delay their departure indefinitely.', 3),
  ('a2f0444e-dcae-74e5-b42a-9e73abfa29e3'::uuid, '85eadea7-3378-9aa3-7fb5-1271f4e123b4'::uuid, 'Instruct the scientists to write comprehensive text manuals of all their laboratory experiments before they exit.', 4),
  ('b94b83bc-01e4-de07-e907-b868753fbed4'::uuid, '9aed0f9a-2457-9c96-1ae9-482232d0d5b4'::uuid, 'Average cost-per-hire across all open positions.', 1),
  ('073c2bc9-cab9-3ee0-14aa-3a54ea6e7cfa'::uuid, '9aed0f9a-2457-9c96-1ae9-482232d0d5b4'::uuid, 'The ratio of "passive" candidates engaged and pre-qualified for core evergreen roles relative to the forecasted vacancy rates.', 2),
  ('ac56ce8e-49d3-952b-d8ec-46ab9ddb0cb2'::uuid, '9aed0f9a-2457-9c96-1ae9-482232d0d5b4'::uuid, 'The total volume of unsolicited resumes received through the general careers inbox.', 3),
  ('3c65f739-f590-8444-2c08-5ea0f03a264c'::uuid, '9aed0f9a-2457-9c96-1ae9-482232d0d5b4'::uuid, 'The average number of clicks on the company’s "Work With Us" social media posts.', 4),
  ('04e9e9b1-7811-3f5a-3685-6fa36c814348'::uuid, '1b2aa62c-50bd-bd9b-b1dc-6144c0480882'::uuid, 'The company needs to increase its base salary offers to the 95th percentile to secure talent.', 1),
  ('23ceef84-5155-b2b6-ac10-7dd1e52cbc98'::uuid, '1b2aa62c-50bd-bd9b-b1dc-6144c0480882'::uuid, 'There is a severe gap in the company’s employer brand, candidate experience, or non-monetary value proposition (e.g., poor culture, lack of remote flexibility).', 2),
  ('9ae3e70d-71a3-6677-9538-121487dd610d'::uuid, '1b2aa62c-50bd-bd9b-b1dc-6144c0480882'::uuid, 'The talent acquisition team is not screening candidates thoroughly enough for financial alignment.', 3),
  ('aa3fdc97-6651-3679-fbbc-d97af1066a9b'::uuid, '1b2aa62c-50bd-bd9b-b1dc-6144c0480882'::uuid, 'The market is experiencing a massive surplus of qualified software engineers.', 4),
  ('bf3cc854-7255-edf4-8815-72b5a3638541'::uuid, '07b1acfd-7c28-4693-903a-dc25588074dd'::uuid, 'Mandate compliance by linking the directors'' personal bonuses directly to the frequency of feedback logged in the HR portal.', 1),
  ('6b8215a5-9374-ee7f-c783-fd32480ff694'::uuid, '07b1acfd-7c28-4693-903a-dc25588074dd'::uuid, 'Run a pilot program in one progressive department, compile data showing improved team performance and reduced administrative burden, and share these results with the resistant directors.', 2),
  ('0b7b1ad5-7ee7-282a-8ecc-2b183eafda52'::uuid, '07b1acfd-7c28-4693-903a-dc25588074dd'::uuid, 'Abolish the transition plan and return to the established annual appraisal system to maintain leadership alignment.', 3),
  ('fe966d40-2ccf-a0dd-a74f-1e538a98f63b'::uuid, '07b1acfd-7c28-4693-903a-dc25588074dd'::uuid, 'Instruct the CEO to issue a formal warning to any director who fails to log continuous feedback.', 4),
  ('2bead225-87e5-e0cf-d57c-8e26753f5f81'::uuid, '76bb749f-c509-6092-8862-f8ed9c5dd00e'::uuid, 'Introduce a rigid "stack ranking" system where managers must allocate a fixed, pre-determined percentage of employees to specific rating categories (e.g., only 10% outstanding).', 1),
  ('3e465ad8-974e-1369-c7d7-7dba2a7c2869'::uuid, '76bb749f-c509-6092-8862-f8ed9c5dd00e'::uuid, 'Move to a Behaviorally Anchored Rating Scale (BARS) system combined with regular cross-departmental calibration sessions and manager training on objective evaluation.', 2),
  ('393254f1-780f-7f70-eeeb-01f9432803f3'::uuid, '76bb749f-c509-6092-8862-f8ed9c5dd00e'::uuid, 'Abolish ratings completely and rely exclusively on unstructured qualitative feedback compiled by immediate supervisors.', 3),
  ('0c12122e-a224-b203-ee04-4891823157f3'::uuid, '76bb749f-c509-6092-8862-f8ed9c5dd00e'::uuid, 'Instruct managers to manually lower all ratings by one level across the entire company.', 4),
  ('d9f510bb-5986-6ee6-01e6-4cdc2e519a53'::uuid, 'd337f971-e4ad-c4af-8581-f76df9aaad53'::uuid, 'Create artificial management titles with minor pay increases to simulate upward mobility.', 1),
  ('daa17553-57a6-2c1c-bdac-70216927b28b'::uuid, 'd337f971-e4ad-c4af-8581-f76df9aaad53'::uuid, 'Design a dual-career ladder that separates the technical path (Individual Contributor) from the management path, allowing technical experts to advance in prestige and compensation without needing to manage people.', 2),
  ('1e7ac1c4-ddf2-ab21-ba51-4730d5d2080b'::uuid, 'd337f971-e4ad-c4af-8581-f76df9aaad53'::uuid, 'Advise engineers that career growth in modern flat organizations is naturally horizontal and encourage them to accept lateral transfers.', 3),
  ('507c6ae4-654c-70d1-f47b-f79fcd217796'::uuid, 'd337f971-e4ad-c4af-8581-f76df9aaad53'::uuid, 'Offer generic management training courses to all engineers to demonstrate career development investment.', 4),
  ('d215db11-3b78-a6bc-bd50-4bc7b30a16be'::uuid, 'f74b0601-0773-e7b6-d193-3a409a0418ec'::uuid, 'High Potential / Low Performance (Enigma); strategy is to rotate them to a different department.', 1),
  ('a0c2eb14-4d68-9ba1-d0ef-07ca03e6a686'::uuid, 'f74b0601-0773-e7b6-d193-3a409a0418ec'::uuid, 'High Performance / Low Potential (Solid Professional/Key Player); strategy is to keep them stable in their current role, reward their expertise, and utilize them as mentors.', 2),
  ('40a0fa9a-c189-a6dd-cbcb-72157f62ab8d'::uuid, 'f74b0601-0773-e7b6-d193-3a409a0418ec'::uuid, 'High Performance / High Potential (Star); strategy is to prepare them for immediate promotion to executive leadership.', 3),
  ('a37a1d1f-7395-0536-d720-da98c80bc465'::uuid, 'f74b0601-0773-e7b6-d193-3a409a0418ec'::uuid, 'Low Performance / Low Potential (Risk); strategy is to place them on a Performance Improvement Plan immediately.', 4),
  ('03118a5d-5ec4-0309-cb58-9b6c0eb7cece'::uuid, '1bf0d1d6-bd15-5c8a-3082-5f1a0a694b99'::uuid, 'Organize a high-budget employee appreciation party and install recreational games in all break rooms.', 1),
  ('4dfde09e-7912-6025-dedb-689f6be063f6'::uuid, '1bf0d1d6-bd15-5c8a-3082-5f1a0a694b99'::uuid, 'Conduct a comprehensive engagement survey using validated psychological measures (e.g., Utrecht Work Engagement Scale), analyze the underlying root causes (e.g., high job demands, low resources), and co-create action plans with employees.', 2),
  ('8c431ed8-e178-3af2-94ea-4ad15b971f65'::uuid, '1bf0d1d6-bd15-5c8a-3082-5f1a0a694b99'::uuid, 'Increase the daily performance targets and implement strict penalties for unexcused absenteeism.', 3),
  ('b38c1211-3895-bc96-5798-0fe8607004c8'::uuid, '1bf0d1d6-bd15-5c8a-3082-5f1a0a694b99'::uuid, 'Hire external motivational speakers to conduct mandatory weekly energy-boosting seminars for all staff.', 4),
  ('0e2cd816-4e0c-5acc-32e6-04625531c546'::uuid, '3b8e2475-5b9c-f5fd-697a-24211b86cac4'::uuid, 'Distribute a memorandum to all supervisors instructing them to be more empathetic and clear in their communications.', 1),
  ('fcf7f312-07c2-2505-cade-1a2a6587eb7e'::uuid, '3b8e2475-5b9c-f5fd-697a-24211b86cac4'::uuid, 'Design and execute a cohort-based Situational Leadership and Emotional Intelligence development program for all frontline and middle managers, supported by 360-degree feedback.', 2),
  ('ab461923-6f7e-5b28-a197-75b4776e3ad8'::uuid, '3b8e2475-5b9c-f5fd-697a-24211b86cac4'::uuid, 'Replace all supervisors who received below-average engagement scores from their direct reports.', 3),
  ('8e3981bb-4f21-1cb1-16a0-b3f150c60312'::uuid, '3b8e2475-5b9c-f5fd-697a-24211b86cac4'::uuid, 'Abolish the survey results and instruct supervisors to host mandatory monthly team dinners to improve relationships.', 4),
  ('06f89165-0b03-cc14-67d5-c7ea6c0e30d6'::uuid, '5dfa92ef-f528-f09f-5663-d54ff58f0bff'::uuid, 'Increase the financial penalties and formal disciplinary warnings for safety violations.', 1),
  ('22d5f841-4e53-77d3-6cbd-c36502543330'::uuid, '5dfa92ef-f528-f09f-5663-d54ff58f0bff'::uuid, 'Realign the performance incentive structure so that safety metrics and production output are weighted equally, and establish a peer-led safety observation feedback loops.', 2),
  ('eded94f2-2b58-4225-10a3-9f8e8a423a03'::uuid, '5dfa92ef-f528-f09f-5663-d54ff58f0bff'::uuid, 'Install surveillance cameras across the entire assembly floor and hire security guards to enforce compliance.', 3),
  ('d4b2c4d8-359e-807f-9e91-91572c8f18ff'::uuid, '5dfa92ef-f528-f09f-5663-d54ff58f0bff'::uuid, 'Mandate that all engineers attend an annual 4-hour lecture on industrial safety regulations.', 4),
  ('0d8e975c-d4b8-f436-9c56-4d6800ae359a'::uuid, '2c6e4cd7-7dbe-e95d-b14f-e2076ea0dedf'::uuid, 'Install activity tracking software on all employee laptops to log keystrokes and webcam presence during business hours.', 1),
  ('9485bb1f-2e2e-d8e7-0520-d03ae41cccdd'::uuid, '2c6e4cd7-7dbe-e95d-b14f-e2076ea0dedf'::uuid, 'Transition to an Output-Based Performance Management framework, establish clear core collaboration hours, set "right-to-disconnect" boundaries, and fund quarterly in-person team retreats.', 2),
  ('c814b2d3-ba98-7151-105a-8eefb34c52cb'::uuid, '2c6e4cd7-7dbe-e95d-b14f-e2076ea0dedf'::uuid, 'Require all remote employees to remain on an active, continuous video call with their team members throughout the day.', 3),
  ('ec7de539-41da-9d53-6e11-e5686db97123'::uuid, '2c6e4cd7-7dbe-e95d-b14f-e2076ea0dedf'::uuid, 'Eliminate formal performance goals and allow employees to work entirely at their own pace without reporting requirements.', 4),
  ('6400e189-d24c-e1a1-4068-5f08d545d3ef'::uuid, '1aff1364-670c-56ff-a86b-89d014828693'::uuid, 'Implement an immediate promotional mandate requiring 50% of all leadership vacancies to be filled by minority candidates, regardless of readiness.', 1),
  ('7c8351a4-de4b-e3cc-2233-49f753f562fb'::uuid, '1aff1364-670c-56ff-a86b-89d014828693'::uuid, 'Establish a structured sponsorship program matching high-potential diverse mid-level leaders with executive-level sponsors, coupled with unbiased objective promotional calibration.', 2),
  ('f2988572-943e-9f49-7fe1-52a20c2619ad'::uuid, '1aff1364-670c-56ff-a86b-89d014828693'::uuid, 'Organize monthly diversity networking lunch events and make attendance voluntary for all corporate staff.', 3),
  ('e8ab6c72-eefe-7b9a-3e6c-d444278e360d'::uuid, '1aff1364-670c-56ff-a86b-89d014828693'::uuid, 'Publish a public statement expressing the company’s deep commitment to diversity and inclusion.', 4),
  ('e428538d-ffea-51fe-c164-94c0bb5d7748'::uuid, '49a8a6b5-3b56-f03c-b2cd-51f7848f106b'::uuid, 'A failure to offer competitive compensation to the exiting director; resolve by increasing all executive salary bands.', 1),
  ('0d6214e9-74b3-7550-e6a3-81176a059ecf'::uuid, '49a8a6b5-3b56-f03c-b2cd-51f7848f106b'::uuid, 'A failure in active succession planning and leadership development; resolve by establishing a formal talent review process, identifying emergency backups, and designing individual development plans (IDPs) for high-potentials.', 2),
  ('e68f9ab2-8ac2-5618-564c-e96bd22d71bb'::uuid, '49a8a6b5-3b56-f03c-b2cd-51f7848f106b'::uuid, 'A failure of recruitment sourcing channels; resolve by signing permanent agreements with top executive search firms.', 3),
  ('9a6053c8-8a8a-6d8d-ca8c-68befae90bb6'::uuid, '49a8a6b5-3b56-f03c-b2cd-51f7848f106b'::uuid, 'A failure of employee retention monitoring; resolve by implementing mandatory stay interviews for all executive staff.', 4),
  ('5a52fea6-a52b-ef0e-1faf-9d8ee7431d05'::uuid, '35c741a7-d817-1a60-d68d-77dfebd0ad36'::uuid, 'Offer the affected employees a standard severance package and immediate termination.', 1),
  ('1fa9b583-e53f-ec91-f49a-e59a7900dbad'::uuid, '35c741a7-d817-1a60-d68d-77dfebd0ad36'::uuid, 'Design a comprehensive "reskilling and outplacement" program, offering internal transition pathways to digital customer care roles or professional external career coaching and job search support.', 2),
  ('5d68111a-2652-89ce-5dd7-0c188a91ccbc'::uuid, '35c741a7-d817-1a60-d68d-77dfebd0ad36'::uuid, 'Transfer the affected employees to physical labor roles in the field installation department without modification to their pay.', 3),
  ('bebd6901-95ea-4a61-b79c-5bef525eb698'::uuid, '35c741a7-d817-1a60-d68d-77dfebd0ad36'::uuid, 'Delay the automation project indefinitely to avoid having to manage employee career transitions.', 4),
  ('3d40b4a5-d812-0f29-fa83-d45030ba880e'::uuid, 'a5fab670-a57a-72f8-1d2b-ca28e6562ba7'::uuid, 'Allow unlimited financial rewards that employees can allocate to their friends within the company.', 1),
  ('416f06db-e042-8927-3555-dde613e8f0e2'::uuid, 'a5fab670-a57a-72f8-1d2b-ca28e6562ba7'::uuid, 'Utilize a structured digital platform where recognition must be explicitly tied to demonstrated corporate values, feature public visibility, and limit the monthly points each employee can distribute.', 2),
  ('c961160a-ca9f-97a7-26c0-eac613874e68'::uuid, 'a5fab670-a57a-72f8-1d2b-ca28e6562ba7'::uuid, 'Make participation in the recognition program mandatory, with weekly quotas enforced by HR auditing.', 3),
  ('ac76eff7-1404-3113-f679-2f515d47688f'::uuid, 'a5fab670-a57a-72f8-1d2b-ca28e6562ba7'::uuid, 'Restrict recognition capabilities to managers only to prevent peer-to-peer collusion.', 4),
  ('fb82dd25-10dd-23cb-774b-a95a8d034af6'::uuid, 'f6b0b4c2-30a3-6531-e585-1ac1273c0e51'::uuid, 'Issue a warning to middle managers reminding them that compliance and administrative duties are part of core performance.', 1),
  ('d2d8b25f-cab8-2f7d-c916-1fd94d333ace'::uuid, 'f6b0b4c2-30a3-6531-e585-1ac1273c0e51'::uuid, 'Conduct an "HR Friction Audit" to map employee touchpoints, streamline and automate administrative requests via a unified employee self-service portal, and establish strict SLA boundaries for corporate requests.', 2),
  ('33c87352-6cbd-2d86-baab-bb8aea4bc5ba'::uuid, 'f6b0b4c2-30a3-6531-e585-1ac1273c0e51'::uuid, 'Increase the size of the HR compliance team to manually follow up and enforce faster response times from employees.', 3),
  ('c3543340-8530-7a89-e4e7-816c5cb528ec'::uuid, 'f6b0b4c2-30a3-6531-e585-1ac1273c0e51'::uuid, 'Abolish all administrative compliance requirements to maximize the time employees spend on operational tasks.', 4),
  ('b6e61a44-6cb7-67a7-ea41-f31ad154e386'::uuid, 'b706128a-9961-b925-7fbb-4582ebe68749'::uuid, 'Review external vendor catalogs to select the most interactive and high-rated negotiation training software.', 1),
  ('3aa58abc-d513-49be-2ba2-5c3659e7d89e'::uuid, 'b706128a-9961-b925-7fbb-4582ebe68749'::uuid, 'Conduct a thorough Training Needs Analysis (TNA) to identify the specific performance gaps, current skill baselines, organizational constraints, and desired business outcomes.', 2),
  ('fb17e204-5b3c-8323-588e-1f824d3f3423'::uuid, 'b706128a-9961-b925-7fbb-4582ebe68749'::uuid, 'Develop a comprehensive training curriculum with interactive role-playing scenarios and negotiation case studies.', 3),
  ('8d34afd8-ac85-c547-acdd-84a31ee4fa47'::uuid, 'b706128a-9961-b925-7fbb-4582ebe68749'::uuid, 'Launch a pilot training program with a small group of top-performing sales representatives to gather immediate feedback.', 4),
  ('74909f1d-cc5d-2e88-e77f-286b425d7e82'::uuid, '241d7bfc-756a-8f55-8b7c-0266141993bc'::uuid, 'Enforcing a highly structured, lecture-based curriculum with strict sequential testing and grade-based rankings.', 1),
  ('bc731a8c-9acf-79eb-a423-53a784f8e561'::uuid, '241d7bfc-756a-8f55-8b7c-0266141993bc'::uuid, 'Structuring the program around real-world, problem-centered case studies where learners can leverage their existing experiences and have autonomy over their learning pace.', 2),
  ('567b8cce-e455-724e-6af3-6bede0d13179'::uuid, '241d7bfc-756a-8f55-8b7c-0266141993bc'::uuid, 'Providing standardized rote-learning modules with repetitive memorization exercises and clear external rewards.', 3),
  ('5424e035-219c-9374-5b6c-fd2c1f08a996'::uuid, '241d7bfc-756a-8f55-8b7c-0266141993bc'::uuid, 'Mandating that all training be completed outside of standard working hours to ensure dedicated personal focus.', 4),
  ('63388147-c839-4145-1b56-82246ac866ef'::uuid, 'cfe9a04a-c723-60fd-bb0d-af6594afcf79'::uuid, 'Level 1: Reaction (evaluating participant satisfaction surveys immediately following the training modules).', 1),
  ('057da915-2ebc-4db3-9a1f-bacacbe906a5'::uuid, 'cfe9a04a-c723-60fd-bb0d-af6594afcf79'::uuid, 'Level 2: Learning (assessing the post-training test scores relative to the pre-training baseline).', 2),
  ('5618a5c0-1205-9b27-8a84-45124c798454'::uuid, 'cfe9a04a-c723-60fd-bb0d-af6594afcf79'::uuid, 'Level 3: Behavior (monitoring the long-term behavioral changes of the leaders in the workplace via 360-degree feedback).', 3),
  ('371fa7d7-7bc3-806f-7b3b-752248779bc1'::uuid, 'cfe9a04a-c723-60fd-bb0d-af6594afcf79'::uuid, 'Level 4: Results / ROI (calculating the financial impact of improved team retention, productivity, and leadership performance relative to the cost of the program).', 4),
  ('0a6fb2cd-2427-b7f5-5d71-cdab70f6c7bb'::uuid, 'fb6d70a4-57a4-773e-403d-708b21ad65d9'::uuid, 'Standardizing individual training paths so that each employee becomes highly specialized within their narrow departmental function.', 1),
  ('a082d513-bef9-02e7-7b4b-0515481c5e3f'::uuid, 'fb6d70a4-57a4-773e-403d-708b21ad65d9'::uuid, 'Implementing a "Job Rotation and Cross-Skilling" program, allowing employees to spend 20% of their time developing broad competencies in adjacent fields while maintaining deep expertise in their core discipline.', 2),
  ('35047b87-162b-7ba3-e218-aeabef681d32'::uuid, 'fb6d70a4-57a4-773e-403d-708b21ad65d9'::uuid, 'Mandating that all employees complete an advanced master’s degree in business administration.', 3),
  ('5bd51d37-f7ce-e5e8-c5da-0af479a3f2b2'::uuid, 'fb6d70a4-57a4-773e-403d-708b21ad65d9'::uuid, 'Increasing the frequency of department-specific technical seminars to deepen narrow functional expertise.', 4),
  ('9a422336-e0cf-a201-8fb5-67223a8a6f71'::uuid, '37f758b2-69d9-bc16-d556-f8e163d068cf'::uuid, 'A continuous series of live, synchronous virtual webinars hosted from the corporate headquarters.', 1),
  ('6952e267-3142-a84b-7a99-4cd3dae636cf'::uuid, '37f758b2-69d9-bc16-d556-f8e163d068cf'::uuid, 'A "blended learning" approach combining offline-capable microlearning modules on mobile devices with high-fidelity, hands-on simulated training workshops during rig onboarding.', 2),
  ('dbe8c786-f080-2af4-2185-6dac0f9efaaa'::uuid, '37f758b2-69d9-bc16-d556-f8e163d068cf'::uuid, 'Distributing comprehensive printed safety manuals and requiring employees to pass a written theoretical exam.', 3),
  ('08005600-23d6-7d85-d8ea-3d6b4b209562'::uuid, '37f758b2-69d9-bc16-d556-f8e163d068cf'::uuid, 'Hiring external safety training consultants to travel to each rig individually and conduct week-long lectures.', 4),
  ('e836445e-1b3d-2e0e-bb61-1854e3bd5ffd'::uuid, '291f9e52-6143-079d-2dc3-3a418bfea6a1'::uuid, 'Increase the difficulty of the post-training written exams and require a 95% score to pass.', 1),
  ('da860f14-3d88-8c96-75ad-df44f6a4deaf'::uuid, '291f9e52-6143-079d-2dc3-3a418bfea6a1'::uuid, 'Implement "on-the-job" coaching, integrate manager support frameworks, design action-planning worksheets, and realign performance metrics with the newly trained behaviors.', 2),
  ('f8f9f3f6-9d4e-e5cf-7366-1e5bada46861'::uuid, '291f9e52-6143-079d-2dc3-3a418bfea6a1'::uuid, 'Abolish the training program and replace it with a different vendor''s curriculum.', 3),
  ('859a98a7-30c9-bb47-8a49-55a3b32d5faa'::uuid, '291f9e52-6143-079d-2dc3-3a418bfea6a1'::uuid, 'Offer a one-time financial reward to employees who can demonstrate high training exam scores.', 4),
  ('5f76eae7-0a1c-82cf-8e88-5d5479599adc'::uuid, '020cb5aa-1189-a4ad-2d95-1d822f907b8d'::uuid, 'Coordinate a series of live in-person training seminars across all regional clinics over the next six months.', 1),
  ('df9d05b4-b06f-1e86-b3c2-de1d8af1ff1e'::uuid, '020cb5aa-1189-a4ad-2d95-1d822f907b8d'::uuid, 'Deploy a mandatory, highly structured, 30-minute interactive e-learning module on the company LMS, featuring simulated compliance scenarios, automated tracking, and built-in assessment.', 2),
  ('d1f79d52-ea02-0372-2194-23692de6a589'::uuid, '020cb5aa-1189-a4ad-2d95-1d822f907b8d'::uuid, 'Send a detailed copy of the new legislation via corporate email and instruct staff to review it carefully.', 3),
  ('3acefe7f-7584-9352-9029-60d10572f0c5'::uuid, '020cb5aa-1189-a4ad-2d95-1d822f907b8d'::uuid, 'Establish a train-the-trainer program where selected clinic representatives are trained to cascade the information naturally.', 4),
  ('704bc6c1-e5c4-eec4-fe6d-8c711845c12e'::uuid, '3d33d087-ba34-5032-3b5b-24cb8372cc9d'::uuid, 'Enrolling the associates in advanced financial accounting courses.', 1),
  ('24f8ec5e-45ca-21b0-a74f-2f113617b198'::uuid, '3d33d087-ba34-5032-3b5b-24cb8372cc9d'::uuid, 'Utilizing "Action Learning" where cohorts of associates are tasked with solving a real, complex, high-stakes corporate problem and presenting their recommendations to the board.', 2),
  ('a1974a95-3fd5-50bb-49ed-b5bbeaf4abe0'::uuid, '3d33d087-ba34-5032-3b5b-24cb8372cc9d'::uuid, 'Assigning senior executives to deliver a series of lectures detailing their personal career histories and success stories.', 3),
  ('ad73692f-651c-0129-ee59-e22441d09cd4'::uuid, '3d33d087-ba34-5032-3b5b-24cb8372cc9d'::uuid, 'Mandating that associates complete a rotation in the general administrative office.', 4),
  ('f80cfa81-6283-4a21-6c39-b5d54e4453b3'::uuid, '538a6512-f9e8-aab0-d799-7b764700b3b6'::uuid, 'The stipend amount is too low to cover high-quality professional development programs.', 1),
  ('864bed4d-b378-f7f9-cc37-8a2a1ac2552f'::uuid, '538a6512-f9e8-aab0-d799-7b764700b3b6'::uuid, 'A corporate culture characterized by extreme job demands and high workloads, where employees feel they do not have the time or permission to dedicate to learning without hurting their performance ratings.', 2),
  ('6942010a-7496-9bb2-64dc-2f5a8292e65f'::uuid, '538a6512-f9e8-aab0-d799-7b764700b3b6'::uuid, 'The employees lack interest in professional growth or career advancement.', 3),
  ('9ca7bad4-c59c-7fdc-89a8-1b09e6bc1fce'::uuid, '538a6512-f9e8-aab0-d799-7b764700b3b6'::uuid, 'The self-service learning platform is too complex and difficult to navigate.', 4),
  ('18e6a61d-bf3d-932a-571f-f3e3615f23b1'::uuid, '919fd19c-98b0-9cd9-729f-d99cd526ab5d'::uuid, 'Allowing mentors and mentees to self-select matches and operate entirely without formal guidelines or reporting requirements.', 1),
  ('829b0ed4-c87c-77b0-647b-c4afac694da7'::uuid, '919fd19c-98b0-9cd9-729f-d99cd526ab5d'::uuid, 'Establishing a formal Matching framework based on career aspirations, clear objective-setting templates, regular feedback loops, and executive sponsorship.', 2),
  ('db8394ee-cd2f-870e-fd8c-5e9c83ee7b3f'::uuid, '919fd19c-98b0-9cd9-729f-d99cd526ab5d'::uuid, 'Requiring mentors to submit weekly performance ratings for their mentees to the HR department.', 3),
  ('784b6ea6-8595-87ae-e954-8a105e19c71f'::uuid, '919fd19c-98b0-9cd9-729f-d99cd526ab5d'::uuid, 'Restricting the mentor pool to executive-level leaders to maximize the prestige of the program.', 4),
  ('758199e3-fbe2-8103-d6ad-a9aa3822e753'::uuid, 'dc2026b1-81d0-4606-483f-40329c3fd985'::uuid, 'Requiring staff to read detailed crisis protocol handbooks and pass a written multiple-choice test.', 1),
  ('5de85032-74b5-19a5-7527-f7b7b68fb647'::uuid, 'dc2026b1-81d0-4606-483f-40329c3fd985'::uuid, 'Utilizing high-fidelity immersive simulation training, combined with stress-inoculation techniques and detailed debriefing sessions facilitated by security experts.', 2),
  ('f2b1f228-3d64-df85-4215-357925ee0cf9'::uuid, 'dc2026b1-81d0-4606-483f-40329c3fd985'::uuid, 'Sending staff to observe security operations in active conflict zones prior to their deployment.', 3),
  ('1c8f1d88-a0e3-fc8b-b7e5-b5ce1d9d1241'::uuid, 'dc2026b1-81d0-4606-483f-40329c3fd985'::uuid, 'Hosting live virtual webinars detailing theoretical crisis management frameworks.', 4),
  ('3d7ae975-debc-8de3-cff1-ac1070b05db3'::uuid, '719f6568-fa21-76d3-1fc7-5d40af39fa74'::uuid, 'Drafting immediate layoff plans for the current assembly workforce and preparing to recruit younger technical staff.', 1),
  ('884e5015-1ec6-3989-ea1d-d27967e74a81'::uuid, '719f6568-fa21-76d3-1fc7-5d40af39fa74'::uuid, 'Designing and executing a comprehensive "Strategic Reskilling Initiative" to transition current assembly workers into robotic operators and system maintenance technicians.', 2),
  ('d88823dc-8c0b-3130-4a82-ec46d0f1a5a4'::uuid, '719f6568-fa21-76d3-1fc7-5d40af39fa74'::uuid, 'Organizing motivational seminars to convince the current workforce that robotic automation is beneficial for their careers.', 3),
  ('ee97e02e-26af-bc7e-36cd-1c4a5daf09c2'::uuid, '719f6568-fa21-76d3-1fc7-5d40af39fa74'::uuid, 'Outsourcing all technical system maintenance to the robotic manufacturer under a permanent service contract.', 4),
  ('5c867814-c42a-e51f-3111-89c365baa3da'::uuid, 'd1e8f2e5-3031-8a68-7180-b337aff13cf4'::uuid, 'Position the base salary at the 25th percentile of the local market to manage initial operational expenses.', 1),
  ('b255c3dc-a3f8-8c1f-f63f-5354d63f1d2d'::uuid, 'd1e8f2e5-3031-8a68-7180-b337aff13cf4'::uuid, 'Match the 50th percentile of the local market for base salaries, and offer higher variable performance bonuses to manage risk.', 2),
  ('75212b87-14b5-84c4-b524-c76cc90cfa7e'::uuid, 'd1e8f2e5-3031-8a68-7180-b337aff13cf4'::uuid, 'Lead the market by positioning base compensation at the 75th to 90th percentile, supported by comprehensive benefits and clear career growth pathways.', 3),
  ('3837963f-5f9f-ee38-4df3-4f4942b4c132'::uuid, 'd1e8f2e5-3031-8a68-7180-b337aff13cf4'::uuid, 'Offer standard Silicon Valley salary structures translated directly into euros, regardless of local market benchmarks or tax laws.', 4),
  ('23f1e3b3-2422-d3ac-98d4-8a47f64bfed2'::uuid, 'f946c969-b317-7b1c-9b93-8af50efb07ba'::uuid, 'Conduct a market-pricing exercise using salary survey data from top-tier competitors.', 1),
  ('ae24dbac-7ac2-2442-5acd-11a6213f1e28'::uuid, 'f946c969-b317-7b1c-9b93-8af50efb07ba'::uuid, 'Perform a comprehensive Job Evaluation to establish internal equity by systematically scoring job roles based on compensable factors (e.g., skill, effort, responsibility).', 2),
  ('82c281be-ddf0-6462-fc3f-242dfc765281'::uuid, 'f946c969-b317-7b1c-9b93-8af50efb07ba'::uuid, 'Allocate salary increases based on a company-wide performance calibration session.', 3),
  ('d5d0e2fc-8fef-8cd5-4cb5-d77dae9d3db7'::uuid, 'f946c969-b317-7b1c-9b93-8af50efb07ba'::uuid, 'Design a broad-banded salary structure with wide salary ranges to maximize management flexibility.', 4),
  ('5c05cfe1-23d7-2f51-0905-4188317bd7a8'::uuid, '1e2d922a-98e3-8bc5-0bbb-2a4933065a0f'::uuid, 'Maintain the current salary mix but increase the base salary by an additional 10% across all sales reps.', 1),
  ('4cd4af26-15b2-3f24-74bf-e91f14272fa2'::uuid, '1e2d922a-98e3-8bc5-0bbb-2a4933065a0f'::uuid, 'Redesign the compensation mix to a "60/40" structure (60% base, 40% variable commission), linking commissions directly to sales volume, high-margin products, and customer satisfaction.', 2),
  ('3c51a477-0d67-6ac7-d695-998c1e837b3e'::uuid, '1e2d922a-98e3-8bc5-0bbb-2a4933065a0f'::uuid, 'Abolish the base salary entirely and shift to a 100% commission-only compensation model to drive aggressive sales behaviors.', 3),
  ('91f831be-051f-8382-5ea2-e06fd450826d'::uuid, '1e2d922a-98e3-8bc5-0bbb-2a4933065a0f'::uuid, 'Replace the commission component with a discretionary annual team performance bonus.', 4),
  ('c58ab50a-6648-0ab9-3504-7f9427e0909b'::uuid, 'd01ea2f0-00bf-3c69-45f6-29543c6b2c96'::uuid, 'Recommend gradually adjusting the salaries of female plant managers over a five-year period to minimize immediate budget impacts.', 1),
  ('482173a9-c59c-58c4-d28b-7662e76e4c9b'::uuid, 'd01ea2f0-00bf-3c69-45f6-29543c6b2c96'::uuid, 'Conduct a regression analysis to control for legitimate, non-discriminatory factors (such as plant size, location, and experience), and immediately adjust the salaries of any manager facing an unjustifiable disparity.', 2),
  ('ca2ee910-4a9e-a57f-a1e5-f83a6bc8a177'::uuid, 'd01ea2f0-00bf-3c69-45f6-29543c6b2c96'::uuid, 'Instruct regional HR managers to explain to the affected employees that compensation is confidential and set at the local level.', 3),
  ('a09e0907-c1bb-4f12-2798-a9b94559b026'::uuid, 'd01ea2f0-00bf-3c69-45f6-29543c6b2c96'::uuid, 'Abolish the current pay structure and implement flat compensation rates across all plants globally.', 4),
  ('26a6e7a0-05a6-5520-0b4f-9c4d5146f7ed'::uuid, 'b119c55a-00a1-af41-3cdc-ee83708498b8'::uuid, 'Offer exceptionally high health and wellness benefits with comprehensive family coverage.', 1),
  ('d8d0f5e4-f5e6-9dc3-6b61-eb12f3d67645'::uuid, 'b119c55a-00a1-af41-3cdc-ee83708498b8'::uuid, 'Structure a competitive Long-Term Incentive (LTI) package featuring Stock Options, Restricted Stock Units (RSUs), and performance-vested equity.', 2),
  ('fc50ccec-5838-b5df-ec8c-e5edfa1ff51c'::uuid, 'b119c55a-00a1-af41-3cdc-ee83708498b8'::uuid, 'Design a generous discretionary annual cash bonus structure payable in 36 months.', 3),
  ('4f5e9835-50b7-2b6c-b5b5-6d4dc8d98778'::uuid, 'b119c55a-00a1-af41-3cdc-ee83708498b8'::uuid, 'Highlight the company''s flexible work culture and casual dress code as the primary compensation.', 4),
  ('878c2932-5784-95be-d854-6d25714fa991'::uuid, 'b84c028b-7062-46c0-b0aa-67c73672f300'::uuid, 'Mandate that all employees allocate a fixed percentage of their compensation to the retirement plan.', 1),
  ('b83188b8-b5e7-f83f-bbc6-c145b711b08e'::uuid, 'b84c028b-7062-46c0-b0aa-67c73672f300'::uuid, 'Implement a "Flexible Cafeteria Benefits Plan" where employees receive a fixed allocation of benefits credits and can customize their package (e.g., wellness stipends, student loan repayment, or retirement matching).', 2),
  ('1f550672-d0d9-29a2-a397-4606f46dd654'::uuid, 'b84c028b-7062-46c0-b0aa-67c73672f300'::uuid, 'Reduce the company’s retirement matching contribution to allocate more budget to general social wellness events.', 3),
  ('7ceb513a-84de-0e52-a744-e4dc9b025714'::uuid, 'b84c028b-7062-46c0-b0aa-67c73672f300'::uuid, 'Maintain the current standardized benefits package to simplify administrative operations and equity.', 4),
  ('88c40c3d-57ec-2828-4d62-434abaf0d5f0'::uuid, 'ceaecd2e-3a0a-3a06-a061-8c5dda2987db'::uuid, 'Increase the employee co-pay on health insurance to deter minor medical claims.', 1),
  ('03453c0b-54c9-8f23-173c-8bb1019ec88b'::uuid, 'ceaecd2e-3a0a-3a06-a061-8c5dda2987db'::uuid, 'Implement a comprehensive Ergonomic Wellness and Injury Prevention initiative, integrate advanced lifting assistive technology, and offer financial incentives for teams that maintain accident-free quarters.', 2),
  ('17673d53-e57a-6fb5-5db0-9dd3f6f0973b'::uuid, 'ceaecd2e-3a0a-3a06-a061-8c5dda2987db'::uuid, 'Deploy strict surveillance on the loading docks to identify and discipline employees who report injuries.', 3),
  ('aa0e1cf2-19bc-ba81-01f2-4d68944668d4'::uuid, 'ceaecd2e-3a0a-3a06-a061-8c5dda2987db'::uuid, 'Outsource all loading dock operations to a contingent workforce provider to eliminate direct liability.', 4),
  ('6d3c49e5-6cab-6dd8-47b0-274d594e652e'::uuid, '207eb4db-828c-dc02-c649-7c6a32a5be65'::uuid, 'Narrow grading increases manager discretion and allows for faster salary growth within roles.', 1),
  ('a1466843-7fb3-af51-c666-ff13bd73530e'::uuid, '207eb4db-828c-dc02-c649-7c6a32a5be65'::uuid, 'Narrow grading establishes tighter cost controls, clarifies promotional pathways, and ensures higher administrative compliance, but reduces lateral mobility flexibility.', 2),
  ('1417ee99-8dbe-c293-d4cd-a8e0de9946d8'::uuid, '207eb4db-828c-dc02-c649-7c6a32a5be65'::uuid, 'Narrow grading completely eliminates the need for regular market salary benchmarking.', 3),
  ('0e6427f9-afdf-c83c-c61c-5c084998bcaf'::uuid, '207eb4db-828c-dc02-c649-7c6a32a5be65'::uuid, 'Narrow grading increases overall employee satisfaction by allowing everyone to be promoted quarterly.', 4),
  ('89a69b4d-97cb-9658-6ba5-c1a58dbd5a6f'::uuid, '7174779a-e808-6e0d-1a61-17bea1724a58'::uuid, 'Distribute a flat, equal discretionary cash bonus to all employees regardless of individual contribution or performance ratings.', 1),
  ('3d8a0104-bd32-d207-e97b-f59879df91cc'::uuid, '7174779a-e808-6e0d-1a61-17bea1724a58'::uuid, 'Implement a structured short-term incentive (STI) plan where payouts are calculated based on a combination of company-wide financial success (weight 40%), department-level goals (weight 30%), and individual performance ratings (weight 30%).', 2),
  ('d9367aef-ea47-5d36-e73c-8c12d18b2531'::uuid, '7174779a-e808-6e0d-1a61-17bea1724a58'::uuid, 'Restrict bonus distributions to the top 5% of individual contributors and make the distribution confidential.', 3),
  ('f0669f1f-6c31-af6e-7730-95890a310eb3'::uuid, '7174779a-e808-6e0d-1a61-17bea1724a58'::uuid, 'Offer employees additional paid time off in lieu of financial bonuses to preserve cash reserves.', 4),
  ('feebaecf-8768-3b70-9511-5ad6811ab160'::uuid, '34358eb8-56d8-1f98-2b7e-9f3df94b3a27'::uuid, 'Immediately cancel all expat compensation packages and transition the executives to local base salaries.', 1),
  ('8688a3a5-bc76-1f43-4591-59b5d24ff055'::uuid, '34358eb8-56d8-1f98-2b7e-9f3df94b3a27'::uuid, 'Perform a comprehensive Global Mobility Audit, standardize allowances (e.g., cost-of-living, housing) using independent benchmark index data, and utilize a "Local-Plus" or tax-equalized compensation model.', 2),
  ('4f445bce-9130-7530-708f-e6a9c8e27486'::uuid, '34358eb8-56d8-1f98-2b7e-9f3df94b3a27'::uuid, 'Instruct the finance department to manually write off the tax penalties to avoid disrupting executive relations.', 3),
  ('ddc0974e-b78a-c6b5-ee5d-bd15585e76d3'::uuid, '34358eb8-56d8-1f98-2b7e-9f3df94b3a27'::uuid, 'Disclose the compensation details of the affected executives to the internal audit committee to force voluntary re-negotiation.', 4),
  ('c108190d-c851-e658-2c87-50e84edc6764'::uuid, 'f80cdfce-3aaf-15f6-659a-b6acee5b3157'::uuid, 'Offer a performance bonus paid annually based on individual lab productivity metrics.', 1),
  ('b68daf53-b4b9-0be1-4805-4fae74d5ec59'::uuid, 'f80cdfce-3aaf-15f6-659a-b6acee5b3157'::uuid, 'Design a structured "Stay Bonus" with a deferred vesting schedule, payable only upon the successful completion of the FDA approval process, coupled with long-term equity grants.', 2),
  ('b0c52a3c-e7ca-21f3-0811-5e9efa7314bc'::uuid, 'f80cdfce-3aaf-15f6-659a-b6acee5b3157'::uuid, 'Increase their base salaries by 20% immediately without any long-term retention clauses.', 3),
  ('c085b46f-c892-893c-6de7-78d2a6690d1d'::uuid, 'f80cdfce-3aaf-15f6-659a-b6acee5b3157'::uuid, 'Provide complimentary luxury personal travel benefits and executive health programs.', 4),
  ('a86ca1a5-d9c3-cca8-7004-e621754c4769'::uuid, 'b1ec0631-4fe9-daea-64ce-53163e482fdd'::uuid, 'Hire a legal team to identify loopholes and exemptions in the legislation to delay public reporting.', 1),
  ('38d65782-a6ae-f509-d500-b26793da611a'::uuid, 'b1ec0631-4fe9-daea-64ce-53163e482fdd'::uuid, 'Conduct a thorough internal Pay Gap and Regression Audit, identify systemic causes of gaps (e.g., underrepresentation in leadership, historical salary compression), design a multi-year remediation plan, and draft a transparent communication strategy for employees and stakeholders.', 2),
  ('d8612d7c-efe7-5234-05a3-808a5b9f732a'::uuid, 'b1ec0631-4fe9-daea-64ce-53163e482fdd'::uuid, 'Re-classify female employees under different job titles to artificially equalize the average salary figures across departments.', 3),
  ('91655a13-06eb-57d3-cab4-8d9c1b66a4c3'::uuid, 'b1ec0631-4fe9-daea-64ce-53163e482fdd'::uuid, 'Issue a company-wide statement declaring that pay gap calculations are structurally flawed and do not reflect internal equity.', 4),
  ('ed1f7aac-9a8e-66a7-42b1-cb3956ffb93e'::uuid, '0aeb97af-6177-d340-ed32-6d0ebd80f010'::uuid, 'Advise the employee to resolve the conflict directly with the director or seek mediation through an external counselor.', 1),
  ('4fef1798-c004-75d1-6a60-48caef53b98c'::uuid, '0aeb97af-6177-d340-ed32-6d0ebd80f010'::uuid, 'Initiate an immediate, impartial, and thoroughly documented formal investigation, separate the reporting employee from the director during the investigation to prevent retaliation, and compile facts for executive review.', 2),
  ('93359f20-9570-9750-cb2f-0edf0a5a0c88'::uuid, '0aeb97af-6177-d340-ed32-6d0ebd80f010'::uuid, 'Discipline the director immediately based on the employee''s report to demonstrate HR’s zero-tolerance policy.', 3),
  ('3993ab1f-dc0c-877a-660a-5004e1896c3e'::uuid, '0aeb97af-6177-d340-ed32-6d0ebd80f010'::uuid, 'Advise the director of the complaint and allow them 5 business days to resolve the issue with the employee.', 4),
  ('92e5b60d-39e6-0511-71fd-063fc2b10866'::uuid, '9c8d295d-973e-62f8-3943-9529a8e46cbe'::uuid, 'Implement the changes immediately and notify the union representatives on the day of the layoffs to prevent labor strikes.', 1),
  ('8fb3f804-f769-741d-e142-64938eeee6be'::uuid, '9c8d295d-973e-62f8-3943-9529a8e46cbe'::uuid, 'Review the Collective Bargaining Agreement (CBA) in detail, initiate early collaborative consultations with union leadership, propose joint retraining initiatives, and execute the workforce reduction strictly in accordance with agreed seniority and severance guidelines.', 2),
  ('25b56206-10a4-eb11-95b9-b920bd8440d7'::uuid, '9c8d295d-973e-62f8-3943-9529a8e46cbe'::uuid, 'Hire temporary non-union workers to replace the current workforce prior to announcing the restructuring.', 3),
  ('0eed8407-ac0d-67d6-b72d-552ba6c359a8'::uuid, '9c8d295d-973e-62f8-3943-9529a8e46cbe'::uuid, 'Petition the labor department to override the collective bargaining agreement based on economic emergency grounds.', 4),
  ('9fbfc953-e231-a5fd-f95b-a459ab259692'::uuid, '2c0a142c-e5ba-4682-44c2-c5519999fa1d'::uuid, 'Establish a strict surveillance policy, install CCTV monitoring, and immediately terminate any employee observed violating PPE rules.', 1),
  ('8bae324b-2e86-39e9-6a71-df52ad2c9702'::uuid, '2c0a142c-e5ba-4682-44c2-c5519999fa1d'::uuid, 'Partner with safety operations to select more ergonomic, comfortable PPE, run interactive safety-awareness workshops, engage workers in peer-led safety committees, and tie manager evaluations directly to department safety compliance metrics.', 2),
  ('cee827e7-b017-ed04-103f-c87a3029730e'::uuid, '2c0a142c-e5ba-4682-44c2-c5519999fa1d'::uuid, 'Increase the financial fines for safety violations and mandate that employees sign a liability waiver.', 3),
  ('becf3742-8196-a3bf-d7da-9516437e711d'::uuid, '2c0a142c-e5ba-4682-44c2-c5519999fa1d'::uuid, 'Lower the daily production targets to allow employees to work slowly while wearing uncomfortable gear.', 4),
  ('8a48c10e-3886-24bf-e660-47c59a9c8a7e'::uuid, 'c9e9b8a5-9977-bfd2-55f9-80609ba865d6'::uuid, 'Advise the employee that the company cannot accommodate their request due to operational hardship and suggest they apply for long-term disability.', 1),
  ('c7f90ad6-7f22-0bf2-4819-96c3d8e15ecf'::uuid, 'c9e9b8a5-9977-bfd2-55f9-80609ba865d6'::uuid, 'Enforce compliance with disability regulations (e.g., ADA), conduct an interactive process to identify and implement reasonable accommodations, educate the manager on accommodation benefits, and monitor the transition.', 2),
  ('4bc18cc4-8c0e-156f-f548-207c70156165'::uuid, 'c9e9b8a5-9977-bfd2-55f9-80609ba865d6'::uuid, 'Instruct the manager to quietly assign the developer’s high-priority tasks to other team members and transition the developer to basic clerical work.', 3),
  ('470a5f8c-0e15-c8f7-ee0d-f746bf565e75'::uuid, 'c9e9b8a5-9977-bfd2-55f9-80609ba865d6'::uuid, 'Authorize the accommodation but reduce the developer''s base salary to offset the cost of the screen-reader technology.', 4),
  ('2fef4208-9047-d659-880c-0de0347dc6ab'::uuid, '11082ac1-ab79-bfad-17ea-6c886ca1bcc9'::uuid, 'Risk: Minor budget variances; corrective action is to transfer contractor expenses to the general HR budget.', 1),
  ('3369835d-10a1-d8e1-f904-37b8f8ccd41b'::uuid, '11082ac1-ab79-bfad-17ea-6c886ca1bcc9'::uuid, 'Risk: Severe legal and financial penalties for worker misclassification (IRS/Department of Labor); corrective action is to conduct an audit of all contractor roles, re-classify misclassified workers as permanent employees, and establish strict hiring criteria.', 2),
  ('cc2db819-f050-f4ab-1b94-c0e9d9902afb'::uuid, '11082ac1-ab79-bfad-17ea-6c886ca1bcc9'::uuid, 'Risk: Internal communication issues; corrective action is to require contractors to sign standard non-disclosure agreements.', 3),
  ('6f3563b2-30a6-7880-d73d-ca4a3072438e'::uuid, '11082ac1-ab79-bfad-17ea-6c886ca1bcc9'::uuid, 'Risk: High operational expenses; corrective action is to renegotiate lower hourly rates with all current independent contractors.', 4),
  ('cfde0a08-385f-781f-275f-3e347a8d24ec'::uuid, '5a2f8c36-415b-350c-b9dc-b276ec9c3f0f'::uuid, 'Launch a series of mandatory unconscious bias workshops and publish a diversity pledge on the corporate website.', 1),
  ('c48ee52b-3f8a-1538-2335-b24d86f922b4'::uuid, '5a2f8c36-415b-350c-b9dc-b276ec9c3f0f'::uuid, 'Design a systemic strategy linking DEI metrics to executive compensation, audit talent pipelines and promotional policies for bias, establish Employee Resource Groups (ERGs) with executive sponsors, and report progress transparently.', 2),
  ('caba35a6-6317-44ea-1cd1-40229429266e'::uuid, '5a2f8c36-415b-350c-b9dc-b276ec9c3f0f'::uuid, 'Establish hiring quotas for underrepresented groups and implement separate, relaxed performance standards for diverse hires.', 3),
  ('626f13c0-9b42-90af-74c2-8da5687a487e'::uuid, '5a2f8c36-415b-350c-b9dc-b276ec9c3f0f'::uuid, 'Offer optional multicultural celebrations and encourage employees to share their personal stories on internal social channels.', 4),
  ('a68f7977-b8c8-4ad8-5f82-08b623c0cf03'::uuid, '5be44a00-b9e2-afee-b501-a758a154f7f1'::uuid, 'Notify the regional VP of Sales to allow them to review the report and prepare a response for the executive committee.', 1),
  ('2910d3cd-8dd7-d9d7-76b6-f1ac0c526923'::uuid, '5be44a00-b9e2-afee-b501-a758a154f7f1'::uuid, 'Acknowledge receipt of the report, protect the whistleblower’s confidentiality, initiate a secure independent investigation in partnership with legal and finance, and take appropriate disciplinary action if the allegations are validated.', 2),
  ('1f6c1caf-8761-befc-e0ab-cfe863cbe008'::uuid, '5be44a00-b9e2-afee-b501-a758a154f7f1'::uuid, 'Disclose the details of the report to the sales team to gather peer feedback and identify the anonymous whistleblower.', 3),
  ('e6e0bbe9-0f45-58f2-3745-7c0338c80059'::uuid, '5be44a00-b9e2-afee-b501-a758a154f7f1'::uuid, 'Dismiss the report as an internal administrative dispute unless the whistleblower provides their legal name.', 4),
  ('5e7444c4-b098-558d-fe79-563567d2ae0d'::uuid, 'a38e050d-07ef-241f-42b4-0cffa8daf388'::uuid, 'Instruct the researchers to backdate their renewal forms to ensure the audit records appear compliant.', 1),
  ('695f049e-36f1-8393-ca86-3dd2cf34f5a6'::uuid, 'a38e050d-07ef-241f-42b4-0cffa8daf388'::uuid, 'Immediately suspend the researchers from active clinical trials, coordinate expedited recertification training, report the non-compliance transparently to the executive leadership, and implement an automated certification tracking system.', 2),
  ('b358f514-d297-49d3-a115-be87026b4bef'::uuid, 'a38e050d-07ef-241f-42b4-0cffa8daf388'::uuid, 'Delay the FDA audit until all researchers have naturally renewed their certifications.', 3),
  ('d5119ddd-8cdc-541f-71e3-677b22ab47f0'::uuid, 'a38e050d-07ef-241f-42b4-0cffa8daf388'::uuid, 'Replace the researchers with certified administrative staff to manage the laboratory during the audit.', 4),
  ('20f6ec88-9f18-bc4b-7ed6-d49b0b1bf443'::uuid, 'bffdc00e-68a0-61d5-9685-428a83d4e721'::uuid, 'Enforce the non-compete agreement immediately by filing a lawsuit against the engineer and the competitor.', 1),
  ('f16af2c3-52f3-7f39-f6c2-22d4bb7ac9a2'::uuid, 'bffdc00e-68a0-61d5-9685-428a83d4e721'::uuid, 'Conduct a thorough Exit Interview, review the signed agreement in coordination with legal to assess local legal enforceability, verify that the engineer does not possess proprietary physical/digital files, and remind them of ongoing confidentiality obligations.', 2),
  ('685c72d1-7502-eb5c-dcc0-cf57438d0164'::uuid, 'bffdc00e-68a0-61d5-9685-428a83d4e721'::uuid, 'Contact the competitor directly to demand they withdraw their employment offer to the engineer.', 3),
  ('eda763e0-7279-4a97-99ac-9584fd730a84'::uuid, 'bffdc00e-68a0-61d5-9685-428a83d4e721'::uuid, 'Abolish all non-compete agreements and allow the engineer to transfer all files freely to preserve positive relations.', 4),
  ('95d08e1b-1ba2-f8ac-abd1-61a2df021b93'::uuid, '61cc023f-e9f4-6daa-66aa-9b1a2038aa89'::uuid, 'Approve the termination immediately to support the plant manager’s authority on the floor.', 1),
  ('f48d1858-76bc-2433-be67-01487f39849e'::uuid, '61cc023f-e9f4-6daa-66aa-9b1a2038aa89'::uuid, 'Advise the plant manager to place the employee on immediate paid administrative suspension, conduct a neutral fact-finding investigation, review the employee''s full historical file, and apply progressive discipline (e.g., written warning and mediation) instead of immediate termination.', 2),
  ('db209394-16fd-8806-a3bb-bae5b3904173'::uuid, '61cc023f-e9f4-6daa-66aa-9b1a2038aa89'::uuid, 'Instruct the plant manager to issue a formal apology to the employee to prevent any potential labor disputes.', 3),
  ('19ffd34e-aee1-6880-1e28-cee503779092'::uuid, '61cc023f-e9f4-6daa-66aa-9b1a2038aa89'::uuid, 'Advise the manager to assign the employee to more difficult, isolated tasks until they resign voluntarily.', 4),
  ('e6d28a5b-6a0d-b109-82de-79b6b37ea972'::uuid, 'ac69a64c-af58-20dd-8e60-a41d68433c27'::uuid, 'Suggest the company lock out the union workers to force compliance with the proposed salary terms.', 1),
  ('dc9432a6-85c8-cd56-6694-0b2e9a493166'::uuid, 'ac69a64c-af58-20dd-8e60-a41d68433c27'::uuid, 'Propose entering into formal, voluntary Mediation or Non-Binding Arbitration facilitated by a neutral, certified third-party labor relations professional.', 2),
  ('08df5dc8-ab1d-6bed-75b5-36b7d832fdc0'::uuid, 'ac69a64c-af58-20dd-8e60-a41d68433c27'::uuid, 'Advise the CEO to negotiate directly with individual employees, bypassing the union representatives.', 3),
  ('a808c7d3-c1a7-9e79-c686-162f9663be93'::uuid, 'ac69a64c-af58-20dd-8e60-a41d68433c27'::uuid, 'Delay negotiations indefinitely to allow the union''s strike fund to deplete naturally.', 4),
  ('672d02a0-2bca-ef1d-2e7f-208015e8d595'::uuid, '0743d6f3-91a6-e423-2945-8bfb29280da5'::uuid, 'Distribute copies of the US Foreign Corrupt Practices Act (FCPA) and require employees to sign a standard receipt form.', 1),
  ('1528b9d4-bddf-389a-0c0d-32b466e11a6b'::uuid, '0743d6f3-91a6-e423-2945-8bfb29280da5'::uuid, 'Design a comprehensive Anti-Bribery Compliance Framework featuring mandatory interactive training with localized scenario simulations, a transparent compliance reporting hotline, clear gift-and-hospitality guidelines, and regular independent audits.', 2),
  ('db1b6ac3-aaec-4ef1-2d34-d2bb5dcac677'::uuid, '0743d6f3-91a6-e423-2945-8bfb29280da5'::uuid, 'Instruct the regional finance team to manage all local facilitation payments through secure, third-party intermediary accounts.', 3),
  ('722d759a-445e-b98a-4b35-c177009149ff'::uuid, '0743d6f3-91a6-e423-2945-8bfb29280da5'::uuid, 'Rely on local legal counsel to handle all public official interactions without internal monitoring.', 4),
  ('392ca6cd-1d24-fbc4-573e-644669263d1c'::uuid, '27048a67-8ae4-76f8-b267-a3d58c897f19'::uuid, 'Instruct the regional office to backdate accommodation records for the past three years to ensure compliance in the current audit.', 1),
  ('63221ec8-f7fb-4d34-ad94-ac0b7c024a08'::uuid, '27048a67-8ae4-76f8-b267-a3d58c897f19'::uuid, 'Design and deploy a standardized Pregnant Workers Accommodation policy, conduct immediate training for all managers and HR staff in that region, establish a centralized document-retention system for all accommodation requests, and perform a follow-up compliance audit in 90 days.', 2),
  ('f48c3814-cd72-568f-dc07-95d0ff2330ef'::uuid, '27048a67-8ae4-76f8-b267-a3d58c897f19'::uuid, 'Advise the regional office to stop approving accommodation requests to avoid documentation challenges.', 3),
  ('e84649b0-baba-b66b-ad99-711cb6ed9a4e'::uuid, '27048a67-8ae4-76f8-b267-a3d58c897f19'::uuid, 'Ignore the gap unless an active legal claim or regulatory complaint is filed by an employee.', 4)
on conflict (id) do update
set question_id = excluded.question_id,
    option_text = excluded.option_text,
    position = excluded.position;

insert into public.question_answer_keys (question_id, correct_option_id)
values
  ('8335e326-9ab0-8cd7-61bb-841e3d9a509e'::uuid, 'ec1d3a15-b750-2313-2e51-a438f92723f5'::uuid),
  ('f76b663f-c5cb-ddba-d1bb-feae0d014240'::uuid, 'c5de3e91-8c8a-cfad-8e91-cc2e8dbe67dc'::uuid),
  ('ea8cad9e-755e-aac8-add8-b35f01342a86'::uuid, 'c5d0ae5b-23dd-1cd6-52b1-e1b0d602c57d'::uuid),
  ('bd0a6436-d5cc-f79c-67a8-7ff23c80ecd3'::uuid, '590704f2-0378-70f7-eb3e-2d0599a8f8bf'::uuid),
  ('ed666a46-4442-c870-8a7a-1ca45c64c461'::uuid, 'a47ec7fe-7853-f27e-a700-daa12da18fb7'::uuid),
  ('c4195058-4456-a4ad-d4c9-dd9df4cd3fc0'::uuid, '18699561-f34d-1271-13b4-ff49acb9ba13'::uuid),
  ('39b7eeee-2516-083c-1cd1-7cbbe5be0d31'::uuid, 'b7dd4b29-c436-b645-4394-2fe47c4ab10f'::uuid),
  ('697cc70e-9ab3-1050-c911-e16db072c46b'::uuid, '16b7ef5e-103e-7b24-7303-91c1afb1440e'::uuid),
  ('11c42f40-fcd9-cf21-b4a3-e8d2d0e93d2b'::uuid, '9cc020d9-ffa3-376d-abb2-1b54f3aa4e0f'::uuid),
  ('407c10d7-64fc-528b-cc5c-082ee392c1de'::uuid, '306abe3e-6c3a-bd92-9dfd-127f83ed861a'::uuid),
  ('655594f8-be2a-4e66-48d2-5656cc4e67a0'::uuid, '8ebb50b6-3e4e-5aa1-21b0-2d55ed96b529'::uuid),
  ('06daee7e-9fa0-1d23-f125-ae4e938cd135'::uuid, 'c4cfe5ef-8c81-11af-9c3c-c25d595f32d8'::uuid),
  ('24be20a0-ac28-163b-ebce-eb3c3a8f9e5f'::uuid, 'aed145af-2994-0409-ef6d-db19232b96bd'::uuid),
  ('36ee4bfe-5104-718e-9b04-6797cc314f98'::uuid, '979af8d3-7718-8fbf-cee4-4eafcdad5947'::uuid),
  ('3013f985-239b-d0c0-d52c-2687cd69a1cd'::uuid, '93b3ec88-e5e1-7ba0-0579-efc9e32c3deb'::uuid),
  ('9e6d24fb-3e89-0df4-8212-a554d0b2819f'::uuid, 'f7a9f99f-cbe3-b669-94b1-486d148e53be'::uuid),
  ('e2e12139-a4e4-f74d-4d08-3ea11558cf75'::uuid, '8d3d62ce-7478-bf2c-34bc-587e1ae78091'::uuid),
  ('78a7df4f-11a7-0897-4149-16d0571cac31'::uuid, '60ed274f-990d-babb-a9fa-f253711a3886'::uuid),
  ('62acb29f-38a8-2246-8a67-bbb965519e54'::uuid, 'ae90002f-18eb-8c66-d8f6-7fefcfa0e956'::uuid),
  ('1eeb0979-f557-3ac0-51fb-aa1e1e8b4b65'::uuid, '186a1062-73a8-4ec8-1391-12ac9a7abf77'::uuid),
  ('1b81a52f-8b5f-29e2-0d9c-0e0c49b23e5d'::uuid, '1d8cb691-cd00-1211-ad5e-71fd36f3fb63'::uuid),
  ('92915c20-c50a-2c17-7a19-60311fa37c70'::uuid, 'bb7e3914-eae5-6efa-939d-ba5558109179'::uuid),
  ('85eadea7-3378-9aa3-7fb5-1271f4e123b4'::uuid, 'd494d49c-b6b0-f5e2-c864-bb39d93c26c1'::uuid),
  ('9aed0f9a-2457-9c96-1ae9-482232d0d5b4'::uuid, '073c2bc9-cab9-3ee0-14aa-3a54ea6e7cfa'::uuid),
  ('1b2aa62c-50bd-bd9b-b1dc-6144c0480882'::uuid, '23ceef84-5155-b2b6-ac10-7dd1e52cbc98'::uuid),
  ('07b1acfd-7c28-4693-903a-dc25588074dd'::uuid, '6b8215a5-9374-ee7f-c783-fd32480ff694'::uuid),
  ('76bb749f-c509-6092-8862-f8ed9c5dd00e'::uuid, '3e465ad8-974e-1369-c7d7-7dba2a7c2869'::uuid),
  ('d337f971-e4ad-c4af-8581-f76df9aaad53'::uuid, 'daa17553-57a6-2c1c-bdac-70216927b28b'::uuid),
  ('f74b0601-0773-e7b6-d193-3a409a0418ec'::uuid, 'a0c2eb14-4d68-9ba1-d0ef-07ca03e6a686'::uuid),
  ('1bf0d1d6-bd15-5c8a-3082-5f1a0a694b99'::uuid, '4dfde09e-7912-6025-dedb-689f6be063f6'::uuid),
  ('3b8e2475-5b9c-f5fd-697a-24211b86cac4'::uuid, 'fcf7f312-07c2-2505-cade-1a2a6587eb7e'::uuid),
  ('5dfa92ef-f528-f09f-5663-d54ff58f0bff'::uuid, '22d5f841-4e53-77d3-6cbd-c36502543330'::uuid),
  ('2c6e4cd7-7dbe-e95d-b14f-e2076ea0dedf'::uuid, '9485bb1f-2e2e-d8e7-0520-d03ae41cccdd'::uuid),
  ('1aff1364-670c-56ff-a86b-89d014828693'::uuid, '7c8351a4-de4b-e3cc-2233-49f753f562fb'::uuid),
  ('49a8a6b5-3b56-f03c-b2cd-51f7848f106b'::uuid, '0d6214e9-74b3-7550-e6a3-81176a059ecf'::uuid),
  ('35c741a7-d817-1a60-d68d-77dfebd0ad36'::uuid, '1fa9b583-e53f-ec91-f49a-e59a7900dbad'::uuid),
  ('a5fab670-a57a-72f8-1d2b-ca28e6562ba7'::uuid, '416f06db-e042-8927-3555-dde613e8f0e2'::uuid),
  ('f6b0b4c2-30a3-6531-e585-1ac1273c0e51'::uuid, 'd2d8b25f-cab8-2f7d-c916-1fd94d333ace'::uuid),
  ('b706128a-9961-b925-7fbb-4582ebe68749'::uuid, '3aa58abc-d513-49be-2ba2-5c3659e7d89e'::uuid),
  ('241d7bfc-756a-8f55-8b7c-0266141993bc'::uuid, 'bc731a8c-9acf-79eb-a423-53a784f8e561'::uuid),
  ('cfe9a04a-c723-60fd-bb0d-af6594afcf79'::uuid, '371fa7d7-7bc3-806f-7b3b-752248779bc1'::uuid),
  ('fb6d70a4-57a4-773e-403d-708b21ad65d9'::uuid, 'a082d513-bef9-02e7-7b4b-0515481c5e3f'::uuid),
  ('37f758b2-69d9-bc16-d556-f8e163d068cf'::uuid, '6952e267-3142-a84b-7a99-4cd3dae636cf'::uuid),
  ('291f9e52-6143-079d-2dc3-3a418bfea6a1'::uuid, 'da860f14-3d88-8c96-75ad-df44f6a4deaf'::uuid),
  ('020cb5aa-1189-a4ad-2d95-1d822f907b8d'::uuid, 'df9d05b4-b06f-1e86-b3c2-de1d8af1ff1e'::uuid),
  ('3d33d087-ba34-5032-3b5b-24cb8372cc9d'::uuid, '24f8ec5e-45ca-21b0-a74f-2f113617b198'::uuid),
  ('538a6512-f9e8-aab0-d799-7b764700b3b6'::uuid, '864bed4d-b378-f7f9-cc37-8a2a1ac2552f'::uuid),
  ('919fd19c-98b0-9cd9-729f-d99cd526ab5d'::uuid, '829b0ed4-c87c-77b0-647b-c4afac694da7'::uuid),
  ('dc2026b1-81d0-4606-483f-40329c3fd985'::uuid, '5de85032-74b5-19a5-7527-f7b7b68fb647'::uuid),
  ('719f6568-fa21-76d3-1fc7-5d40af39fa74'::uuid, '884e5015-1ec6-3989-ea1d-d27967e74a81'::uuid),
  ('d1e8f2e5-3031-8a68-7180-b337aff13cf4'::uuid, '75212b87-14b5-84c4-b524-c76cc90cfa7e'::uuid),
  ('f946c969-b317-7b1c-9b93-8af50efb07ba'::uuid, 'ae24dbac-7ac2-2442-5acd-11a6213f1e28'::uuid),
  ('1e2d922a-98e3-8bc5-0bbb-2a4933065a0f'::uuid, '4cd4af26-15b2-3f24-74bf-e91f14272fa2'::uuid),
  ('d01ea2f0-00bf-3c69-45f6-29543c6b2c96'::uuid, '482173a9-c59c-58c4-d28b-7662e76e4c9b'::uuid),
  ('b119c55a-00a1-af41-3cdc-ee83708498b8'::uuid, 'd8d0f5e4-f5e6-9dc3-6b61-eb12f3d67645'::uuid),
  ('b84c028b-7062-46c0-b0aa-67c73672f300'::uuid, 'b83188b8-b5e7-f83f-bbc6-c145b711b08e'::uuid),
  ('ceaecd2e-3a0a-3a06-a061-8c5dda2987db'::uuid, '03453c0b-54c9-8f23-173c-8bb1019ec88b'::uuid),
  ('207eb4db-828c-dc02-c649-7c6a32a5be65'::uuid, 'a1466843-7fb3-af51-c666-ff13bd73530e'::uuid),
  ('7174779a-e808-6e0d-1a61-17bea1724a58'::uuid, '3d8a0104-bd32-d207-e97b-f59879df91cc'::uuid),
  ('34358eb8-56d8-1f98-2b7e-9f3df94b3a27'::uuid, '8688a3a5-bc76-1f43-4591-59b5d24ff055'::uuid),
  ('f80cdfce-3aaf-15f6-659a-b6acee5b3157'::uuid, 'b68daf53-b4b9-0be1-4805-4fae74d5ec59'::uuid),
  ('b1ec0631-4fe9-daea-64ce-53163e482fdd'::uuid, '38d65782-a6ae-f509-d500-b26793da611a'::uuid),
  ('0aeb97af-6177-d340-ed32-6d0ebd80f010'::uuid, '4fef1798-c004-75d1-6a60-48caef53b98c'::uuid),
  ('9c8d295d-973e-62f8-3943-9529a8e46cbe'::uuid, '8fb3f804-f769-741d-e142-64938eeee6be'::uuid),
  ('2c0a142c-e5ba-4682-44c2-c5519999fa1d'::uuid, '8bae324b-2e86-39e9-6a71-df52ad2c9702'::uuid),
  ('c9e9b8a5-9977-bfd2-55f9-80609ba865d6'::uuid, 'c7f90ad6-7f22-0bf2-4819-96c3d8e15ecf'::uuid),
  ('11082ac1-ab79-bfad-17ea-6c886ca1bcc9'::uuid, '3369835d-10a1-d8e1-f904-37b8f8ccd41b'::uuid),
  ('5a2f8c36-415b-350c-b9dc-b276ec9c3f0f'::uuid, 'c48ee52b-3f8a-1538-2335-b24d86f922b4'::uuid),
  ('5be44a00-b9e2-afee-b501-a758a154f7f1'::uuid, '2910d3cd-8dd7-d9d7-76b6-f1ac0c526923'::uuid),
  ('a38e050d-07ef-241f-42b4-0cffa8daf388'::uuid, '695f049e-36f1-8393-ca86-3dd2cf34f5a6'::uuid),
  ('bffdc00e-68a0-61d5-9685-428a83d4e721'::uuid, 'f16af2c3-52f3-7f39-f6c2-22d4bb7ac9a2'::uuid),
  ('61cc023f-e9f4-6daa-66aa-9b1a2038aa89'::uuid, 'f48d1858-76bc-2433-be67-01487f39849e'::uuid),
  ('ac69a64c-af58-20dd-8e60-a41d68433c27'::uuid, 'dc9432a6-85c8-cd56-6694-0b2e9a493166'::uuid),
  ('0743d6f3-91a6-e423-2945-8bfb29280da5'::uuid, '1528b9d4-bddf-389a-0c0d-32b466e11a6b'::uuid),
  ('27048a67-8ae4-76f8-b267-a3d58c897f19'::uuid, '63221ec8-f7fb-4d34-ad94-ac0b7c024a08'::uuid)
on conflict (question_id) do update
set correct_option_id = excluded.correct_option_id,
    updated_at = now();

update public.exam_prices
set is_default = false, updated_at = now()
where examination_id = '20000000-0000-4000-8000-000000000102'::uuid
  and currency <> 'NGN'
  and is_default = true;

insert into public.exam_prices (
  id, examination_id, currency, amount_minor, country_codes,
  is_default, is_active, effective_from, effective_to
) values (
  'beb47b9f-3db7-1478-af78-5e211658bec0'::uuid,
  '20000000-0000-4000-8000-000000000102'::uuid,
  'NGN',
  2500000,
  array['NG']::text[],
  true,
  true,
  now(),
  null
)
on conflict (examination_id, currency) do update
set amount_minor = 2500000,
    country_codes = array['NG']::text[],
    is_default = true,
    is_active = true,
    effective_from = least(public.exam_prices.effective_from, now()),
    effective_to = null,
    updated_at = now();

-- PM: Performance Management (PM)
insert into public.programmes (id, code, name, description, is_active)
values (
  '9f46d265-dc8f-a4d9-1430-acc9d977f941'::uuid,
  'PM',
  'Performance Management (PM)',
  '50 Scenario-Based Questions. Focus: Strategic Goal Alignment, OKRs, Continuous Feedback Loops, Appraisal Systems, and PIP Structures.',
  true
)
on conflict (code) do update
set name = excluded.name,
    description = excluded.description,
    is_active = true,
    updated_at = now();

insert into public.examinations (
  id, programme_id, title, instructions, duration_minutes, pass_mark,
  status, max_attempts, randomize_questions, randomize_options,
  allow_self_enrollment, requires_payment
) values (
  'e979cf82-30f3-2768-3891-b9cc5e51bde2'::uuid,
  (select id from public.programmes where code = 'PM'),
  'Performance Management (PM)',
  'Answer every question. This examination is timed and protected by IIPM examination integrity controls. Payment, an approved scholarship coupon or an administrator assignment is required before launch.',
  60,
  70,
  'published',
  1,
  true,
  true,
  false,
  true
)
on conflict (id) do update
set programme_id = excluded.programme_id,
    title = excluded.title,
    instructions = excluded.instructions,
    duration_minutes = excluded.duration_minutes,
    pass_mark = excluded.pass_mark,
    status = excluded.status,
    max_attempts = excluded.max_attempts,
    randomize_questions = excluded.randomize_questions,
    randomize_options = excluded.randomize_options,
    allow_self_enrollment = false,
    requires_payment = true,
    updated_at = now();

with ranked_existing as (
  select id, row_number() over (order by id) as replacement_position
  from public.questions
  where examination_id = 'e979cf82-30f3-2768-3891-b9cc5e51bde2'::uuid
)
update public.questions q
set is_active = false,
    position = 100000 + ranked_existing.replacement_position,
    updated_at = now()
from ranked_existing
where q.id = ranked_existing.id;

insert into public.questions (id, examination_id, question_text, position, points, is_active)
values
  ('e73371a3-0e4a-e200-70c5-a1f549c66d32'::uuid, 'e979cf82-30f3-2768-3891-b9cc5e51bde2'::uuid, '[Strategic Goal Alignment & OKRs - Scenario 1] During an annual strategic review, a department head attempts to cascade corporate Key Results directly into individual KPIs without team adaptation. What risk does this present to organizational performance alignment?', 1, 1, true),
  ('65e750ae-31da-1fb9-50df-86d17150c6e7'::uuid, 'e979cf82-30f3-2768-3891-b9cc5e51bde2'::uuid, '[Continuous Feedback & Coaching - Scenario 2] An HR manager notices that annual performance reviews suffer from recency bias. Which performance management mechanism best counteracts this issue?', 2, 1, true),
  ('02c67f10-6227-e56f-d3fa-0ae00c2e3e4d'::uuid, 'e979cf82-30f3-2768-3891-b9cc5e51bde2'::uuid, '[Performance Appraisal Systems - Scenario 3] A multi-national corporation adopts a 360-degree feedback framework. To ensure confidentiality and psychological safety, how should peer feedback be handled?', 3, 1, true),
  ('a87a740a-8101-27b5-a9da-b244f094f765'::uuid, 'e979cf82-30f3-2768-3891-b9cc5e51bde2'::uuid, '[Performance Improvement Plans (PIP) - Scenario 4] An employee with consistently declining performance metrics is placed on a 60-day PIP. What is the essential requirement for the PIP to be legally and ethically sound?', 4, 1, true),
  ('cc23a5bf-ee19-54f1-e8c4-8e935f2ca38f'::uuid, 'e979cf82-30f3-2768-3891-b9cc5e51bde2'::uuid, '[Incentives & Talent Development - Scenario 5] When designing a variable pay incentive structure linked to team performance, which principle ensures high motivation without encouraging toxic internal competition?', 5, 1, true),
  ('42d9e23e-424f-6d51-9926-8548ceeb1998'::uuid, 'e979cf82-30f3-2768-3891-b9cc5e51bde2'::uuid, '[Strategic Goal Alignment & OKRs - Scenario 6] During an annual strategic review, a department head attempts to cascade corporate Key Results directly into individual KPIs without team adaptation. What risk does this present to organizational performance alignment?', 6, 1, true),
  ('e1cc523f-b356-465b-7c26-b710feaf4f60'::uuid, 'e979cf82-30f3-2768-3891-b9cc5e51bde2'::uuid, '[Continuous Feedback & Coaching - Scenario 7] An HR manager notices that annual performance reviews suffer from recency bias. Which performance management mechanism best counteracts this issue?', 7, 1, true),
  ('bcf49979-b15a-db6a-dcf4-6bd60a03dd88'::uuid, 'e979cf82-30f3-2768-3891-b9cc5e51bde2'::uuid, '[Performance Appraisal Systems - Scenario 8] A multi-national corporation adopts a 360-degree feedback framework. To ensure confidentiality and psychological safety, how should peer feedback be handled?', 8, 1, true),
  ('70a78944-1249-7908-45fc-936a9f463d69'::uuid, 'e979cf82-30f3-2768-3891-b9cc5e51bde2'::uuid, '[Performance Improvement Plans (PIP) - Scenario 9] An employee with consistently declining performance metrics is placed on a 60-day PIP. What is the essential requirement for the PIP to be legally and ethically sound?', 9, 1, true),
  ('5d27481b-dcc4-400c-0d18-9b034fcb7fc1'::uuid, 'e979cf82-30f3-2768-3891-b9cc5e51bde2'::uuid, '[Incentives & Talent Development - Scenario 10] When designing a variable pay incentive structure linked to team performance, which principle ensures high motivation without encouraging toxic internal competition?', 10, 1, true),
  ('3c0cc79c-e709-d870-c792-20c783bd2456'::uuid, 'e979cf82-30f3-2768-3891-b9cc5e51bde2'::uuid, '[Strategic Goal Alignment & OKRs - Scenario 11] During an annual strategic review, a department head attempts to cascade corporate Key Results directly into individual KPIs without team adaptation. What risk does this present to organizational performance alignment?', 11, 1, true),
  ('8c0a1ee9-ae4e-d327-5bea-2f8ca552bcff'::uuid, 'e979cf82-30f3-2768-3891-b9cc5e51bde2'::uuid, '[Continuous Feedback & Coaching - Scenario 12] An HR manager notices that annual performance reviews suffer from recency bias. Which performance management mechanism best counteracts this issue?', 12, 1, true),
  ('d60df0a6-e033-f450-6d87-6610953fce0e'::uuid, 'e979cf82-30f3-2768-3891-b9cc5e51bde2'::uuid, '[Performance Appraisal Systems - Scenario 13] A multi-national corporation adopts a 360-degree feedback framework. To ensure confidentiality and psychological safety, how should peer feedback be handled?', 13, 1, true),
  ('a4be8d10-0334-2f17-fe98-3331359a0da5'::uuid, 'e979cf82-30f3-2768-3891-b9cc5e51bde2'::uuid, '[Performance Improvement Plans (PIP) - Scenario 14] An employee with consistently declining performance metrics is placed on a 60-day PIP. What is the essential requirement for the PIP to be legally and ethically sound?', 14, 1, true),
  ('10810420-c6a9-f961-fad1-22da8775a3bb'::uuid, 'e979cf82-30f3-2768-3891-b9cc5e51bde2'::uuid, '[Incentives & Talent Development - Scenario 15] When designing a variable pay incentive structure linked to team performance, which principle ensures high motivation without encouraging toxic internal competition?', 15, 1, true),
  ('124a5130-5dac-ee5c-acd8-62797e5c3d4c'::uuid, 'e979cf82-30f3-2768-3891-b9cc5e51bde2'::uuid, '[Strategic Goal Alignment & OKRs - Scenario 16] During an annual strategic review, a department head attempts to cascade corporate Key Results directly into individual KPIs without team adaptation. What risk does this present to organizational performance alignment?', 16, 1, true),
  ('59c50a00-696a-0107-c8e6-53c0075459ee'::uuid, 'e979cf82-30f3-2768-3891-b9cc5e51bde2'::uuid, '[Continuous Feedback & Coaching - Scenario 17] An HR manager notices that annual performance reviews suffer from recency bias. Which performance management mechanism best counteracts this issue?', 17, 1, true),
  ('3a899454-f612-7116-1233-0198c33842e0'::uuid, 'e979cf82-30f3-2768-3891-b9cc5e51bde2'::uuid, '[Performance Appraisal Systems - Scenario 18] A multi-national corporation adopts a 360-degree feedback framework. To ensure confidentiality and psychological safety, how should peer feedback be handled?', 18, 1, true),
  ('3ce0bcea-6b5c-4402-0cde-c9e836a72251'::uuid, 'e979cf82-30f3-2768-3891-b9cc5e51bde2'::uuid, '[Performance Improvement Plans (PIP) - Scenario 19] An employee with consistently declining performance metrics is placed on a 60-day PIP. What is the essential requirement for the PIP to be legally and ethically sound?', 19, 1, true),
  ('c0fb8822-e929-b5fd-0a24-7f0df01cd38f'::uuid, 'e979cf82-30f3-2768-3891-b9cc5e51bde2'::uuid, '[Incentives & Talent Development - Scenario 20] When designing a variable pay incentive structure linked to team performance, which principle ensures high motivation without encouraging toxic internal competition?', 20, 1, true),
  ('c0f40e45-82b4-d9b7-400e-3009396418fc'::uuid, 'e979cf82-30f3-2768-3891-b9cc5e51bde2'::uuid, '[Strategic Goal Alignment & OKRs - Scenario 21] During an annual strategic review, a department head attempts to cascade corporate Key Results directly into individual KPIs without team adaptation. What risk does this present to organizational performance alignment?', 21, 1, true),
  ('57b18934-0de5-e7a7-ca58-49952dd0dcae'::uuid, 'e979cf82-30f3-2768-3891-b9cc5e51bde2'::uuid, '[Continuous Feedback & Coaching - Scenario 22] An HR manager notices that annual performance reviews suffer from recency bias. Which performance management mechanism best counteracts this issue?', 22, 1, true),
  ('8438dc1a-fab7-4090-3582-4f94e205e43f'::uuid, 'e979cf82-30f3-2768-3891-b9cc5e51bde2'::uuid, '[Performance Appraisal Systems - Scenario 23] A multi-national corporation adopts a 360-degree feedback framework. To ensure confidentiality and psychological safety, how should peer feedback be handled?', 23, 1, true),
  ('c48f75f8-08ab-3af5-5a7a-f4ccf31bab53'::uuid, 'e979cf82-30f3-2768-3891-b9cc5e51bde2'::uuid, '[Performance Improvement Plans (PIP) - Scenario 24] An employee with consistently declining performance metrics is placed on a 60-day PIP. What is the essential requirement for the PIP to be legally and ethically sound?', 24, 1, true),
  ('3db35699-17d3-29c6-63ec-fdf853ccd48f'::uuid, 'e979cf82-30f3-2768-3891-b9cc5e51bde2'::uuid, '[Incentives & Talent Development - Scenario 25] When designing a variable pay incentive structure linked to team performance, which principle ensures high motivation without encouraging toxic internal competition?', 25, 1, true),
  ('ee9787b5-6ffa-b249-e947-e01fca85eecb'::uuid, 'e979cf82-30f3-2768-3891-b9cc5e51bde2'::uuid, '[Strategic Goal Alignment & OKRs - Scenario 26] During an annual strategic review, a department head attempts to cascade corporate Key Results directly into individual KPIs without team adaptation. What risk does this present to organizational performance alignment?', 26, 1, true),
  ('a4cd40cd-e727-8054-4ae8-0bb8a2145242'::uuid, 'e979cf82-30f3-2768-3891-b9cc5e51bde2'::uuid, '[Continuous Feedback & Coaching - Scenario 27] An HR manager notices that annual performance reviews suffer from recency bias. Which performance management mechanism best counteracts this issue?', 27, 1, true),
  ('309ae10d-3b3f-6ff5-554b-90430d1e3175'::uuid, 'e979cf82-30f3-2768-3891-b9cc5e51bde2'::uuid, '[Performance Appraisal Systems - Scenario 28] A multi-national corporation adopts a 360-degree feedback framework. To ensure confidentiality and psychological safety, how should peer feedback be handled?', 28, 1, true),
  ('ac9caea2-d194-94ba-c5cb-a6cc2eb34f33'::uuid, 'e979cf82-30f3-2768-3891-b9cc5e51bde2'::uuid, '[Performance Improvement Plans (PIP) - Scenario 29] An employee with consistently declining performance metrics is placed on a 60-day PIP. What is the essential requirement for the PIP to be legally and ethically sound?', 29, 1, true),
  ('3a574cd1-875f-cb56-b34f-eaa874c4792f'::uuid, 'e979cf82-30f3-2768-3891-b9cc5e51bde2'::uuid, '[Incentives & Talent Development - Scenario 30] When designing a variable pay incentive structure linked to team performance, which principle ensures high motivation without encouraging toxic internal competition?', 30, 1, true),
  ('b77e0c53-4755-4d02-3d5a-574bbdd26607'::uuid, 'e979cf82-30f3-2768-3891-b9cc5e51bde2'::uuid, '[Strategic Goal Alignment & OKRs - Scenario 31] During an annual strategic review, a department head attempts to cascade corporate Key Results directly into individual KPIs without team adaptation. What risk does this present to organizational performance alignment?', 31, 1, true),
  ('10cb8574-bf8a-587f-26ef-20dfc16d0548'::uuid, 'e979cf82-30f3-2768-3891-b9cc5e51bde2'::uuid, '[Continuous Feedback & Coaching - Scenario 32] An HR manager notices that annual performance reviews suffer from recency bias. Which performance management mechanism best counteracts this issue?', 32, 1, true),
  ('203588f2-66bf-cd96-9859-76c682d8ee45'::uuid, 'e979cf82-30f3-2768-3891-b9cc5e51bde2'::uuid, '[Performance Appraisal Systems - Scenario 33] A multi-national corporation adopts a 360-degree feedback framework. To ensure confidentiality and psychological safety, how should peer feedback be handled?', 33, 1, true),
  ('9df6e0fb-753b-8773-cf0a-a0af1078b3b8'::uuid, 'e979cf82-30f3-2768-3891-b9cc5e51bde2'::uuid, '[Performance Improvement Plans (PIP) - Scenario 34] An employee with consistently declining performance metrics is placed on a 60-day PIP. What is the essential requirement for the PIP to be legally and ethically sound?', 34, 1, true),
  ('26246352-c52a-a323-4630-41cdf0aada48'::uuid, 'e979cf82-30f3-2768-3891-b9cc5e51bde2'::uuid, '[Incentives & Talent Development - Scenario 35] When designing a variable pay incentive structure linked to team performance, which principle ensures high motivation without encouraging toxic internal competition?', 35, 1, true),
  ('7f71c91c-04d8-5c42-c2cf-032bb03efa41'::uuid, 'e979cf82-30f3-2768-3891-b9cc5e51bde2'::uuid, '[Strategic Goal Alignment & OKRs - Scenario 36] During an annual strategic review, a department head attempts to cascade corporate Key Results directly into individual KPIs without team adaptation. What risk does this present to organizational performance alignment?', 36, 1, true),
  ('fb01fc84-f842-5ad3-824e-6ef4ad71c174'::uuid, 'e979cf82-30f3-2768-3891-b9cc5e51bde2'::uuid, '[Continuous Feedback & Coaching - Scenario 37] An HR manager notices that annual performance reviews suffer from recency bias. Which performance management mechanism best counteracts this issue?', 37, 1, true),
  ('f9024ade-0412-1eaf-e22c-431b2c4eddd8'::uuid, 'e979cf82-30f3-2768-3891-b9cc5e51bde2'::uuid, '[Performance Appraisal Systems - Scenario 38] A multi-national corporation adopts a 360-degree feedback framework. To ensure confidentiality and psychological safety, how should peer feedback be handled?', 38, 1, true),
  ('f7600435-ee7d-4377-2c52-736ab658b1b9'::uuid, 'e979cf82-30f3-2768-3891-b9cc5e51bde2'::uuid, '[Performance Improvement Plans (PIP) - Scenario 39] An employee with consistently declining performance metrics is placed on a 60-day PIP. What is the essential requirement for the PIP to be legally and ethically sound?', 39, 1, true),
  ('b08ff325-9073-45a8-9403-1d31aa3355b8'::uuid, 'e979cf82-30f3-2768-3891-b9cc5e51bde2'::uuid, '[Incentives & Talent Development - Scenario 40] When designing a variable pay incentive structure linked to team performance, which principle ensures high motivation without encouraging toxic internal competition?', 40, 1, true),
  ('867f8419-fb56-f32d-f889-9d7219f163b5'::uuid, 'e979cf82-30f3-2768-3891-b9cc5e51bde2'::uuid, '[Strategic Goal Alignment & OKRs - Scenario 41] During an annual strategic review, a department head attempts to cascade corporate Key Results directly into individual KPIs without team adaptation. What risk does this present to organizational performance alignment?', 41, 1, true),
  ('7ce53158-b57c-7d3b-2173-2004ca79a7b0'::uuid, 'e979cf82-30f3-2768-3891-b9cc5e51bde2'::uuid, '[Continuous Feedback & Coaching - Scenario 42] An HR manager notices that annual performance reviews suffer from recency bias. Which performance management mechanism best counteracts this issue?', 42, 1, true),
  ('e130d84b-ca60-31e6-ca92-05e05cceb6d7'::uuid, 'e979cf82-30f3-2768-3891-b9cc5e51bde2'::uuid, '[Performance Appraisal Systems - Scenario 43] A multi-national corporation adopts a 360-degree feedback framework. To ensure confidentiality and psychological safety, how should peer feedback be handled?', 43, 1, true),
  ('bedb9bdd-271b-d4d6-7cc9-a52a9e2b0754'::uuid, 'e979cf82-30f3-2768-3891-b9cc5e51bde2'::uuid, '[Performance Improvement Plans (PIP) - Scenario 44] An employee with consistently declining performance metrics is placed on a 60-day PIP. What is the essential requirement for the PIP to be legally and ethically sound?', 44, 1, true),
  ('af797a14-90eb-8b6b-c898-aa1ad79d725d'::uuid, 'e979cf82-30f3-2768-3891-b9cc5e51bde2'::uuid, '[Incentives & Talent Development - Scenario 45] When designing a variable pay incentive structure linked to team performance, which principle ensures high motivation without encouraging toxic internal competition?', 45, 1, true),
  ('360d5089-897f-deb5-397e-18221b0511ef'::uuid, 'e979cf82-30f3-2768-3891-b9cc5e51bde2'::uuid, '[Strategic Goal Alignment & OKRs - Scenario 46] During an annual strategic review, a department head attempts to cascade corporate Key Results directly into individual KPIs without team adaptation. What risk does this present to organizational performance alignment?', 46, 1, true),
  ('ce3eafaa-207f-d6f4-17e6-b345ab040615'::uuid, 'e979cf82-30f3-2768-3891-b9cc5e51bde2'::uuid, '[Continuous Feedback & Coaching - Scenario 47] An HR manager notices that annual performance reviews suffer from recency bias. Which performance management mechanism best counteracts this issue?', 47, 1, true),
  ('a46074b9-99a5-25b2-b5b1-dcabb0e0a60f'::uuid, 'e979cf82-30f3-2768-3891-b9cc5e51bde2'::uuid, '[Performance Appraisal Systems - Scenario 48] A multi-national corporation adopts a 360-degree feedback framework. To ensure confidentiality and psychological safety, how should peer feedback be handled?', 48, 1, true),
  ('9da45a65-1d36-b51a-5ba2-06b599669ef5'::uuid, 'e979cf82-30f3-2768-3891-b9cc5e51bde2'::uuid, '[Performance Improvement Plans (PIP) - Scenario 49] An employee with consistently declining performance metrics is placed on a 60-day PIP. What is the essential requirement for the PIP to be legally and ethically sound?', 49, 1, true),
  ('b68e91ec-5a2c-8663-03ca-e3fde7499563'::uuid, 'e979cf82-30f3-2768-3891-b9cc5e51bde2'::uuid, '[Incentives & Talent Development - Scenario 50] When designing a variable pay incentive structure linked to team performance, which principle ensures high motivation without encouraging toxic internal competition?', 50, 1, true)
on conflict (id) do update
set examination_id = excluded.examination_id,
    question_text = excluded.question_text,
    position = excluded.position,
    points = excluded.points,
    is_active = true,
    updated_at = now();

insert into public.question_options (id, question_id, option_text, position)
values
  ('ce5d51cf-8f79-229a-340a-3c62bfc9d088'::uuid, 'e73371a3-0e4a-e200-70c5-a1f549c66d32'::uuid, 'It creates rigid, siloed targets that reduce cross-functional agility and employee accountability.', 1),
  ('50ede746-8d9a-376b-17ed-ff64290a2ab2'::uuid, 'e73371a3-0e4a-e200-70c5-a1f549c66d32'::uuid, 'It guarantees automatic 100% compliance across all junior operational roles.', 2),
  ('38a4fc73-a0a0-ce09-42ec-1b2a62e78d08'::uuid, 'e73371a3-0e4a-e200-70c5-a1f549c66d32'::uuid, 'It eliminates the need for middle management performance appraisals.', 3),
  ('fd0abc3d-d2bb-01cd-7d79-74a699f29544'::uuid, 'e73371a3-0e4a-e200-70c5-a1f549c66d32'::uuid, 'It invalidates the organization''s financial budgeting cycle.', 4),
  ('f8fe629f-e459-6166-7498-da02268cfdf1'::uuid, '65e750ae-31da-1fb9-50df-86d17150c6e7'::uuid, 'Increasing the weight of peer reviews taken in the final month of the evaluation year.', 1),
  ('dc094e26-7225-39d3-5861-901c338dd9a9'::uuid, '65e750ae-31da-1fb9-50df-86d17150c6e7'::uuid, 'Implementing structured quarterly check-ins and continuous, real-time feedback logging.', 2),
  ('f72d9dac-f4a1-38ca-5fe6-2a5a87ea39e9'::uuid, '65e750ae-31da-1fb9-50df-86d17150c6e7'::uuid, 'Replacing numerical ratings with mandatory stack ranking systems.', 3),
  ('dec0ce50-2389-01f6-cf33-8e5745c58ab7'::uuid, '65e750ae-31da-1fb9-50df-86d17150c6e7'::uuid, 'Mandating that managers evaluate employees solely based on revenue generated in Q4.', 4),
  ('d1abd4e4-a311-a277-f4e4-ab793d7e0dde'::uuid, '02c67f10-6227-e56f-d3fa-0ae00c2e3e4d'::uuid, 'Shared openly in team town-hall sessions to promote total radical transparency.', 1),
  ('06ea4014-6008-c3b8-217e-4c37259ffbf6'::uuid, '02c67f10-6227-e56f-d3fa-0ae00c2e3e4d'::uuid, 'Sent directly to the board of directors for immediate compensation adjustments.', 2),
  ('1db98a1e-a553-5a0a-316c-97dd1dcca1f6'::uuid, '02c67f10-6227-e56f-d3fa-0ae00c2e3e4d'::uuid, 'Aggregated anonymously into thematic competencies rather than attributing individual quotes.', 3),
  ('7540593f-3413-a7df-7271-ea9c62d8d895'::uuid, '02c67f10-6227-e56f-d3fa-0ae00c2e3e4d'::uuid, 'Filtered exclusively by the employee''s direct manager without HR oversight.', 4),
  ('eeb85316-efed-45d5-afe5-64b1bd523cb3'::uuid, 'a87a740a-8101-27b5-a9da-b244f094f765'::uuid, 'An immediate 20% salary reduction during the trial period.', 1),
  ('dc905a0a-8336-2acd-f0c0-6fdb98140a9d'::uuid, 'a87a740a-8101-27b5-a9da-b244f094f765'::uuid, 'A mandatory requirement for the employee to work 15 additional overtime hours weekly.', 2),
  ('22ef15dc-edd9-423b-1a07-6de85a12aa92'::uuid, 'a87a740a-8101-27b5-a9da-b244f094f765'::uuid, 'A clause waiving the employee''s right to formal grievance procedures.', 3),
  ('d207975f-fdde-be6a-acdb-4884fdf103da'::uuid, 'a87a740a-8101-27b5-a9da-b244f094f765'::uuid, 'Clear, measurable target benchmarks, scheduled check-ins, and explicit organizational support resources.', 4),
  ('300b0fa5-643f-a8f2-b3b1-aa5a234b148c'::uuid, 'cc23a5bf-ee19-54f1-e8c4-8e935f2ca38f'::uuid, 'Balancing team-based metric bonuses with individual behavioral competency evaluations.', 1),
  ('16371c28-3b50-09bb-9f46-165534880dd0'::uuid, 'cc23a5bf-ee19-54f1-e8c4-8e935f2ca38f'::uuid, 'Allocating 100% of the bonus pool to the top 5% of performers regardless of team dynamics.', 2),
  ('babaf777-f963-29b8-5f19-842120dd1a9f'::uuid, 'cc23a5bf-ee19-54f1-e8c4-8e935f2ca38f'::uuid, 'Linking incentives solely to company-wide EBITDA without individual or team KPIs.', 3),
  ('fda70f23-5c9a-b488-500b-c5795c14f7d0'::uuid, 'cc23a5bf-ee19-54f1-e8c4-8e935f2ca38f'::uuid, 'Using forced-distribution bell curves to penalize the bottom 20% automatically.', 4),
  ('c75978d0-5070-99b2-9536-53417b86923f'::uuid, '42d9e23e-424f-6d51-9926-8548ceeb1998'::uuid, 'It guarantees automatic 100% compliance across all junior operational roles.', 1),
  ('c07307b0-e53b-22be-160f-6004aa57af24'::uuid, '42d9e23e-424f-6d51-9926-8548ceeb1998'::uuid, 'It creates rigid, siloed targets that reduce cross-functional agility and employee accountability.', 2),
  ('5eacb863-b69d-a022-d5fb-364c2d599590'::uuid, '42d9e23e-424f-6d51-9926-8548ceeb1998'::uuid, 'It eliminates the need for middle management performance appraisals.', 3),
  ('ef0a1c6e-0fae-7893-b5c6-eeae6c42deb0'::uuid, '42d9e23e-424f-6d51-9926-8548ceeb1998'::uuid, 'It invalidates the organization''s financial budgeting cycle.', 4),
  ('8650c7fe-59d9-3e62-a19b-5a54a1c1568a'::uuid, 'e1cc523f-b356-465b-7c26-b710feaf4f60'::uuid, 'Increasing the weight of peer reviews taken in the final month of the evaluation year.', 1),
  ('96ec6fdf-3455-d10e-0358-4c0f02751876'::uuid, 'e1cc523f-b356-465b-7c26-b710feaf4f60'::uuid, 'Replacing numerical ratings with mandatory stack ranking systems.', 2),
  ('985ad853-aa37-fce3-b662-8eda3e6f4af9'::uuid, 'e1cc523f-b356-465b-7c26-b710feaf4f60'::uuid, 'Implementing structured quarterly check-ins and continuous, real-time feedback logging.', 3),
  ('b749231e-ab0a-22b8-1b85-6d81c6946357'::uuid, 'e1cc523f-b356-465b-7c26-b710feaf4f60'::uuid, 'Mandating that managers evaluate employees solely based on revenue generated in Q4.', 4),
  ('ff8dd30c-8da4-d476-49dc-13c196cf9e35'::uuid, 'bcf49979-b15a-db6a-dcf4-6bd60a03dd88'::uuid, 'Shared openly in team town-hall sessions to promote total radical transparency.', 1),
  ('851f4529-a464-4036-7384-200e7d959bcf'::uuid, 'bcf49979-b15a-db6a-dcf4-6bd60a03dd88'::uuid, 'Sent directly to the board of directors for immediate compensation adjustments.', 2),
  ('b1e696e5-a6d4-45ea-1e5c-a967401014c4'::uuid, 'bcf49979-b15a-db6a-dcf4-6bd60a03dd88'::uuid, 'Filtered exclusively by the employee''s direct manager without HR oversight.', 3),
  ('fd7bc656-6b91-6a43-cf23-6d6ebf136bd2'::uuid, 'bcf49979-b15a-db6a-dcf4-6bd60a03dd88'::uuid, 'Aggregated anonymously into thematic competencies rather than attributing individual quotes.', 4),
  ('c03efb8f-2501-d0e1-13dd-a63d4abdc199'::uuid, '70a78944-1249-7908-45fc-936a9f463d69'::uuid, 'Clear, measurable target benchmarks, scheduled check-ins, and explicit organizational support resources.', 1),
  ('5c13b982-f2d4-bc75-746e-8a7f1c077407'::uuid, '70a78944-1249-7908-45fc-936a9f463d69'::uuid, 'An immediate 20% salary reduction during the trial period.', 2),
  ('3fa1b428-7b29-fdd0-ea21-7745e92cc62d'::uuid, '70a78944-1249-7908-45fc-936a9f463d69'::uuid, 'A mandatory requirement for the employee to work 15 additional overtime hours weekly.', 3),
  ('8b8a6b3b-dded-6b13-44bb-a441aa7f3c29'::uuid, '70a78944-1249-7908-45fc-936a9f463d69'::uuid, 'A clause waiving the employee''s right to formal grievance procedures.', 4),
  ('9f5117e4-4bc4-0f4e-691c-e5b079eec996'::uuid, '5d27481b-dcc4-400c-0d18-9b034fcb7fc1'::uuid, 'Allocating 100% of the bonus pool to the top 5% of performers regardless of team dynamics.', 1),
  ('a524ca06-e129-1938-f588-b25810c34b0e'::uuid, '5d27481b-dcc4-400c-0d18-9b034fcb7fc1'::uuid, 'Balancing team-based metric bonuses with individual behavioral competency evaluations.', 2),
  ('c98885fa-a261-8c8e-e998-f1ced6518860'::uuid, '5d27481b-dcc4-400c-0d18-9b034fcb7fc1'::uuid, 'Linking incentives solely to company-wide EBITDA without individual or team KPIs.', 3),
  ('1db89b34-46de-8394-ca50-ee152b3e5823'::uuid, '5d27481b-dcc4-400c-0d18-9b034fcb7fc1'::uuid, 'Using forced-distribution bell curves to penalize the bottom 20% automatically.', 4),
  ('de2ea3f3-6c8a-e1e3-1561-f7b07a252df7'::uuid, '3c0cc79c-e709-d870-c792-20c783bd2456'::uuid, 'It guarantees automatic 100% compliance across all junior operational roles.', 1),
  ('53e7a261-34b4-8af4-5d32-4c8c3f8a1f08'::uuid, '3c0cc79c-e709-d870-c792-20c783bd2456'::uuid, 'It eliminates the need for middle management performance appraisals.', 2),
  ('82f663a7-ebee-653d-9ace-60f2ac553f58'::uuid, '3c0cc79c-e709-d870-c792-20c783bd2456'::uuid, 'It creates rigid, siloed targets that reduce cross-functional agility and employee accountability.', 3),
  ('ff1ebe0c-873a-df3d-ba77-74bf2603f5eb'::uuid, '3c0cc79c-e709-d870-c792-20c783bd2456'::uuid, 'It invalidates the organization''s financial budgeting cycle.', 4),
  ('afdf237e-238e-1800-eff9-76330e30fcbd'::uuid, '8c0a1ee9-ae4e-d327-5bea-2f8ca552bcff'::uuid, 'Increasing the weight of peer reviews taken in the final month of the evaluation year.', 1),
  ('898f7732-7e1e-ebdc-7004-25dcbb54f0b4'::uuid, '8c0a1ee9-ae4e-d327-5bea-2f8ca552bcff'::uuid, 'Replacing numerical ratings with mandatory stack ranking systems.', 2),
  ('b1fec417-b55e-df8b-fbbc-104396057f15'::uuid, '8c0a1ee9-ae4e-d327-5bea-2f8ca552bcff'::uuid, 'Mandating that managers evaluate employees solely based on revenue generated in Q4.', 3),
  ('e62f1780-c67d-4b00-e08b-769383be61fd'::uuid, '8c0a1ee9-ae4e-d327-5bea-2f8ca552bcff'::uuid, 'Implementing structured quarterly check-ins and continuous, real-time feedback logging.', 4),
  ('2aa2edec-729d-8903-1105-9c819150e8b4'::uuid, 'd60df0a6-e033-f450-6d87-6610953fce0e'::uuid, 'Aggregated anonymously into thematic competencies rather than attributing individual quotes.', 1),
  ('f4f1938d-9802-bc3f-2f3f-b9365d506829'::uuid, 'd60df0a6-e033-f450-6d87-6610953fce0e'::uuid, 'Shared openly in team town-hall sessions to promote total radical transparency.', 2),
  ('cafaa2f5-b593-591a-8240-eca840e8dae1'::uuid, 'd60df0a6-e033-f450-6d87-6610953fce0e'::uuid, 'Sent directly to the board of directors for immediate compensation adjustments.', 3),
  ('c5fefa9e-4893-06ff-e960-f605db5b6e67'::uuid, 'd60df0a6-e033-f450-6d87-6610953fce0e'::uuid, 'Filtered exclusively by the employee''s direct manager without HR oversight.', 4),
  ('427fbb8e-4938-bf7a-e9bd-1d7b51b68584'::uuid, 'a4be8d10-0334-2f17-fe98-3331359a0da5'::uuid, 'An immediate 20% salary reduction during the trial period.', 1),
  ('37581939-7cef-77d7-98ac-ade784bcbba8'::uuid, 'a4be8d10-0334-2f17-fe98-3331359a0da5'::uuid, 'Clear, measurable target benchmarks, scheduled check-ins, and explicit organizational support resources.', 2),
  ('6557e756-3f9a-17a8-1aea-62aa62e196d3'::uuid, 'a4be8d10-0334-2f17-fe98-3331359a0da5'::uuid, 'A mandatory requirement for the employee to work 15 additional overtime hours weekly.', 3),
  ('fa8fefd5-8fea-dac5-6a7b-e5098f8bce7c'::uuid, 'a4be8d10-0334-2f17-fe98-3331359a0da5'::uuid, 'A clause waiving the employee''s right to formal grievance procedures.', 4),
  ('151e1827-8ff1-90a3-8c41-bfe346777af3'::uuid, '10810420-c6a9-f961-fad1-22da8775a3bb'::uuid, 'Allocating 100% of the bonus pool to the top 5% of performers regardless of team dynamics.', 1),
  ('658c31b4-feb6-c121-8218-2ef9e1f7e8b8'::uuid, '10810420-c6a9-f961-fad1-22da8775a3bb'::uuid, 'Linking incentives solely to company-wide EBITDA without individual or team KPIs.', 2),
  ('41375745-ced7-d427-22f0-273c024856bf'::uuid, '10810420-c6a9-f961-fad1-22da8775a3bb'::uuid, 'Balancing team-based metric bonuses with individual behavioral competency evaluations.', 3),
  ('243a0f93-eb97-6984-8302-9997fa044fc0'::uuid, '10810420-c6a9-f961-fad1-22da8775a3bb'::uuid, 'Using forced-distribution bell curves to penalize the bottom 20% automatically.', 4),
  ('684f41c5-69fd-1973-efb8-89a8ae1e1eae'::uuid, '124a5130-5dac-ee5c-acd8-62797e5c3d4c'::uuid, 'It guarantees automatic 100% compliance across all junior operational roles.', 1),
  ('84a935ce-4d68-ce8b-2205-ebbd446838cd'::uuid, '124a5130-5dac-ee5c-acd8-62797e5c3d4c'::uuid, 'It eliminates the need for middle management performance appraisals.', 2),
  ('596d2b40-8747-a61b-8a4e-1cd556b3007c'::uuid, '124a5130-5dac-ee5c-acd8-62797e5c3d4c'::uuid, 'It invalidates the organization''s financial budgeting cycle.', 3),
  ('1f249b22-4240-2a6e-622c-10418ccb814d'::uuid, '124a5130-5dac-ee5c-acd8-62797e5c3d4c'::uuid, 'It creates rigid, siloed targets that reduce cross-functional agility and employee accountability.', 4),
  ('b0b79cb3-e320-db08-9ccb-6b851c92b705'::uuid, '59c50a00-696a-0107-c8e6-53c0075459ee'::uuid, 'Implementing structured quarterly check-ins and continuous, real-time feedback logging.', 1),
  ('2f27fc54-9a17-8cac-f12f-533f98afd84c'::uuid, '59c50a00-696a-0107-c8e6-53c0075459ee'::uuid, 'Increasing the weight of peer reviews taken in the final month of the evaluation year.', 2),
  ('7531d013-0c42-0c40-f2dc-a56a54b357a6'::uuid, '59c50a00-696a-0107-c8e6-53c0075459ee'::uuid, 'Replacing numerical ratings with mandatory stack ranking systems.', 3),
  ('add60907-8508-6f4b-8166-812e7509d3df'::uuid, '59c50a00-696a-0107-c8e6-53c0075459ee'::uuid, 'Mandating that managers evaluate employees solely based on revenue generated in Q4.', 4),
  ('55d8ae4d-aea6-7584-3235-5bb8711bf536'::uuid, '3a899454-f612-7116-1233-0198c33842e0'::uuid, 'Shared openly in team town-hall sessions to promote total radical transparency.', 1),
  ('f86453e3-790f-153e-346f-989bccaa1eb9'::uuid, '3a899454-f612-7116-1233-0198c33842e0'::uuid, 'Aggregated anonymously into thematic competencies rather than attributing individual quotes.', 2),
  ('f532a379-cd40-25a2-09df-721baf95b9cd'::uuid, '3a899454-f612-7116-1233-0198c33842e0'::uuid, 'Sent directly to the board of directors for immediate compensation adjustments.', 3),
  ('810fe154-adbd-09e7-7ced-b3b5cccb925c'::uuid, '3a899454-f612-7116-1233-0198c33842e0'::uuid, 'Filtered exclusively by the employee''s direct manager without HR oversight.', 4),
  ('9cead874-0eda-4419-49f9-395f3582e39e'::uuid, '3ce0bcea-6b5c-4402-0cde-c9e836a72251'::uuid, 'An immediate 20% salary reduction during the trial period.', 1),
  ('42e68e65-d1aa-ea52-c65a-f27631bb2035'::uuid, '3ce0bcea-6b5c-4402-0cde-c9e836a72251'::uuid, 'A mandatory requirement for the employee to work 15 additional overtime hours weekly.', 2),
  ('5946beaa-cfd8-3cbe-a621-18dcd4e24465'::uuid, '3ce0bcea-6b5c-4402-0cde-c9e836a72251'::uuid, 'Clear, measurable target benchmarks, scheduled check-ins, and explicit organizational support resources.', 3),
  ('0ec79bcb-23e8-f968-1692-12a9f5edc8f9'::uuid, '3ce0bcea-6b5c-4402-0cde-c9e836a72251'::uuid, 'A clause waiving the employee''s right to formal grievance procedures.', 4),
  ('ff414cff-4069-2575-189f-e6f61a28186c'::uuid, 'c0fb8822-e929-b5fd-0a24-7f0df01cd38f'::uuid, 'Allocating 100% of the bonus pool to the top 5% of performers regardless of team dynamics.', 1),
  ('a583e32c-9118-152b-b71f-9f021144f98f'::uuid, 'c0fb8822-e929-b5fd-0a24-7f0df01cd38f'::uuid, 'Linking incentives solely to company-wide EBITDA without individual or team KPIs.', 2),
  ('41b75280-093d-a796-cb07-a6bb9849aee6'::uuid, 'c0fb8822-e929-b5fd-0a24-7f0df01cd38f'::uuid, 'Using forced-distribution bell curves to penalize the bottom 20% automatically.', 3),
  ('b4e101d2-d734-d564-8e20-3f61565c54b7'::uuid, 'c0fb8822-e929-b5fd-0a24-7f0df01cd38f'::uuid, 'Balancing team-based metric bonuses with individual behavioral competency evaluations.', 4),
  ('379ed304-1627-5f3a-3fbc-a3f6706f0f21'::uuid, 'c0f40e45-82b4-d9b7-400e-3009396418fc'::uuid, 'It creates rigid, siloed targets that reduce cross-functional agility and employee accountability.', 1),
  ('bf17a872-4229-07fe-184c-8271cd08e551'::uuid, 'c0f40e45-82b4-d9b7-400e-3009396418fc'::uuid, 'It guarantees automatic 100% compliance across all junior operational roles.', 2),
  ('87db4343-9f6b-f85a-0c5f-a474b23984ed'::uuid, 'c0f40e45-82b4-d9b7-400e-3009396418fc'::uuid, 'It eliminates the need for middle management performance appraisals.', 3),
  ('45020f33-001d-a2e2-60ea-f6716df8eded'::uuid, 'c0f40e45-82b4-d9b7-400e-3009396418fc'::uuid, 'It invalidates the organization''s financial budgeting cycle.', 4),
  ('a4fdca31-c2f9-13b7-1af4-502c0d0b8b6a'::uuid, '57b18934-0de5-e7a7-ca58-49952dd0dcae'::uuid, 'Increasing the weight of peer reviews taken in the final month of the evaluation year.', 1),
  ('23da3332-79e1-ccb1-9c61-a13a105f533b'::uuid, '57b18934-0de5-e7a7-ca58-49952dd0dcae'::uuid, 'Implementing structured quarterly check-ins and continuous, real-time feedback logging.', 2),
  ('6cb02132-79ee-24a4-9cea-cca66c3593dd'::uuid, '57b18934-0de5-e7a7-ca58-49952dd0dcae'::uuid, 'Replacing numerical ratings with mandatory stack ranking systems.', 3),
  ('45967cca-5663-6543-468f-95af809808c3'::uuid, '57b18934-0de5-e7a7-ca58-49952dd0dcae'::uuid, 'Mandating that managers evaluate employees solely based on revenue generated in Q4.', 4),
  ('0e1c19bb-a1a0-75d8-8819-ac78b90501eb'::uuid, '8438dc1a-fab7-4090-3582-4f94e205e43f'::uuid, 'Shared openly in team town-hall sessions to promote total radical transparency.', 1),
  ('a42e26c9-bed0-e171-5a1c-e04a950ddd11'::uuid, '8438dc1a-fab7-4090-3582-4f94e205e43f'::uuid, 'Sent directly to the board of directors for immediate compensation adjustments.', 2),
  ('d71f7f3f-6142-4d9b-b8f0-9cf8963615ea'::uuid, '8438dc1a-fab7-4090-3582-4f94e205e43f'::uuid, 'Aggregated anonymously into thematic competencies rather than attributing individual quotes.', 3),
  ('0e052991-2117-3efd-5189-04a7d0129e6e'::uuid, '8438dc1a-fab7-4090-3582-4f94e205e43f'::uuid, 'Filtered exclusively by the employee''s direct manager without HR oversight.', 4),
  ('f246f4b8-dec7-c092-fff8-5a9594d7cfe2'::uuid, 'c48f75f8-08ab-3af5-5a7a-f4ccf31bab53'::uuid, 'An immediate 20% salary reduction during the trial period.', 1),
  ('6cdafc8e-b8fb-8ecb-0839-e610ce6eff11'::uuid, 'c48f75f8-08ab-3af5-5a7a-f4ccf31bab53'::uuid, 'A mandatory requirement for the employee to work 15 additional overtime hours weekly.', 2),
  ('7b3129b0-32e6-d04a-d025-8397bee8f6c0'::uuid, 'c48f75f8-08ab-3af5-5a7a-f4ccf31bab53'::uuid, 'A clause waiving the employee''s right to formal grievance procedures.', 3),
  ('db94f9b7-740b-67ea-02c0-051520dd5c8d'::uuid, 'c48f75f8-08ab-3af5-5a7a-f4ccf31bab53'::uuid, 'Clear, measurable target benchmarks, scheduled check-ins, and explicit organizational support resources.', 4),
  ('24e1f8d7-4f71-164c-7ec0-ab13d37ef015'::uuid, '3db35699-17d3-29c6-63ec-fdf853ccd48f'::uuid, 'Balancing team-based metric bonuses with individual behavioral competency evaluations.', 1),
  ('85c96def-683b-5988-c34a-481c594497d7'::uuid, '3db35699-17d3-29c6-63ec-fdf853ccd48f'::uuid, 'Allocating 100% of the bonus pool to the top 5% of performers regardless of team dynamics.', 2),
  ('0ab0a4e0-b95c-328c-ed9c-ad6d1993398d'::uuid, '3db35699-17d3-29c6-63ec-fdf853ccd48f'::uuid, 'Linking incentives solely to company-wide EBITDA without individual or team KPIs.', 3),
  ('acec80c3-7247-9e85-e881-eab8f814bea1'::uuid, '3db35699-17d3-29c6-63ec-fdf853ccd48f'::uuid, 'Using forced-distribution bell curves to penalize the bottom 20% automatically.', 4),
  ('72519458-7da4-34f4-10e4-8fc9b73295fb'::uuid, 'ee9787b5-6ffa-b249-e947-e01fca85eecb'::uuid, 'It guarantees automatic 100% compliance across all junior operational roles.', 1),
  ('85f8eb0d-5742-35da-814a-2f7fcb9bb2cb'::uuid, 'ee9787b5-6ffa-b249-e947-e01fca85eecb'::uuid, 'It creates rigid, siloed targets that reduce cross-functional agility and employee accountability.', 2),
  ('b4840ce9-0658-2c07-4be1-ca68e709e495'::uuid, 'ee9787b5-6ffa-b249-e947-e01fca85eecb'::uuid, 'It eliminates the need for middle management performance appraisals.', 3),
  ('e2186fb1-dbf9-daa6-00ff-1158ba2f3e90'::uuid, 'ee9787b5-6ffa-b249-e947-e01fca85eecb'::uuid, 'It invalidates the organization''s financial budgeting cycle.', 4),
  ('fd858505-86c8-ea32-83d1-a5227ad73db8'::uuid, 'a4cd40cd-e727-8054-4ae8-0bb8a2145242'::uuid, 'Increasing the weight of peer reviews taken in the final month of the evaluation year.', 1),
  ('03db1511-277e-8111-639d-43f0aed178f1'::uuid, 'a4cd40cd-e727-8054-4ae8-0bb8a2145242'::uuid, 'Replacing numerical ratings with mandatory stack ranking systems.', 2),
  ('c5ca2662-92b9-2209-0d57-a9fe7d8b94a7'::uuid, 'a4cd40cd-e727-8054-4ae8-0bb8a2145242'::uuid, 'Implementing structured quarterly check-ins and continuous, real-time feedback logging.', 3),
  ('e7c827d3-4c19-5a94-3e61-9bccc5148b74'::uuid, 'a4cd40cd-e727-8054-4ae8-0bb8a2145242'::uuid, 'Mandating that managers evaluate employees solely based on revenue generated in Q4.', 4),
  ('ac84d949-8dd9-a261-b3a0-baccfe5554ac'::uuid, '309ae10d-3b3f-6ff5-554b-90430d1e3175'::uuid, 'Shared openly in team town-hall sessions to promote total radical transparency.', 1),
  ('59e1eafe-808a-329a-6cfa-f6a29c803031'::uuid, '309ae10d-3b3f-6ff5-554b-90430d1e3175'::uuid, 'Sent directly to the board of directors for immediate compensation adjustments.', 2),
  ('e8e8b2ea-7cac-ebf1-7525-83ee07e6ffaf'::uuid, '309ae10d-3b3f-6ff5-554b-90430d1e3175'::uuid, 'Filtered exclusively by the employee''s direct manager without HR oversight.', 3),
  ('f47ef802-c670-2cd4-deae-04f9cb099bf7'::uuid, '309ae10d-3b3f-6ff5-554b-90430d1e3175'::uuid, 'Aggregated anonymously into thematic competencies rather than attributing individual quotes.', 4),
  ('a69257a5-854d-aa51-26f4-5e73f3056bec'::uuid, 'ac9caea2-d194-94ba-c5cb-a6cc2eb34f33'::uuid, 'Clear, measurable target benchmarks, scheduled check-ins, and explicit organizational support resources.', 1),
  ('b090e197-a1df-a332-f87d-b30c778f7e87'::uuid, 'ac9caea2-d194-94ba-c5cb-a6cc2eb34f33'::uuid, 'An immediate 20% salary reduction during the trial period.', 2),
  ('8f0fe64e-5e17-0d3e-f5f5-223f8c48674b'::uuid, 'ac9caea2-d194-94ba-c5cb-a6cc2eb34f33'::uuid, 'A mandatory requirement for the employee to work 15 additional overtime hours weekly.', 3),
  ('b89de4b6-b62c-69fb-3083-7c7c68440ef2'::uuid, 'ac9caea2-d194-94ba-c5cb-a6cc2eb34f33'::uuid, 'A clause waiving the employee''s right to formal grievance procedures.', 4),
  ('01d67fe4-ab58-7e43-e60d-51f306c93521'::uuid, '3a574cd1-875f-cb56-b34f-eaa874c4792f'::uuid, 'Allocating 100% of the bonus pool to the top 5% of performers regardless of team dynamics.', 1),
  ('b5e708de-44cd-507e-2f6a-afceaf5345e1'::uuid, '3a574cd1-875f-cb56-b34f-eaa874c4792f'::uuid, 'Balancing team-based metric bonuses with individual behavioral competency evaluations.', 2),
  ('686d333c-8405-54df-d413-6e841bf1dd13'::uuid, '3a574cd1-875f-cb56-b34f-eaa874c4792f'::uuid, 'Linking incentives solely to company-wide EBITDA without individual or team KPIs.', 3),
  ('2f82e028-b96d-e962-4027-cf98576a31d8'::uuid, '3a574cd1-875f-cb56-b34f-eaa874c4792f'::uuid, 'Using forced-distribution bell curves to penalize the bottom 20% automatically.', 4),
  ('de63aac7-7da3-1509-6b73-d0f4a03b044c'::uuid, 'b77e0c53-4755-4d02-3d5a-574bbdd26607'::uuid, 'It guarantees automatic 100% compliance across all junior operational roles.', 1),
  ('b867c054-ecee-e2a7-6807-5a73d694d0d2'::uuid, 'b77e0c53-4755-4d02-3d5a-574bbdd26607'::uuid, 'It eliminates the need for middle management performance appraisals.', 2),
  ('b9f2eebc-3ad4-09b7-e93b-007350b789b8'::uuid, 'b77e0c53-4755-4d02-3d5a-574bbdd26607'::uuid, 'It creates rigid, siloed targets that reduce cross-functional agility and employee accountability.', 3),
  ('6ae8d5aa-31b6-9240-b251-bb336378e426'::uuid, 'b77e0c53-4755-4d02-3d5a-574bbdd26607'::uuid, 'It invalidates the organization''s financial budgeting cycle.', 4),
  ('edda6a0c-b8f6-1a5d-b5c5-b69c56916f66'::uuid, '10cb8574-bf8a-587f-26ef-20dfc16d0548'::uuid, 'Increasing the weight of peer reviews taken in the final month of the evaluation year.', 1),
  ('e378eb7d-3450-3866-7111-2fa15b3f409e'::uuid, '10cb8574-bf8a-587f-26ef-20dfc16d0548'::uuid, 'Replacing numerical ratings with mandatory stack ranking systems.', 2),
  ('2939af41-d68e-664a-7f85-4119864016f2'::uuid, '10cb8574-bf8a-587f-26ef-20dfc16d0548'::uuid, 'Mandating that managers evaluate employees solely based on revenue generated in Q4.', 3),
  ('a3580671-2190-93de-0597-aaae1af8ff50'::uuid, '10cb8574-bf8a-587f-26ef-20dfc16d0548'::uuid, 'Implementing structured quarterly check-ins and continuous, real-time feedback logging.', 4),
  ('70042d81-f62a-4375-629d-7c8982a51212'::uuid, '203588f2-66bf-cd96-9859-76c682d8ee45'::uuid, 'Aggregated anonymously into thematic competencies rather than attributing individual quotes.', 1),
  ('f6f070dc-12cc-ab08-0e56-e960c7b3dda2'::uuid, '203588f2-66bf-cd96-9859-76c682d8ee45'::uuid, 'Shared openly in team town-hall sessions to promote total radical transparency.', 2),
  ('0eae2d6e-d071-a70c-729a-daf0ccdae6e7'::uuid, '203588f2-66bf-cd96-9859-76c682d8ee45'::uuid, 'Sent directly to the board of directors for immediate compensation adjustments.', 3),
  ('fc5bcd01-35da-eccd-5d99-1d66294ff413'::uuid, '203588f2-66bf-cd96-9859-76c682d8ee45'::uuid, 'Filtered exclusively by the employee''s direct manager without HR oversight.', 4),
  ('d9d67ec6-96bc-8cb9-27ce-2f141210cf24'::uuid, '9df6e0fb-753b-8773-cf0a-a0af1078b3b8'::uuid, 'An immediate 20% salary reduction during the trial period.', 1),
  ('588d5a99-bb92-175c-359b-d15ed4226d84'::uuid, '9df6e0fb-753b-8773-cf0a-a0af1078b3b8'::uuid, 'Clear, measurable target benchmarks, scheduled check-ins, and explicit organizational support resources.', 2),
  ('b4dd70b8-2dda-3919-d946-75d29eada7a0'::uuid, '9df6e0fb-753b-8773-cf0a-a0af1078b3b8'::uuid, 'A mandatory requirement for the employee to work 15 additional overtime hours weekly.', 3),
  ('52570ab8-d79a-4e2a-266f-ad11c5d59d3d'::uuid, '9df6e0fb-753b-8773-cf0a-a0af1078b3b8'::uuid, 'A clause waiving the employee''s right to formal grievance procedures.', 4),
  ('8fd24167-89c9-90cf-b01f-6f383deed074'::uuid, '26246352-c52a-a323-4630-41cdf0aada48'::uuid, 'Allocating 100% of the bonus pool to the top 5% of performers regardless of team dynamics.', 1),
  ('3d4c66be-36a7-4284-d8cc-d069ca606b80'::uuid, '26246352-c52a-a323-4630-41cdf0aada48'::uuid, 'Linking incentives solely to company-wide EBITDA without individual or team KPIs.', 2),
  ('a7b0baaa-b9ae-d251-6a31-b795fdf81332'::uuid, '26246352-c52a-a323-4630-41cdf0aada48'::uuid, 'Balancing team-based metric bonuses with individual behavioral competency evaluations.', 3),
  ('2aa3a412-561a-4bc2-a212-619d5cb7b1ab'::uuid, '26246352-c52a-a323-4630-41cdf0aada48'::uuid, 'Using forced-distribution bell curves to penalize the bottom 20% automatically.', 4),
  ('68668762-0e2c-02f0-7bee-e7c1f7121117'::uuid, '7f71c91c-04d8-5c42-c2cf-032bb03efa41'::uuid, 'It guarantees automatic 100% compliance across all junior operational roles.', 1),
  ('8a036dac-e92b-9268-3ac0-c760b6584910'::uuid, '7f71c91c-04d8-5c42-c2cf-032bb03efa41'::uuid, 'It eliminates the need for middle management performance appraisals.', 2),
  ('cde1d9af-cab8-5dc4-e6c6-1121125d67b3'::uuid, '7f71c91c-04d8-5c42-c2cf-032bb03efa41'::uuid, 'It invalidates the organization''s financial budgeting cycle.', 3),
  ('aeeaff9c-06f7-e7b3-295e-3f4a659cf65d'::uuid, '7f71c91c-04d8-5c42-c2cf-032bb03efa41'::uuid, 'It creates rigid, siloed targets that reduce cross-functional agility and employee accountability.', 4),
  ('8c120a7a-a5ee-be43-c15c-c8dd7ed2b95b'::uuid, 'fb01fc84-f842-5ad3-824e-6ef4ad71c174'::uuid, 'Implementing structured quarterly check-ins and continuous, real-time feedback logging.', 1),
  ('139c32b9-6582-f91f-262e-402b77ded6be'::uuid, 'fb01fc84-f842-5ad3-824e-6ef4ad71c174'::uuid, 'Increasing the weight of peer reviews taken in the final month of the evaluation year.', 2),
  ('76dc1d8d-bf98-c607-1aa1-c8115250e3fd'::uuid, 'fb01fc84-f842-5ad3-824e-6ef4ad71c174'::uuid, 'Replacing numerical ratings with mandatory stack ranking systems.', 3),
  ('9d8332ab-fad0-629a-a85b-3313358948cd'::uuid, 'fb01fc84-f842-5ad3-824e-6ef4ad71c174'::uuid, 'Mandating that managers evaluate employees solely based on revenue generated in Q4.', 4),
  ('43e8d616-caf3-d7bc-ae99-b9cbdd2ce022'::uuid, 'f9024ade-0412-1eaf-e22c-431b2c4eddd8'::uuid, 'Shared openly in team town-hall sessions to promote total radical transparency.', 1),
  ('8a094e38-7731-7c9b-8c39-10c52f41f594'::uuid, 'f9024ade-0412-1eaf-e22c-431b2c4eddd8'::uuid, 'Aggregated anonymously into thematic competencies rather than attributing individual quotes.', 2),
  ('76815c4c-472f-76f8-a0bd-996307a909bf'::uuid, 'f9024ade-0412-1eaf-e22c-431b2c4eddd8'::uuid, 'Sent directly to the board of directors for immediate compensation adjustments.', 3),
  ('a1274eb5-fdb7-d161-8642-aac60ef6c73c'::uuid, 'f9024ade-0412-1eaf-e22c-431b2c4eddd8'::uuid, 'Filtered exclusively by the employee''s direct manager without HR oversight.', 4),
  ('03eb9e6a-98d2-0b74-4beb-0e7697f7bdb1'::uuid, 'f7600435-ee7d-4377-2c52-736ab658b1b9'::uuid, 'An immediate 20% salary reduction during the trial period.', 1),
  ('902a8ba5-76d4-423e-b4dc-3f8e06681f70'::uuid, 'f7600435-ee7d-4377-2c52-736ab658b1b9'::uuid, 'A mandatory requirement for the employee to work 15 additional overtime hours weekly.', 2),
  ('ceba43a6-ba3e-80b7-12c9-2b4ebc266eab'::uuid, 'f7600435-ee7d-4377-2c52-736ab658b1b9'::uuid, 'Clear, measurable target benchmarks, scheduled check-ins, and explicit organizational support resources.', 3),
  ('537fcf97-6e36-b405-2023-44d888c7232e'::uuid, 'f7600435-ee7d-4377-2c52-736ab658b1b9'::uuid, 'A clause waiving the employee''s right to formal grievance procedures.', 4),
  ('04613c6e-c89a-6524-0786-c094008a18d6'::uuid, 'b08ff325-9073-45a8-9403-1d31aa3355b8'::uuid, 'Allocating 100% of the bonus pool to the top 5% of performers regardless of team dynamics.', 1),
  ('d6cbd67e-ed98-9d4b-c18b-d0c8f7a936f3'::uuid, 'b08ff325-9073-45a8-9403-1d31aa3355b8'::uuid, 'Linking incentives solely to company-wide EBITDA without individual or team KPIs.', 2),
  ('5087dd7b-adda-82ba-f474-e8979f739360'::uuid, 'b08ff325-9073-45a8-9403-1d31aa3355b8'::uuid, 'Using forced-distribution bell curves to penalize the bottom 20% automatically.', 3),
  ('e19545b2-bb7e-455b-66d2-38aa9824ce62'::uuid, 'b08ff325-9073-45a8-9403-1d31aa3355b8'::uuid, 'Balancing team-based metric bonuses with individual behavioral competency evaluations.', 4),
  ('b8bd182f-83a4-b33c-8e0e-c91d47cbd440'::uuid, '867f8419-fb56-f32d-f889-9d7219f163b5'::uuid, 'It creates rigid, siloed targets that reduce cross-functional agility and employee accountability.', 1),
  ('544514bc-2533-b2a0-7eef-f93470a8e618'::uuid, '867f8419-fb56-f32d-f889-9d7219f163b5'::uuid, 'It guarantees automatic 100% compliance across all junior operational roles.', 2),
  ('9d41b98a-855d-ca1e-3259-0be5653b5dae'::uuid, '867f8419-fb56-f32d-f889-9d7219f163b5'::uuid, 'It eliminates the need for middle management performance appraisals.', 3),
  ('072051ce-884f-39eb-9718-1a55a7971531'::uuid, '867f8419-fb56-f32d-f889-9d7219f163b5'::uuid, 'It invalidates the organization''s financial budgeting cycle.', 4),
  ('fae11789-5eb7-58af-2f61-a11a968082dc'::uuid, '7ce53158-b57c-7d3b-2173-2004ca79a7b0'::uuid, 'Increasing the weight of peer reviews taken in the final month of the evaluation year.', 1),
  ('ab238258-c809-6c9f-8f57-097ba53afa1d'::uuid, '7ce53158-b57c-7d3b-2173-2004ca79a7b0'::uuid, 'Implementing structured quarterly check-ins and continuous, real-time feedback logging.', 2),
  ('69418e95-6c7d-7b5e-5045-987ff57affa9'::uuid, '7ce53158-b57c-7d3b-2173-2004ca79a7b0'::uuid, 'Replacing numerical ratings with mandatory stack ranking systems.', 3),
  ('639db36d-ccae-e44b-267f-5f96813df788'::uuid, '7ce53158-b57c-7d3b-2173-2004ca79a7b0'::uuid, 'Mandating that managers evaluate employees solely based on revenue generated in Q4.', 4),
  ('cfafcd04-a745-5b6b-d860-0473c17ecc1f'::uuid, 'e130d84b-ca60-31e6-ca92-05e05cceb6d7'::uuid, 'Shared openly in team town-hall sessions to promote total radical transparency.', 1),
  ('49a4e2b6-4b72-e5db-4fa7-0f6bf841da64'::uuid, 'e130d84b-ca60-31e6-ca92-05e05cceb6d7'::uuid, 'Sent directly to the board of directors for immediate compensation adjustments.', 2),
  ('c1b4eb0b-fac2-3ad5-b3dd-94e2a3bfa54d'::uuid, 'e130d84b-ca60-31e6-ca92-05e05cceb6d7'::uuid, 'Aggregated anonymously into thematic competencies rather than attributing individual quotes.', 3),
  ('1f52bcdd-3dd4-b604-1c25-bcced01e8777'::uuid, 'e130d84b-ca60-31e6-ca92-05e05cceb6d7'::uuid, 'Filtered exclusively by the employee''s direct manager without HR oversight.', 4),
  ('44afcdb3-0bb2-1d00-1e3f-890ddbdeec1f'::uuid, 'bedb9bdd-271b-d4d6-7cc9-a52a9e2b0754'::uuid, 'An immediate 20% salary reduction during the trial period.', 1),
  ('e4ac455f-087a-a8c9-2518-db16adb77c1a'::uuid, 'bedb9bdd-271b-d4d6-7cc9-a52a9e2b0754'::uuid, 'A mandatory requirement for the employee to work 15 additional overtime hours weekly.', 2),
  ('16d80ad3-2318-7c17-aa98-96b514d72b09'::uuid, 'bedb9bdd-271b-d4d6-7cc9-a52a9e2b0754'::uuid, 'A clause waiving the employee''s right to formal grievance procedures.', 3),
  ('940d93fa-5bb2-c0f7-18b1-b7e2f501ec66'::uuid, 'bedb9bdd-271b-d4d6-7cc9-a52a9e2b0754'::uuid, 'Clear, measurable target benchmarks, scheduled check-ins, and explicit organizational support resources.', 4),
  ('06a31521-4751-b0f7-7020-d0e45ef25440'::uuid, 'af797a14-90eb-8b6b-c898-aa1ad79d725d'::uuid, 'Balancing team-based metric bonuses with individual behavioral competency evaluations.', 1),
  ('9baeff22-d2a1-6958-ca8a-1aeb8b66910e'::uuid, 'af797a14-90eb-8b6b-c898-aa1ad79d725d'::uuid, 'Allocating 100% of the bonus pool to the top 5% of performers regardless of team dynamics.', 2),
  ('c209862b-106c-7ce1-9799-f2655b6b7281'::uuid, 'af797a14-90eb-8b6b-c898-aa1ad79d725d'::uuid, 'Linking incentives solely to company-wide EBITDA without individual or team KPIs.', 3),
  ('9e6e75e2-f76a-2328-3c47-31ed28aca7ac'::uuid, 'af797a14-90eb-8b6b-c898-aa1ad79d725d'::uuid, 'Using forced-distribution bell curves to penalize the bottom 20% automatically.', 4),
  ('5bd88d5e-114a-30c6-5478-47bf8bfb549b'::uuid, '360d5089-897f-deb5-397e-18221b0511ef'::uuid, 'It guarantees automatic 100% compliance across all junior operational roles.', 1),
  ('5d4b32b7-c3f0-533a-d52f-d6b8723c89c8'::uuid, '360d5089-897f-deb5-397e-18221b0511ef'::uuid, 'It creates rigid, siloed targets that reduce cross-functional agility and employee accountability.', 2),
  ('c6c25dea-6e58-a30c-64f7-151a67225b42'::uuid, '360d5089-897f-deb5-397e-18221b0511ef'::uuid, 'It eliminates the need for middle management performance appraisals.', 3),
  ('d95a1007-d2bf-ca03-51ae-19378f9de8f7'::uuid, '360d5089-897f-deb5-397e-18221b0511ef'::uuid, 'It invalidates the organization''s financial budgeting cycle.', 4),
  ('a60e8668-e624-4e9d-452b-312091df2570'::uuid, 'ce3eafaa-207f-d6f4-17e6-b345ab040615'::uuid, 'Increasing the weight of peer reviews taken in the final month of the evaluation year.', 1),
  ('42de8e08-adf0-2a88-588d-e68970363d22'::uuid, 'ce3eafaa-207f-d6f4-17e6-b345ab040615'::uuid, 'Replacing numerical ratings with mandatory stack ranking systems.', 2),
  ('9760a93b-e6c3-5fe2-a51e-150156ac896f'::uuid, 'ce3eafaa-207f-d6f4-17e6-b345ab040615'::uuid, 'Implementing structured quarterly check-ins and continuous, real-time feedback logging.', 3),
  ('511a27ee-0faf-532d-1c18-07e48ee5822e'::uuid, 'ce3eafaa-207f-d6f4-17e6-b345ab040615'::uuid, 'Mandating that managers evaluate employees solely based on revenue generated in Q4.', 4),
  ('df8e6df4-661c-a14c-4f89-06cf4a89c67d'::uuid, 'a46074b9-99a5-25b2-b5b1-dcabb0e0a60f'::uuid, 'Shared openly in team town-hall sessions to promote total radical transparency.', 1),
  ('2348ef30-e9cf-b078-aa2d-f88a3ede3030'::uuid, 'a46074b9-99a5-25b2-b5b1-dcabb0e0a60f'::uuid, 'Sent directly to the board of directors for immediate compensation adjustments.', 2),
  ('b97d673b-7d27-443f-660e-5d137922f0e1'::uuid, 'a46074b9-99a5-25b2-b5b1-dcabb0e0a60f'::uuid, 'Filtered exclusively by the employee''s direct manager without HR oversight.', 3),
  ('9a779270-f627-8d96-deb4-b8bfaeff3226'::uuid, 'a46074b9-99a5-25b2-b5b1-dcabb0e0a60f'::uuid, 'Aggregated anonymously into thematic competencies rather than attributing individual quotes.', 4),
  ('a55478b8-adff-eafa-406c-55315ad1451c'::uuid, '9da45a65-1d36-b51a-5ba2-06b599669ef5'::uuid, 'Clear, measurable target benchmarks, scheduled check-ins, and explicit organizational support resources.', 1),
  ('d411b60a-5191-377d-87ae-3aedd3c3c5dd'::uuid, '9da45a65-1d36-b51a-5ba2-06b599669ef5'::uuid, 'An immediate 20% salary reduction during the trial period.', 2),
  ('82daf981-1a4f-4c98-7e6e-3378f1f283af'::uuid, '9da45a65-1d36-b51a-5ba2-06b599669ef5'::uuid, 'A mandatory requirement for the employee to work 15 additional overtime hours weekly.', 3),
  ('b591c9d9-b865-eb30-66a1-a698f73f7ea9'::uuid, '9da45a65-1d36-b51a-5ba2-06b599669ef5'::uuid, 'A clause waiving the employee''s right to formal grievance procedures.', 4),
  ('e0b6c840-8731-dd00-2a8a-08479b18aaaf'::uuid, 'b68e91ec-5a2c-8663-03ca-e3fde7499563'::uuid, 'Allocating 100% of the bonus pool to the top 5% of performers regardless of team dynamics.', 1),
  ('fd78b3fc-b7d0-d885-9a48-ef176add1cc8'::uuid, 'b68e91ec-5a2c-8663-03ca-e3fde7499563'::uuid, 'Balancing team-based metric bonuses with individual behavioral competency evaluations.', 2),
  ('1e27d4c2-3bd2-acc8-a4ab-5439031db9bd'::uuid, 'b68e91ec-5a2c-8663-03ca-e3fde7499563'::uuid, 'Linking incentives solely to company-wide EBITDA without individual or team KPIs.', 3),
  ('82c66ed8-8344-5359-e276-6bc96cd519da'::uuid, 'b68e91ec-5a2c-8663-03ca-e3fde7499563'::uuid, 'Using forced-distribution bell curves to penalize the bottom 20% automatically.', 4)
on conflict (id) do update
set question_id = excluded.question_id,
    option_text = excluded.option_text,
    position = excluded.position;

insert into public.question_answer_keys (question_id, correct_option_id)
values
  ('e73371a3-0e4a-e200-70c5-a1f549c66d32'::uuid, 'ce5d51cf-8f79-229a-340a-3c62bfc9d088'::uuid),
  ('65e750ae-31da-1fb9-50df-86d17150c6e7'::uuid, 'dc094e26-7225-39d3-5861-901c338dd9a9'::uuid),
  ('02c67f10-6227-e56f-d3fa-0ae00c2e3e4d'::uuid, '1db98a1e-a553-5a0a-316c-97dd1dcca1f6'::uuid),
  ('a87a740a-8101-27b5-a9da-b244f094f765'::uuid, 'd207975f-fdde-be6a-acdb-4884fdf103da'::uuid),
  ('cc23a5bf-ee19-54f1-e8c4-8e935f2ca38f'::uuid, '300b0fa5-643f-a8f2-b3b1-aa5a234b148c'::uuid),
  ('42d9e23e-424f-6d51-9926-8548ceeb1998'::uuid, 'c07307b0-e53b-22be-160f-6004aa57af24'::uuid),
  ('e1cc523f-b356-465b-7c26-b710feaf4f60'::uuid, '985ad853-aa37-fce3-b662-8eda3e6f4af9'::uuid),
  ('bcf49979-b15a-db6a-dcf4-6bd60a03dd88'::uuid, 'fd7bc656-6b91-6a43-cf23-6d6ebf136bd2'::uuid),
  ('70a78944-1249-7908-45fc-936a9f463d69'::uuid, 'c03efb8f-2501-d0e1-13dd-a63d4abdc199'::uuid),
  ('5d27481b-dcc4-400c-0d18-9b034fcb7fc1'::uuid, 'a524ca06-e129-1938-f588-b25810c34b0e'::uuid),
  ('3c0cc79c-e709-d870-c792-20c783bd2456'::uuid, '82f663a7-ebee-653d-9ace-60f2ac553f58'::uuid),
  ('8c0a1ee9-ae4e-d327-5bea-2f8ca552bcff'::uuid, 'e62f1780-c67d-4b00-e08b-769383be61fd'::uuid),
  ('d60df0a6-e033-f450-6d87-6610953fce0e'::uuid, '2aa2edec-729d-8903-1105-9c819150e8b4'::uuid),
  ('a4be8d10-0334-2f17-fe98-3331359a0da5'::uuid, '37581939-7cef-77d7-98ac-ade784bcbba8'::uuid),
  ('10810420-c6a9-f961-fad1-22da8775a3bb'::uuid, '41375745-ced7-d427-22f0-273c024856bf'::uuid),
  ('124a5130-5dac-ee5c-acd8-62797e5c3d4c'::uuid, '1f249b22-4240-2a6e-622c-10418ccb814d'::uuid),
  ('59c50a00-696a-0107-c8e6-53c0075459ee'::uuid, 'b0b79cb3-e320-db08-9ccb-6b851c92b705'::uuid),
  ('3a899454-f612-7116-1233-0198c33842e0'::uuid, 'f86453e3-790f-153e-346f-989bccaa1eb9'::uuid),
  ('3ce0bcea-6b5c-4402-0cde-c9e836a72251'::uuid, '5946beaa-cfd8-3cbe-a621-18dcd4e24465'::uuid),
  ('c0fb8822-e929-b5fd-0a24-7f0df01cd38f'::uuid, 'b4e101d2-d734-d564-8e20-3f61565c54b7'::uuid),
  ('c0f40e45-82b4-d9b7-400e-3009396418fc'::uuid, '379ed304-1627-5f3a-3fbc-a3f6706f0f21'::uuid),
  ('57b18934-0de5-e7a7-ca58-49952dd0dcae'::uuid, '23da3332-79e1-ccb1-9c61-a13a105f533b'::uuid),
  ('8438dc1a-fab7-4090-3582-4f94e205e43f'::uuid, 'd71f7f3f-6142-4d9b-b8f0-9cf8963615ea'::uuid),
  ('c48f75f8-08ab-3af5-5a7a-f4ccf31bab53'::uuid, 'db94f9b7-740b-67ea-02c0-051520dd5c8d'::uuid),
  ('3db35699-17d3-29c6-63ec-fdf853ccd48f'::uuid, '24e1f8d7-4f71-164c-7ec0-ab13d37ef015'::uuid),
  ('ee9787b5-6ffa-b249-e947-e01fca85eecb'::uuid, '85f8eb0d-5742-35da-814a-2f7fcb9bb2cb'::uuid),
  ('a4cd40cd-e727-8054-4ae8-0bb8a2145242'::uuid, 'c5ca2662-92b9-2209-0d57-a9fe7d8b94a7'::uuid),
  ('309ae10d-3b3f-6ff5-554b-90430d1e3175'::uuid, 'f47ef802-c670-2cd4-deae-04f9cb099bf7'::uuid),
  ('ac9caea2-d194-94ba-c5cb-a6cc2eb34f33'::uuid, 'a69257a5-854d-aa51-26f4-5e73f3056bec'::uuid),
  ('3a574cd1-875f-cb56-b34f-eaa874c4792f'::uuid, 'b5e708de-44cd-507e-2f6a-afceaf5345e1'::uuid),
  ('b77e0c53-4755-4d02-3d5a-574bbdd26607'::uuid, 'b9f2eebc-3ad4-09b7-e93b-007350b789b8'::uuid),
  ('10cb8574-bf8a-587f-26ef-20dfc16d0548'::uuid, 'a3580671-2190-93de-0597-aaae1af8ff50'::uuid),
  ('203588f2-66bf-cd96-9859-76c682d8ee45'::uuid, '70042d81-f62a-4375-629d-7c8982a51212'::uuid),
  ('9df6e0fb-753b-8773-cf0a-a0af1078b3b8'::uuid, '588d5a99-bb92-175c-359b-d15ed4226d84'::uuid),
  ('26246352-c52a-a323-4630-41cdf0aada48'::uuid, 'a7b0baaa-b9ae-d251-6a31-b795fdf81332'::uuid),
  ('7f71c91c-04d8-5c42-c2cf-032bb03efa41'::uuid, 'aeeaff9c-06f7-e7b3-295e-3f4a659cf65d'::uuid),
  ('fb01fc84-f842-5ad3-824e-6ef4ad71c174'::uuid, '8c120a7a-a5ee-be43-c15c-c8dd7ed2b95b'::uuid),
  ('f9024ade-0412-1eaf-e22c-431b2c4eddd8'::uuid, '8a094e38-7731-7c9b-8c39-10c52f41f594'::uuid),
  ('f7600435-ee7d-4377-2c52-736ab658b1b9'::uuid, 'ceba43a6-ba3e-80b7-12c9-2b4ebc266eab'::uuid),
  ('b08ff325-9073-45a8-9403-1d31aa3355b8'::uuid, 'e19545b2-bb7e-455b-66d2-38aa9824ce62'::uuid),
  ('867f8419-fb56-f32d-f889-9d7219f163b5'::uuid, 'b8bd182f-83a4-b33c-8e0e-c91d47cbd440'::uuid),
  ('7ce53158-b57c-7d3b-2173-2004ca79a7b0'::uuid, 'ab238258-c809-6c9f-8f57-097ba53afa1d'::uuid),
  ('e130d84b-ca60-31e6-ca92-05e05cceb6d7'::uuid, 'c1b4eb0b-fac2-3ad5-b3dd-94e2a3bfa54d'::uuid),
  ('bedb9bdd-271b-d4d6-7cc9-a52a9e2b0754'::uuid, '940d93fa-5bb2-c0f7-18b1-b7e2f501ec66'::uuid),
  ('af797a14-90eb-8b6b-c898-aa1ad79d725d'::uuid, '06a31521-4751-b0f7-7020-d0e45ef25440'::uuid),
  ('360d5089-897f-deb5-397e-18221b0511ef'::uuid, '5d4b32b7-c3f0-533a-d52f-d6b8723c89c8'::uuid),
  ('ce3eafaa-207f-d6f4-17e6-b345ab040615'::uuid, '9760a93b-e6c3-5fe2-a51e-150156ac896f'::uuid),
  ('a46074b9-99a5-25b2-b5b1-dcabb0e0a60f'::uuid, '9a779270-f627-8d96-deb4-b8bfaeff3226'::uuid),
  ('9da45a65-1d36-b51a-5ba2-06b599669ef5'::uuid, 'a55478b8-adff-eafa-406c-55315ad1451c'::uuid),
  ('b68e91ec-5a2c-8663-03ca-e3fde7499563'::uuid, 'fd78b3fc-b7d0-d885-9a48-ef176add1cc8'::uuid)
on conflict (question_id) do update
set correct_option_id = excluded.correct_option_id,
    updated_at = now();

update public.exam_prices
set is_default = false, updated_at = now()
where examination_id = 'e979cf82-30f3-2768-3891-b9cc5e51bde2'::uuid
  and currency <> 'NGN'
  and is_default = true;

insert into public.exam_prices (
  id, examination_id, currency, amount_minor, country_codes,
  is_default, is_active, effective_from, effective_to
) values (
  '243f86a2-1a48-479e-5230-892efb2bf331'::uuid,
  'e979cf82-30f3-2768-3891-b9cc5e51bde2'::uuid,
  'NGN',
  2500000,
  array['NG']::text[],
  true,
  true,
  now(),
  null
)
on conflict (examination_id, currency) do update
set amount_minor = 2500000,
    country_codes = array['NG']::text[],
    is_default = true,
    is_active = true,
    effective_from = least(public.exam_prices.effective_from, now()),
    effective_to = null,
    updated_at = now();

-- PCIT: Project Communication and Information Technology (PCIT)
insert into public.programmes (id, code, name, description, is_active)
values (
  '4e84d136-dfd0-2dca-d7b1-68c22767a1c0'::uuid,
  'PCIT',
  'Project Communication and Information Technology (PCIT)',
  '75 Questions. Focus: Stakeholder Engagement, Agile Reporting, Information Architecture, and Enterprise IT Governance.',
  true
)
on conflict (code) do update
set name = excluded.name,
    description = excluded.description,
    is_active = true,
    updated_at = now();

insert into public.examinations (
  id, programme_id, title, instructions, duration_minutes, pass_mark,
  status, max_attempts, randomize_questions, randomize_options,
  allow_self_enrollment, requires_payment
) values (
  '1d178fed-f007-6b21-8c07-e8a8301f0c05'::uuid,
  (select id from public.programmes where code = 'PCIT'),
  'Project Communication and Information Technology (PCIT)',
  'Answer every question. This examination is timed and protected by IIPM examination integrity controls. Payment, an approved scholarship coupon or an administrator assignment is required before launch.',
  120,
  70,
  'published',
  1,
  true,
  true,
  false,
  true
)
on conflict (id) do update
set programme_id = excluded.programme_id,
    title = excluded.title,
    instructions = excluded.instructions,
    duration_minutes = excluded.duration_minutes,
    pass_mark = excluded.pass_mark,
    status = excluded.status,
    max_attempts = excluded.max_attempts,
    randomize_questions = excluded.randomize_questions,
    randomize_options = excluded.randomize_options,
    allow_self_enrollment = false,
    requires_payment = true,
    updated_at = now();

with ranked_existing as (
  select id, row_number() over (order by id) as replacement_position
  from public.questions
  where examination_id = '1d178fed-f007-6b21-8c07-e8a8301f0c05'::uuid
)
update public.questions q
set is_active = false,
    position = 100000 + ranked_existing.replacement_position,
    updated_at = now()
from ranked_existing
where q.id = ranked_existing.id;

insert into public.questions (id, examination_id, question_text, position, points, is_active)
values
  ('cb73a0ef-207e-d96c-cc73-19e1d559a2fa'::uuid, '1d178fed-f007-6b21-8c07-e8a8301f0c05'::uuid, '[Stakeholder Communication Planning - Scenario 1] A project manager leading an enterprise cloud transformation identifies key executive stakeholders who have high influence but low interest. What communication strategy should be applied according to the Stakeholder Power/Interest Grid?', 1, 1, true),
  ('b065d9d2-8b48-2858-7da3-badde549fde0'::uuid, '1d178fed-f007-6b21-8c07-e8a8301f0c05'::uuid, '[Agile Reporting & Collaboration - Scenario 2] During an agile software build, a remote cross-functional team experiences communication bottlenecks across time zones. Which tool combination establishes effective asynchronous governance?', 2, 1, true),
  ('e419a3d5-8126-3da5-2abd-aac20c594c65'::uuid, '1d178fed-f007-6b21-8c07-e8a8301f0c05'::uuid, '[Information Architecture & Security - Scenario 3] An IT project involves migrating sensitive patient medical records to a hybrid cloud data warehouse. Which communication security protocol must be enforced for project artifacts containing PII/PHI?', 3, 1, true),
  ('62018b63-fc8a-8d43-b06f-67552850e48f'::uuid, '1d178fed-f007-6b21-8c07-e8a8301f0c05'::uuid, '[Technical Risk Communication - Scenario 4] A critical cybersecurity vulnerability is detected in a third-party project module during pre-release staging. What is the correct communication protocol for the project lead?', 4, 1, true),
  ('92948f1e-a9fb-dad3-64ca-b51ac5683cf6'::uuid, '1d178fed-f007-6b21-8c07-e8a8301f0c05'::uuid, '[Enterprise IT Governance - Scenario 5] Which IT governance framework provides structured guidance for aligning project management outcomes with enterprise IT service lifecycles and business value?', 5, 1, true),
  ('b365a3e0-9b42-5e71-975f-1571d03682ce'::uuid, '1d178fed-f007-6b21-8c07-e8a8301f0c05'::uuid, '[Stakeholder Communication Planning - Scenario 6] A project manager leading an enterprise cloud transformation identifies key executive stakeholders who have high influence but low interest. What communication strategy should be applied according to the Stakeholder Power/Interest Grid?', 6, 1, true),
  ('88073926-0ef5-a39c-0f67-b15a681dcefa'::uuid, '1d178fed-f007-6b21-8c07-e8a8301f0c05'::uuid, '[Agile Reporting & Collaboration - Scenario 7] During an agile software build, a remote cross-functional team experiences communication bottlenecks across time zones. Which tool combination establishes effective asynchronous governance?', 7, 1, true),
  ('8b81e034-4617-b786-4875-401251143081'::uuid, '1d178fed-f007-6b21-8c07-e8a8301f0c05'::uuid, '[Information Architecture & Security - Scenario 8] An IT project involves migrating sensitive patient medical records to a hybrid cloud data warehouse. Which communication security protocol must be enforced for project artifacts containing PII/PHI?', 8, 1, true),
  ('92aa944c-7655-be54-78ee-89876d963051'::uuid, '1d178fed-f007-6b21-8c07-e8a8301f0c05'::uuid, '[Technical Risk Communication - Scenario 9] A critical cybersecurity vulnerability is detected in a third-party project module during pre-release staging. What is the correct communication protocol for the project lead?', 9, 1, true),
  ('7c265fed-bee4-5777-712b-5798f07946b7'::uuid, '1d178fed-f007-6b21-8c07-e8a8301f0c05'::uuid, '[Enterprise IT Governance - Scenario 10] Which IT governance framework provides structured guidance for aligning project management outcomes with enterprise IT service lifecycles and business value?', 10, 1, true),
  ('f4681242-40dc-e7d5-212a-39cd40f1be0f'::uuid, '1d178fed-f007-6b21-8c07-e8a8301f0c05'::uuid, '[Stakeholder Communication Planning - Scenario 11] A project manager leading an enterprise cloud transformation identifies key executive stakeholders who have high influence but low interest. What communication strategy should be applied according to the Stakeholder Power/Interest Grid?', 11, 1, true),
  ('7f1c10f3-34a3-6f25-c8bc-1015729fec2d'::uuid, '1d178fed-f007-6b21-8c07-e8a8301f0c05'::uuid, '[Agile Reporting & Collaboration - Scenario 12] During an agile software build, a remote cross-functional team experiences communication bottlenecks across time zones. Which tool combination establishes effective asynchronous governance?', 12, 1, true),
  ('52cdddd4-7483-d94e-d8d7-8b72572ade09'::uuid, '1d178fed-f007-6b21-8c07-e8a8301f0c05'::uuid, '[Information Architecture & Security - Scenario 13] An IT project involves migrating sensitive patient medical records to a hybrid cloud data warehouse. Which communication security protocol must be enforced for project artifacts containing PII/PHI?', 13, 1, true),
  ('f246ede4-9ff3-c68d-fb82-3000601af888'::uuid, '1d178fed-f007-6b21-8c07-e8a8301f0c05'::uuid, '[Technical Risk Communication - Scenario 14] A critical cybersecurity vulnerability is detected in a third-party project module during pre-release staging. What is the correct communication protocol for the project lead?', 14, 1, true),
  ('9d06c31d-b630-5398-138e-5cfb8ac81f15'::uuid, '1d178fed-f007-6b21-8c07-e8a8301f0c05'::uuid, '[Enterprise IT Governance - Scenario 15] Which IT governance framework provides structured guidance for aligning project management outcomes with enterprise IT service lifecycles and business value?', 15, 1, true),
  ('3c768b3a-709a-1e3b-6f61-eed1018154dd'::uuid, '1d178fed-f007-6b21-8c07-e8a8301f0c05'::uuid, '[Stakeholder Communication Planning - Scenario 16] A project manager leading an enterprise cloud transformation identifies key executive stakeholders who have high influence but low interest. What communication strategy should be applied according to the Stakeholder Power/Interest Grid?', 16, 1, true),
  ('a8ec28ad-35df-99b5-254a-76535736054b'::uuid, '1d178fed-f007-6b21-8c07-e8a8301f0c05'::uuid, '[Agile Reporting & Collaboration - Scenario 17] During an agile software build, a remote cross-functional team experiences communication bottlenecks across time zones. Which tool combination establishes effective asynchronous governance?', 17, 1, true),
  ('f79dc220-53ac-45b9-2b46-54f33caa721f'::uuid, '1d178fed-f007-6b21-8c07-e8a8301f0c05'::uuid, '[Information Architecture & Security - Scenario 18] An IT project involves migrating sensitive patient medical records to a hybrid cloud data warehouse. Which communication security protocol must be enforced for project artifacts containing PII/PHI?', 18, 1, true),
  ('f1901cff-d33c-4bab-be39-ae49a50a6f9b'::uuid, '1d178fed-f007-6b21-8c07-e8a8301f0c05'::uuid, '[Technical Risk Communication - Scenario 19] A critical cybersecurity vulnerability is detected in a third-party project module during pre-release staging. What is the correct communication protocol for the project lead?', 19, 1, true),
  ('b22b253e-7d40-ef45-9c60-c2170035ef35'::uuid, '1d178fed-f007-6b21-8c07-e8a8301f0c05'::uuid, '[Enterprise IT Governance - Scenario 20] Which IT governance framework provides structured guidance for aligning project management outcomes with enterprise IT service lifecycles and business value?', 20, 1, true),
  ('7e2226d2-7764-ec97-da16-f122f827a92f'::uuid, '1d178fed-f007-6b21-8c07-e8a8301f0c05'::uuid, '[Stakeholder Communication Planning - Scenario 21] A project manager leading an enterprise cloud transformation identifies key executive stakeholders who have high influence but low interest. What communication strategy should be applied according to the Stakeholder Power/Interest Grid?', 21, 1, true),
  ('80c07357-bbfb-42eb-9ee0-60cb290a9270'::uuid, '1d178fed-f007-6b21-8c07-e8a8301f0c05'::uuid, '[Agile Reporting & Collaboration - Scenario 22] During an agile software build, a remote cross-functional team experiences communication bottlenecks across time zones. Which tool combination establishes effective asynchronous governance?', 22, 1, true),
  ('f0cdb118-179c-ec61-c309-7ab8210a55a9'::uuid, '1d178fed-f007-6b21-8c07-e8a8301f0c05'::uuid, '[Information Architecture & Security - Scenario 23] An IT project involves migrating sensitive patient medical records to a hybrid cloud data warehouse. Which communication security protocol must be enforced for project artifacts containing PII/PHI?', 23, 1, true),
  ('e1f7a979-b818-ff36-96e9-a769f6422f9d'::uuid, '1d178fed-f007-6b21-8c07-e8a8301f0c05'::uuid, '[Technical Risk Communication - Scenario 24] A critical cybersecurity vulnerability is detected in a third-party project module during pre-release staging. What is the correct communication protocol for the project lead?', 24, 1, true),
  ('c6f3d618-8c87-b46f-a6ff-7afa4b470e76'::uuid, '1d178fed-f007-6b21-8c07-e8a8301f0c05'::uuid, '[Enterprise IT Governance - Scenario 25] Which IT governance framework provides structured guidance for aligning project management outcomes with enterprise IT service lifecycles and business value?', 25, 1, true),
  ('d1f43d10-1e08-6bd0-7ae9-7f4652e546fe'::uuid, '1d178fed-f007-6b21-8c07-e8a8301f0c05'::uuid, '[Stakeholder Communication Planning - Scenario 26] A project manager leading an enterprise cloud transformation identifies key executive stakeholders who have high influence but low interest. What communication strategy should be applied according to the Stakeholder Power/Interest Grid?', 26, 1, true),
  ('27975a4b-1ae7-cbed-0431-19d48073dc88'::uuid, '1d178fed-f007-6b21-8c07-e8a8301f0c05'::uuid, '[Agile Reporting & Collaboration - Scenario 27] During an agile software build, a remote cross-functional team experiences communication bottlenecks across time zones. Which tool combination establishes effective asynchronous governance?', 27, 1, true),
  ('218e467f-7209-c32d-bf60-f6ce5e304bea'::uuid, '1d178fed-f007-6b21-8c07-e8a8301f0c05'::uuid, '[Information Architecture & Security - Scenario 28] An IT project involves migrating sensitive patient medical records to a hybrid cloud data warehouse. Which communication security protocol must be enforced for project artifacts containing PII/PHI?', 28, 1, true),
  ('b27307c6-8752-86d2-13e9-74c742c41dca'::uuid, '1d178fed-f007-6b21-8c07-e8a8301f0c05'::uuid, '[Technical Risk Communication - Scenario 29] A critical cybersecurity vulnerability is detected in a third-party project module during pre-release staging. What is the correct communication protocol for the project lead?', 29, 1, true),
  ('e8a5ed38-026a-ba1a-7525-09c171a1a3de'::uuid, '1d178fed-f007-6b21-8c07-e8a8301f0c05'::uuid, '[Enterprise IT Governance - Scenario 30] Which IT governance framework provides structured guidance for aligning project management outcomes with enterprise IT service lifecycles and business value?', 30, 1, true),
  ('1ffa7aa0-1fb0-8faa-e2d0-632595981187'::uuid, '1d178fed-f007-6b21-8c07-e8a8301f0c05'::uuid, '[Stakeholder Communication Planning - Scenario 31] A project manager leading an enterprise cloud transformation identifies key executive stakeholders who have high influence but low interest. What communication strategy should be applied according to the Stakeholder Power/Interest Grid?', 31, 1, true),
  ('289424ea-25df-9e07-12cb-09fe39bdd8e3'::uuid, '1d178fed-f007-6b21-8c07-e8a8301f0c05'::uuid, '[Agile Reporting & Collaboration - Scenario 32] During an agile software build, a remote cross-functional team experiences communication bottlenecks across time zones. Which tool combination establishes effective asynchronous governance?', 32, 1, true),
  ('60a11751-3994-6803-6fd7-7251fd526a7d'::uuid, '1d178fed-f007-6b21-8c07-e8a8301f0c05'::uuid, '[Information Architecture & Security - Scenario 33] An IT project involves migrating sensitive patient medical records to a hybrid cloud data warehouse. Which communication security protocol must be enforced for project artifacts containing PII/PHI?', 33, 1, true),
  ('20973c62-4ef0-5a55-03db-bfbff86ade76'::uuid, '1d178fed-f007-6b21-8c07-e8a8301f0c05'::uuid, '[Technical Risk Communication - Scenario 34] A critical cybersecurity vulnerability is detected in a third-party project module during pre-release staging. What is the correct communication protocol for the project lead?', 34, 1, true),
  ('f2745d13-ae24-06b8-f1a4-1fbd279fb3f7'::uuid, '1d178fed-f007-6b21-8c07-e8a8301f0c05'::uuid, '[Enterprise IT Governance - Scenario 35] Which IT governance framework provides structured guidance for aligning project management outcomes with enterprise IT service lifecycles and business value?', 35, 1, true),
  ('7650fcfb-f32f-60e9-cf57-a595ef71c302'::uuid, '1d178fed-f007-6b21-8c07-e8a8301f0c05'::uuid, '[Stakeholder Communication Planning - Scenario 36] A project manager leading an enterprise cloud transformation identifies key executive stakeholders who have high influence but low interest. What communication strategy should be applied according to the Stakeholder Power/Interest Grid?', 36, 1, true),
  ('eac25b0f-1bf9-db79-f6e2-5d4f4272df3c'::uuid, '1d178fed-f007-6b21-8c07-e8a8301f0c05'::uuid, '[Agile Reporting & Collaboration - Scenario 37] During an agile software build, a remote cross-functional team experiences communication bottlenecks across time zones. Which tool combination establishes effective asynchronous governance?', 37, 1, true),
  ('05350285-9477-ce20-addc-1a6428f6b906'::uuid, '1d178fed-f007-6b21-8c07-e8a8301f0c05'::uuid, '[Information Architecture & Security - Scenario 38] An IT project involves migrating sensitive patient medical records to a hybrid cloud data warehouse. Which communication security protocol must be enforced for project artifacts containing PII/PHI?', 38, 1, true),
  ('26eb2df7-9981-b7c7-8f04-9fdf98d2af52'::uuid, '1d178fed-f007-6b21-8c07-e8a8301f0c05'::uuid, '[Technical Risk Communication - Scenario 39] A critical cybersecurity vulnerability is detected in a third-party project module during pre-release staging. What is the correct communication protocol for the project lead?', 39, 1, true),
  ('5099c10e-d73d-c1e5-ccd7-ef0c38e1966c'::uuid, '1d178fed-f007-6b21-8c07-e8a8301f0c05'::uuid, '[Enterprise IT Governance - Scenario 40] Which IT governance framework provides structured guidance for aligning project management outcomes with enterprise IT service lifecycles and business value?', 40, 1, true),
  ('689b41c7-0e6d-ded8-7df2-3fa8f718344c'::uuid, '1d178fed-f007-6b21-8c07-e8a8301f0c05'::uuid, '[Stakeholder Communication Planning - Scenario 41] A project manager leading an enterprise cloud transformation identifies key executive stakeholders who have high influence but low interest. What communication strategy should be applied according to the Stakeholder Power/Interest Grid?', 41, 1, true),
  ('0460aec6-6704-9323-a609-170d2106733b'::uuid, '1d178fed-f007-6b21-8c07-e8a8301f0c05'::uuid, '[Agile Reporting & Collaboration - Scenario 42] During an agile software build, a remote cross-functional team experiences communication bottlenecks across time zones. Which tool combination establishes effective asynchronous governance?', 42, 1, true),
  ('c381ed52-8c69-1cd7-f454-0c386f560e2b'::uuid, '1d178fed-f007-6b21-8c07-e8a8301f0c05'::uuid, '[Information Architecture & Security - Scenario 43] An IT project involves migrating sensitive patient medical records to a hybrid cloud data warehouse. Which communication security protocol must be enforced for project artifacts containing PII/PHI?', 43, 1, true),
  ('e4a757cb-347c-6bb8-c8bc-480fd5d91f0b'::uuid, '1d178fed-f007-6b21-8c07-e8a8301f0c05'::uuid, '[Technical Risk Communication - Scenario 44] A critical cybersecurity vulnerability is detected in a third-party project module during pre-release staging. What is the correct communication protocol for the project lead?', 44, 1, true),
  ('9c51d702-2396-ca47-f5dd-7ed055a36f38'::uuid, '1d178fed-f007-6b21-8c07-e8a8301f0c05'::uuid, '[Enterprise IT Governance - Scenario 45] Which IT governance framework provides structured guidance for aligning project management outcomes with enterprise IT service lifecycles and business value?', 45, 1, true),
  ('7ec9e318-6e7f-2ffb-559c-24d94deaaa9e'::uuid, '1d178fed-f007-6b21-8c07-e8a8301f0c05'::uuid, '[Stakeholder Communication Planning - Scenario 46] A project manager leading an enterprise cloud transformation identifies key executive stakeholders who have high influence but low interest. What communication strategy should be applied according to the Stakeholder Power/Interest Grid?', 46, 1, true),
  ('6720c432-4481-f543-9af5-05e2973a60bc'::uuid, '1d178fed-f007-6b21-8c07-e8a8301f0c05'::uuid, '[Agile Reporting & Collaboration - Scenario 47] During an agile software build, a remote cross-functional team experiences communication bottlenecks across time zones. Which tool combination establishes effective asynchronous governance?', 47, 1, true),
  ('d462947b-ac7a-58f6-365c-c34325db92fb'::uuid, '1d178fed-f007-6b21-8c07-e8a8301f0c05'::uuid, '[Information Architecture & Security - Scenario 48] An IT project involves migrating sensitive patient medical records to a hybrid cloud data warehouse. Which communication security protocol must be enforced for project artifacts containing PII/PHI?', 48, 1, true),
  ('aac16a9b-a5ae-b1fd-792c-ea50844d08ba'::uuid, '1d178fed-f007-6b21-8c07-e8a8301f0c05'::uuid, '[Technical Risk Communication - Scenario 49] A critical cybersecurity vulnerability is detected in a third-party project module during pre-release staging. What is the correct communication protocol for the project lead?', 49, 1, true),
  ('2adfe1f1-03cf-0b46-6703-28eeabfd9b75'::uuid, '1d178fed-f007-6b21-8c07-e8a8301f0c05'::uuid, '[Enterprise IT Governance - Scenario 50] Which IT governance framework provides structured guidance for aligning project management outcomes with enterprise IT service lifecycles and business value?', 50, 1, true),
  ('2ebf8035-2daf-ea0c-946a-921d057b33d6'::uuid, '1d178fed-f007-6b21-8c07-e8a8301f0c05'::uuid, '[Stakeholder Communication Planning - Scenario 51] A project manager leading an enterprise cloud transformation identifies key executive stakeholders who have high influence but low interest. What communication strategy should be applied according to the Stakeholder Power/Interest Grid?', 51, 1, true),
  ('e63dfa89-0b29-2d68-61fc-3380d58fcbba'::uuid, '1d178fed-f007-6b21-8c07-e8a8301f0c05'::uuid, '[Agile Reporting & Collaboration - Scenario 52] During an agile software build, a remote cross-functional team experiences communication bottlenecks across time zones. Which tool combination establishes effective asynchronous governance?', 52, 1, true),
  ('db08dda5-88a1-56e0-5f8d-49a0cc1680a0'::uuid, '1d178fed-f007-6b21-8c07-e8a8301f0c05'::uuid, '[Information Architecture & Security - Scenario 53] An IT project involves migrating sensitive patient medical records to a hybrid cloud data warehouse. Which communication security protocol must be enforced for project artifacts containing PII/PHI?', 53, 1, true),
  ('7f0f1d55-8e20-7e84-1579-cfdb6d58574a'::uuid, '1d178fed-f007-6b21-8c07-e8a8301f0c05'::uuid, '[Technical Risk Communication - Scenario 54] A critical cybersecurity vulnerability is detected in a third-party project module during pre-release staging. What is the correct communication protocol for the project lead?', 54, 1, true),
  ('0f1a946e-05e6-b754-52e8-667479297bfc'::uuid, '1d178fed-f007-6b21-8c07-e8a8301f0c05'::uuid, '[Enterprise IT Governance - Scenario 55] Which IT governance framework provides structured guidance for aligning project management outcomes with enterprise IT service lifecycles and business value?', 55, 1, true),
  ('8981f20a-5534-d350-0bd3-782328797d82'::uuid, '1d178fed-f007-6b21-8c07-e8a8301f0c05'::uuid, '[Stakeholder Communication Planning - Scenario 56] A project manager leading an enterprise cloud transformation identifies key executive stakeholders who have high influence but low interest. What communication strategy should be applied according to the Stakeholder Power/Interest Grid?', 56, 1, true),
  ('f27b8052-6b1e-a435-51dd-dfabdd56935c'::uuid, '1d178fed-f007-6b21-8c07-e8a8301f0c05'::uuid, '[Agile Reporting & Collaboration - Scenario 57] During an agile software build, a remote cross-functional team experiences communication bottlenecks across time zones. Which tool combination establishes effective asynchronous governance?', 57, 1, true),
  ('2c6c89c2-d12b-0669-6d8a-71bee84e866c'::uuid, '1d178fed-f007-6b21-8c07-e8a8301f0c05'::uuid, '[Information Architecture & Security - Scenario 58] An IT project involves migrating sensitive patient medical records to a hybrid cloud data warehouse. Which communication security protocol must be enforced for project artifacts containing PII/PHI?', 58, 1, true),
  ('a34a7d11-8661-9321-9486-867dd0d95684'::uuid, '1d178fed-f007-6b21-8c07-e8a8301f0c05'::uuid, '[Technical Risk Communication - Scenario 59] A critical cybersecurity vulnerability is detected in a third-party project module during pre-release staging. What is the correct communication protocol for the project lead?', 59, 1, true),
  ('49b5981d-5c21-c4f8-f60a-731bd89ba8a0'::uuid, '1d178fed-f007-6b21-8c07-e8a8301f0c05'::uuid, '[Enterprise IT Governance - Scenario 60] Which IT governance framework provides structured guidance for aligning project management outcomes with enterprise IT service lifecycles and business value?', 60, 1, true),
  ('8ac35b56-d7d8-6135-9d78-7dd2421bc6ce'::uuid, '1d178fed-f007-6b21-8c07-e8a8301f0c05'::uuid, '[Stakeholder Communication Planning - Scenario 61] A project manager leading an enterprise cloud transformation identifies key executive stakeholders who have high influence but low interest. What communication strategy should be applied according to the Stakeholder Power/Interest Grid?', 61, 1, true),
  ('26683618-b379-7bee-2ce0-206033dad08d'::uuid, '1d178fed-f007-6b21-8c07-e8a8301f0c05'::uuid, '[Agile Reporting & Collaboration - Scenario 62] During an agile software build, a remote cross-functional team experiences communication bottlenecks across time zones. Which tool combination establishes effective asynchronous governance?', 62, 1, true),
  ('ad18f175-bed2-ef3e-f4bc-766ac9c7a142'::uuid, '1d178fed-f007-6b21-8c07-e8a8301f0c05'::uuid, '[Information Architecture & Security - Scenario 63] An IT project involves migrating sensitive patient medical records to a hybrid cloud data warehouse. Which communication security protocol must be enforced for project artifacts containing PII/PHI?', 63, 1, true),
  ('2e3cc8a9-f27d-f96b-db75-1ed8d619c6ca'::uuid, '1d178fed-f007-6b21-8c07-e8a8301f0c05'::uuid, '[Technical Risk Communication - Scenario 64] A critical cybersecurity vulnerability is detected in a third-party project module during pre-release staging. What is the correct communication protocol for the project lead?', 64, 1, true),
  ('77a654c6-f1f1-032e-8f0c-1e1853980fa1'::uuid, '1d178fed-f007-6b21-8c07-e8a8301f0c05'::uuid, '[Enterprise IT Governance - Scenario 65] Which IT governance framework provides structured guidance for aligning project management outcomes with enterprise IT service lifecycles and business value?', 65, 1, true),
  ('03082315-b945-f1ee-0efb-5501eb45032e'::uuid, '1d178fed-f007-6b21-8c07-e8a8301f0c05'::uuid, '[Stakeholder Communication Planning - Scenario 66] A project manager leading an enterprise cloud transformation identifies key executive stakeholders who have high influence but low interest. What communication strategy should be applied according to the Stakeholder Power/Interest Grid?', 66, 1, true),
  ('8a43115a-0073-e142-9458-4e595a8948f1'::uuid, '1d178fed-f007-6b21-8c07-e8a8301f0c05'::uuid, '[Agile Reporting & Collaboration - Scenario 67] During an agile software build, a remote cross-functional team experiences communication bottlenecks across time zones. Which tool combination establishes effective asynchronous governance?', 67, 1, true),
  ('37a94138-e68c-90bc-aa43-cf2b113407e9'::uuid, '1d178fed-f007-6b21-8c07-e8a8301f0c05'::uuid, '[Information Architecture & Security - Scenario 68] An IT project involves migrating sensitive patient medical records to a hybrid cloud data warehouse. Which communication security protocol must be enforced for project artifacts containing PII/PHI?', 68, 1, true),
  ('6debcd1c-8230-9105-954f-bb3b85e7562d'::uuid, '1d178fed-f007-6b21-8c07-e8a8301f0c05'::uuid, '[Technical Risk Communication - Scenario 69] A critical cybersecurity vulnerability is detected in a third-party project module during pre-release staging. What is the correct communication protocol for the project lead?', 69, 1, true),
  ('88236eeb-d608-b162-61bf-331047230a49'::uuid, '1d178fed-f007-6b21-8c07-e8a8301f0c05'::uuid, '[Enterprise IT Governance - Scenario 70] Which IT governance framework provides structured guidance for aligning project management outcomes with enterprise IT service lifecycles and business value?', 70, 1, true),
  ('4cb0dd67-e4e2-5413-71f4-57129299e176'::uuid, '1d178fed-f007-6b21-8c07-e8a8301f0c05'::uuid, '[Stakeholder Communication Planning - Scenario 71] A project manager leading an enterprise cloud transformation identifies key executive stakeholders who have high influence but low interest. What communication strategy should be applied according to the Stakeholder Power/Interest Grid?', 71, 1, true),
  ('73d1de1f-1e07-de9e-1dda-9cabbb250a6b'::uuid, '1d178fed-f007-6b21-8c07-e8a8301f0c05'::uuid, '[Agile Reporting & Collaboration - Scenario 72] During an agile software build, a remote cross-functional team experiences communication bottlenecks across time zones. Which tool combination establishes effective asynchronous governance?', 72, 1, true),
  ('e123998a-e8ea-525c-032a-d4ba24869d60'::uuid, '1d178fed-f007-6b21-8c07-e8a8301f0c05'::uuid, '[Information Architecture & Security - Scenario 73] An IT project involves migrating sensitive patient medical records to a hybrid cloud data warehouse. Which communication security protocol must be enforced for project artifacts containing PII/PHI?', 73, 1, true),
  ('23d2bdce-8011-abfb-454f-e85c9c520f66'::uuid, '1d178fed-f007-6b21-8c07-e8a8301f0c05'::uuid, '[Technical Risk Communication - Scenario 74] A critical cybersecurity vulnerability is detected in a third-party project module during pre-release staging. What is the correct communication protocol for the project lead?', 74, 1, true),
  ('f0f0f52e-71cd-0638-bd89-2ac64ca37d02'::uuid, '1d178fed-f007-6b21-8c07-e8a8301f0c05'::uuid, '[Enterprise IT Governance - Scenario 75] Which IT governance framework provides structured guidance for aligning project management outcomes with enterprise IT service lifecycles and business value?', 75, 1, true)
on conflict (id) do update
set examination_id = excluded.examination_id,
    question_text = excluded.question_text,
    position = excluded.position,
    points = excluded.points,
    is_active = true,
    updated_at = now();

insert into public.question_options (id, question_id, option_text, position)
values
  ('ed389efb-9a45-1f5c-4b2a-72bb619bbf17'::uuid, 'cb73a0ef-207e-d96c-cc73-19e1d559a2fa'::uuid, 'Keep Satisfied: Provide concise, high-level milestone updates focused on risk mitigation and ROI.', 1),
  ('9fbcb7ce-a751-99f4-bfdb-808aeeaf4694'::uuid, 'cb73a0ef-207e-d96c-cc73-19e1d559a2fa'::uuid, 'Manage Closely: Require them to attend daily 30-minute agile standups.', 2),
  ('c4edbc12-00b7-76d6-f9e4-e46f32056bab'::uuid, 'cb73a0ef-207e-d96c-cc73-19e1d559a2fa'::uuid, 'Monitor Only: Send them raw technical server logs at the end of every sprint.', 3),
  ('2e24228b-f0b7-30f8-12d8-c87b13bde438'::uuid, 'cb73a0ef-207e-d96c-cc73-19e1d559a2fa'::uuid, 'Keep Informed: Engage them in detailed user interface wireframe review sessions.', 4),
  ('19f253fc-7262-c53d-e2a4-c723dd0e80fb'::uuid, 'b065d9d2-8b48-2858-7da3-badde549fde0'::uuid, 'Mandatory late-night video conferences twice daily for all developer teams.', 1),
  ('99bf1962-5518-74be-68d4-d820258ee438'::uuid, 'b065d9d2-8b48-2858-7da3-badde549fde0'::uuid, 'Centralized kanban task boards with daily asynchronous standup threads and integrated code repositories.', 2),
  ('81ff108e-5c2b-a015-87f5-d6db6ccea9b5'::uuid, 'b065d9d2-8b48-2858-7da3-badde549fde0'::uuid, 'Replacing all ticketing systems with unorganized team messaging channels.', 3),
  ('92e31855-6134-878b-d2db-ad7728de9d22'::uuid, 'b065d9d2-8b48-2858-7da3-badde549fde0'::uuid, 'Relying exclusively on weekly PDF status reports distributed via email attachments.', 4),
  ('ba93bbad-55ba-2de2-cfa8-4cac3b4dcebd'::uuid, 'e419a3d5-8126-3da5-2abd-aac20c594c65'::uuid, 'Storing project files in a public cloud folder protected only by a shared master password.', 1),
  ('4a0801ca-49d7-130b-b8b1-5c4d493e9435'::uuid, 'e419a3d5-8126-3da5-2abd-aac20c594c65'::uuid, 'Distributing unencrypted patient samples to external QA vendors via standard email.', 2),
  ('76a5c967-c89b-c76c-cc98-f74c2285b054'::uuid, 'e419a3d5-8126-3da5-2abd-aac20c594c65'::uuid, 'Role-based access controls (RBAC) with end-to-end encryption and audit logging for all shared project repositories.', 3),
  ('f817b0be-9d98-5b00-49bd-89259dace8fb'::uuid, 'e419a3d5-8126-3da5-2abd-aac20c594c65'::uuid, 'Disabling file access logs to maximize server download performance during testing.', 4),
  ('57ca752f-2a84-1941-5fc1-0c3ef8bda0a9'::uuid, '62018b63-fc8a-8d43-b06f-67552850e48f'::uuid, 'Conceal the vulnerability until the post-launch maintenance patch cycle next quarter.', 1),
  ('08202116-eebb-87b6-a52a-c904ac5df334'::uuid, '62018b63-fc8a-8d43-b06f-67552850e48f'::uuid, 'Notify public news media immediately before conducting internal technical verification.', 2),
  ('9e0fea57-d49c-523a-e1a0-4615b1e95867'::uuid, '62018b63-fc8a-8d43-b06f-67552850e48f'::uuid, 'Unilaterally shut down the entire enterprise network without notifying business unit leaders.', 3),
  ('980e08e7-a56e-9ab1-063b-afde64b6078d'::uuid, '62018b63-fc8a-8d43-b06f-67552850e48f'::uuid, 'Escalate immediately to the Risk Committee and Technical Lead with a vulnerability summary and proposed remediation timeline.', 4),
  ('9c5db27a-5d71-ea87-5fa0-57dc5b853a6b'::uuid, '92948f1e-a9fb-dad3-64ca-b51ac5683cf6'::uuid, 'COBIT combined with ITIL service management frameworks.', 1),
  ('537eff2d-e6cc-3750-060e-a46a85baf235'::uuid, '92948f1e-a9fb-dad3-64ca-b51ac5683cf6'::uuid, 'ANSI/ASHRAE datacenter cooling standards.', 2),
  ('635f92b3-c7d4-9c14-c54c-083eace05e54'::uuid, '92948f1e-a9fb-dad3-64ca-b51ac5683cf6'::uuid, 'IEEE 802.11 wireless network transmission protocols.', 3),
  ('9a188998-9ab7-ab1b-e6d6-b16113c6d3b7'::uuid, '92948f1e-a9fb-dad3-64ca-b51ac5683cf6'::uuid, 'W3C Cascading Style Sheets specification.', 4),
  ('f13bcb4f-1063-9afb-8b96-4730c37817bf'::uuid, 'b365a3e0-9b42-5e71-975f-1571d03682ce'::uuid, 'Manage Closely: Require them to attend daily 30-minute agile standups.', 1),
  ('9d4064c4-4347-5635-e00f-12a956d31e20'::uuid, 'b365a3e0-9b42-5e71-975f-1571d03682ce'::uuid, 'Keep Satisfied: Provide concise, high-level milestone updates focused on risk mitigation and ROI.', 2),
  ('93dad619-ecda-7d56-25ab-a94f02c3ea1a'::uuid, 'b365a3e0-9b42-5e71-975f-1571d03682ce'::uuid, 'Monitor Only: Send them raw technical server logs at the end of every sprint.', 3),
  ('f1f10776-4fb0-ef05-02e2-48a9318d3320'::uuid, 'b365a3e0-9b42-5e71-975f-1571d03682ce'::uuid, 'Keep Informed: Engage them in detailed user interface wireframe review sessions.', 4),
  ('ed0ad9c7-d87f-1572-c582-5b860d8538c8'::uuid, '88073926-0ef5-a39c-0f67-b15a681dcefa'::uuid, 'Mandatory late-night video conferences twice daily for all developer teams.', 1),
  ('d5b24dc3-07a8-f9e8-d18a-abbcbadaf7c8'::uuid, '88073926-0ef5-a39c-0f67-b15a681dcefa'::uuid, 'Replacing all ticketing systems with unorganized team messaging channels.', 2),
  ('7a8bce51-56b7-5783-c418-b0fd37120494'::uuid, '88073926-0ef5-a39c-0f67-b15a681dcefa'::uuid, 'Centralized kanban task boards with daily asynchronous standup threads and integrated code repositories.', 3),
  ('96877a0f-e723-a510-51d9-2f8221baee0b'::uuid, '88073926-0ef5-a39c-0f67-b15a681dcefa'::uuid, 'Relying exclusively on weekly PDF status reports distributed via email attachments.', 4),
  ('2fbd03bd-b2f5-71f2-ddda-52dc5cd7ce74'::uuid, '8b81e034-4617-b786-4875-401251143081'::uuid, 'Storing project files in a public cloud folder protected only by a shared master password.', 1),
  ('bda61c50-4dce-3356-89d8-c9cf644a4068'::uuid, '8b81e034-4617-b786-4875-401251143081'::uuid, 'Distributing unencrypted patient samples to external QA vendors via standard email.', 2),
  ('5fd5e69e-1fb4-09e5-8558-4ce82efa7d02'::uuid, '8b81e034-4617-b786-4875-401251143081'::uuid, 'Disabling file access logs to maximize server download performance during testing.', 3),
  ('6c6dcadd-927b-08b5-a021-27d79b3d3a20'::uuid, '8b81e034-4617-b786-4875-401251143081'::uuid, 'Role-based access controls (RBAC) with end-to-end encryption and audit logging for all shared project repositories.', 4),
  ('2b7fbde8-59b1-a6b4-5d46-d839d7de2654'::uuid, '92aa944c-7655-be54-78ee-89876d963051'::uuid, 'Escalate immediately to the Risk Committee and Technical Lead with a vulnerability summary and proposed remediation timeline.', 1),
  ('f289cb03-39b3-13b8-ef34-d62568a2fd15'::uuid, '92aa944c-7655-be54-78ee-89876d963051'::uuid, 'Conceal the vulnerability until the post-launch maintenance patch cycle next quarter.', 2),
  ('e3bb4701-989a-079e-0fdd-96b1ecd8322a'::uuid, '92aa944c-7655-be54-78ee-89876d963051'::uuid, 'Notify public news media immediately before conducting internal technical verification.', 3),
  ('976292d5-8e05-9cbf-8da8-ed72b1b28bde'::uuid, '92aa944c-7655-be54-78ee-89876d963051'::uuid, 'Unilaterally shut down the entire enterprise network without notifying business unit leaders.', 4),
  ('974e85e2-171b-1aa6-581d-c40283591391'::uuid, '7c265fed-bee4-5777-712b-5798f07946b7'::uuid, 'ANSI/ASHRAE datacenter cooling standards.', 1),
  ('0fcb13f3-3a6c-e6ed-a5a7-1ae5d3c1d5c6'::uuid, '7c265fed-bee4-5777-712b-5798f07946b7'::uuid, 'COBIT combined with ITIL service management frameworks.', 2),
  ('976cc223-051e-fc34-1174-4ab995b477a4'::uuid, '7c265fed-bee4-5777-712b-5798f07946b7'::uuid, 'IEEE 802.11 wireless network transmission protocols.', 3),
  ('c8d33605-4424-5890-0773-0fb0e0a401c3'::uuid, '7c265fed-bee4-5777-712b-5798f07946b7'::uuid, 'W3C Cascading Style Sheets specification.', 4),
  ('e74fd4ca-d379-ed10-6d5a-80d6b744f328'::uuid, 'f4681242-40dc-e7d5-212a-39cd40f1be0f'::uuid, 'Manage Closely: Require them to attend daily 30-minute agile standups.', 1),
  ('f672776f-70b0-0d8b-f560-caad45b63b61'::uuid, 'f4681242-40dc-e7d5-212a-39cd40f1be0f'::uuid, 'Monitor Only: Send them raw technical server logs at the end of every sprint.', 2),
  ('d3eefb2c-9be1-919b-922e-3247cf43474e'::uuid, 'f4681242-40dc-e7d5-212a-39cd40f1be0f'::uuid, 'Keep Satisfied: Provide concise, high-level milestone updates focused on risk mitigation and ROI.', 3),
  ('96ca2baf-9d19-9d53-9978-2059e9554261'::uuid, 'f4681242-40dc-e7d5-212a-39cd40f1be0f'::uuid, 'Keep Informed: Engage them in detailed user interface wireframe review sessions.', 4),
  ('5f39309c-cc3c-1cba-23d8-6f0506498bf9'::uuid, '7f1c10f3-34a3-6f25-c8bc-1015729fec2d'::uuid, 'Mandatory late-night video conferences twice daily for all developer teams.', 1),
  ('d49e7d42-3870-21b3-9a11-daa44429f22e'::uuid, '7f1c10f3-34a3-6f25-c8bc-1015729fec2d'::uuid, 'Replacing all ticketing systems with unorganized team messaging channels.', 2),
  ('d9238d51-4f4d-22ee-157b-a2b5d2baf2f4'::uuid, '7f1c10f3-34a3-6f25-c8bc-1015729fec2d'::uuid, 'Relying exclusively on weekly PDF status reports distributed via email attachments.', 3),
  ('2cae2fbd-acff-fb06-0bfb-329279c792bc'::uuid, '7f1c10f3-34a3-6f25-c8bc-1015729fec2d'::uuid, 'Centralized kanban task boards with daily asynchronous standup threads and integrated code repositories.', 4),
  ('83f6c34a-ac1f-4be9-ea7b-e93e1eb384e6'::uuid, '52cdddd4-7483-d94e-d8d7-8b72572ade09'::uuid, 'Role-based access controls (RBAC) with end-to-end encryption and audit logging for all shared project repositories.', 1),
  ('8b0ca1c5-58e2-3b89-301b-3fa75cebcc82'::uuid, '52cdddd4-7483-d94e-d8d7-8b72572ade09'::uuid, 'Storing project files in a public cloud folder protected only by a shared master password.', 2),
  ('1f92588c-e2a3-caea-5701-590dd9d7c7dc'::uuid, '52cdddd4-7483-d94e-d8d7-8b72572ade09'::uuid, 'Distributing unencrypted patient samples to external QA vendors via standard email.', 3),
  ('26b231a9-26c8-43b9-de03-9aeb0a64e06b'::uuid, '52cdddd4-7483-d94e-d8d7-8b72572ade09'::uuid, 'Disabling file access logs to maximize server download performance during testing.', 4),
  ('449f1754-d478-9416-0a5f-1e309eae286b'::uuid, 'f246ede4-9ff3-c68d-fb82-3000601af888'::uuid, 'Conceal the vulnerability until the post-launch maintenance patch cycle next quarter.', 1),
  ('b48409a5-3fcf-13d7-19d4-dd6984b2a9e5'::uuid, 'f246ede4-9ff3-c68d-fb82-3000601af888'::uuid, 'Escalate immediately to the Risk Committee and Technical Lead with a vulnerability summary and proposed remediation timeline.', 2),
  ('041b5ffb-8956-f457-6e61-e3b028f3c328'::uuid, 'f246ede4-9ff3-c68d-fb82-3000601af888'::uuid, 'Notify public news media immediately before conducting internal technical verification.', 3),
  ('dff9b472-7188-2c59-855f-9178fc06d1bf'::uuid, 'f246ede4-9ff3-c68d-fb82-3000601af888'::uuid, 'Unilaterally shut down the entire enterprise network without notifying business unit leaders.', 4),
  ('094418b1-7db5-c5ac-a7cf-0b4ccd6d87d6'::uuid, '9d06c31d-b630-5398-138e-5cfb8ac81f15'::uuid, 'ANSI/ASHRAE datacenter cooling standards.', 1),
  ('378ea5ac-bd45-41f1-5607-433d89d19327'::uuid, '9d06c31d-b630-5398-138e-5cfb8ac81f15'::uuid, 'IEEE 802.11 wireless network transmission protocols.', 2),
  ('651cb9b3-ca98-0489-6219-449e4aaeb038'::uuid, '9d06c31d-b630-5398-138e-5cfb8ac81f15'::uuid, 'COBIT combined with ITIL service management frameworks.', 3),
  ('c80ea3c6-3c5d-3dc2-6309-0c020830211c'::uuid, '9d06c31d-b630-5398-138e-5cfb8ac81f15'::uuid, 'W3C Cascading Style Sheets specification.', 4),
  ('fe366dcd-6459-7cc6-744c-ac762046fc42'::uuid, '3c768b3a-709a-1e3b-6f61-eed1018154dd'::uuid, 'Manage Closely: Require them to attend daily 30-minute agile standups.', 1),
  ('92d33019-8d14-a58b-857b-9dee4a57b28e'::uuid, '3c768b3a-709a-1e3b-6f61-eed1018154dd'::uuid, 'Monitor Only: Send them raw technical server logs at the end of every sprint.', 2),
  ('0eb6cf3a-0922-4f1d-d0b8-e79c1665674e'::uuid, '3c768b3a-709a-1e3b-6f61-eed1018154dd'::uuid, 'Keep Informed: Engage them in detailed user interface wireframe review sessions.', 3),
  ('ea480521-8df1-58eb-381a-e1e65cbcca6e'::uuid, '3c768b3a-709a-1e3b-6f61-eed1018154dd'::uuid, 'Keep Satisfied: Provide concise, high-level milestone updates focused on risk mitigation and ROI.', 4),
  ('10dd191f-a244-6ccd-5fc3-461b982e0560'::uuid, 'a8ec28ad-35df-99b5-254a-76535736054b'::uuid, 'Centralized kanban task boards with daily asynchronous standup threads and integrated code repositories.', 1),
  ('9e1033a3-7357-632a-6a93-d97ab0a88927'::uuid, 'a8ec28ad-35df-99b5-254a-76535736054b'::uuid, 'Mandatory late-night video conferences twice daily for all developer teams.', 2),
  ('19f50f9d-20e7-c913-2c7d-8b3c7741413a'::uuid, 'a8ec28ad-35df-99b5-254a-76535736054b'::uuid, 'Replacing all ticketing systems with unorganized team messaging channels.', 3),
  ('d1354661-4984-0b5c-f81d-f26db56994bd'::uuid, 'a8ec28ad-35df-99b5-254a-76535736054b'::uuid, 'Relying exclusively on weekly PDF status reports distributed via email attachments.', 4),
  ('76a1b112-f88a-511e-6d32-68a26e36b7d8'::uuid, 'f79dc220-53ac-45b9-2b46-54f33caa721f'::uuid, 'Storing project files in a public cloud folder protected only by a shared master password.', 1),
  ('d44a5ce1-6aeb-929f-4b18-278f0e72bf9d'::uuid, 'f79dc220-53ac-45b9-2b46-54f33caa721f'::uuid, 'Role-based access controls (RBAC) with end-to-end encryption and audit logging for all shared project repositories.', 2),
  ('a28aac71-c2be-07fe-27cd-f5894d798cf6'::uuid, 'f79dc220-53ac-45b9-2b46-54f33caa721f'::uuid, 'Distributing unencrypted patient samples to external QA vendors via standard email.', 3),
  ('a5b513ea-5450-e186-8971-fefee4415024'::uuid, 'f79dc220-53ac-45b9-2b46-54f33caa721f'::uuid, 'Disabling file access logs to maximize server download performance during testing.', 4),
  ('0df7856d-5874-4282-4c1b-6fdf25b6c94d'::uuid, 'f1901cff-d33c-4bab-be39-ae49a50a6f9b'::uuid, 'Conceal the vulnerability until the post-launch maintenance patch cycle next quarter.', 1),
  ('8860f5d3-3286-0884-440a-700ae72c634f'::uuid, 'f1901cff-d33c-4bab-be39-ae49a50a6f9b'::uuid, 'Notify public news media immediately before conducting internal technical verification.', 2),
  ('41e76d02-8d2f-9ca7-e028-f92016778b46'::uuid, 'f1901cff-d33c-4bab-be39-ae49a50a6f9b'::uuid, 'Escalate immediately to the Risk Committee and Technical Lead with a vulnerability summary and proposed remediation timeline.', 3),
  ('f4dbc859-6e32-1422-5bae-d751f60e8121'::uuid, 'f1901cff-d33c-4bab-be39-ae49a50a6f9b'::uuid, 'Unilaterally shut down the entire enterprise network without notifying business unit leaders.', 4),
  ('360e5117-d236-348d-5199-f49b795949f2'::uuid, 'b22b253e-7d40-ef45-9c60-c2170035ef35'::uuid, 'ANSI/ASHRAE datacenter cooling standards.', 1),
  ('57548c28-7bc7-38be-fc90-04c11743c067'::uuid, 'b22b253e-7d40-ef45-9c60-c2170035ef35'::uuid, 'IEEE 802.11 wireless network transmission protocols.', 2),
  ('d5a17a17-314f-d4a6-ced5-591ed1776abc'::uuid, 'b22b253e-7d40-ef45-9c60-c2170035ef35'::uuid, 'W3C Cascading Style Sheets specification.', 3),
  ('4468f7dc-2dbb-f7f9-b137-a8f2ccecbdcb'::uuid, 'b22b253e-7d40-ef45-9c60-c2170035ef35'::uuid, 'COBIT combined with ITIL service management frameworks.', 4),
  ('97ec2d33-6ef7-c7f5-809d-f12cfac033cd'::uuid, '7e2226d2-7764-ec97-da16-f122f827a92f'::uuid, 'Keep Satisfied: Provide concise, high-level milestone updates focused on risk mitigation and ROI.', 1),
  ('e11403ca-29a2-81e8-1ab7-f22dea4b287f'::uuid, '7e2226d2-7764-ec97-da16-f122f827a92f'::uuid, 'Manage Closely: Require them to attend daily 30-minute agile standups.', 2),
  ('d550d76d-f85a-d275-06df-7d954e2cc681'::uuid, '7e2226d2-7764-ec97-da16-f122f827a92f'::uuid, 'Monitor Only: Send them raw technical server logs at the end of every sprint.', 3),
  ('14fb8b7b-96c1-6771-7d5c-750c2e4aac9d'::uuid, '7e2226d2-7764-ec97-da16-f122f827a92f'::uuid, 'Keep Informed: Engage them in detailed user interface wireframe review sessions.', 4),
  ('13ee1ad9-7ad5-ddfb-df1b-0d29c901931e'::uuid, '80c07357-bbfb-42eb-9ee0-60cb290a9270'::uuid, 'Mandatory late-night video conferences twice daily for all developer teams.', 1),
  ('b0afb8af-df64-10ed-a344-ad5a6807946f'::uuid, '80c07357-bbfb-42eb-9ee0-60cb290a9270'::uuid, 'Centralized kanban task boards with daily asynchronous standup threads and integrated code repositories.', 2),
  ('c8319045-e8bf-c52c-a521-9cfc7eb9e8a4'::uuid, '80c07357-bbfb-42eb-9ee0-60cb290a9270'::uuid, 'Replacing all ticketing systems with unorganized team messaging channels.', 3),
  ('001e509f-caa5-d866-e866-921f75078ba3'::uuid, '80c07357-bbfb-42eb-9ee0-60cb290a9270'::uuid, 'Relying exclusively on weekly PDF status reports distributed via email attachments.', 4),
  ('c1d90313-ec4e-e288-ba15-b5e37033915b'::uuid, 'f0cdb118-179c-ec61-c309-7ab8210a55a9'::uuid, 'Storing project files in a public cloud folder protected only by a shared master password.', 1),
  ('16bc01e7-49d0-1fe7-13cf-727d07970535'::uuid, 'f0cdb118-179c-ec61-c309-7ab8210a55a9'::uuid, 'Distributing unencrypted patient samples to external QA vendors via standard email.', 2),
  ('8ded32ee-2ea8-7340-eb47-224535904a8c'::uuid, 'f0cdb118-179c-ec61-c309-7ab8210a55a9'::uuid, 'Role-based access controls (RBAC) with end-to-end encryption and audit logging for all shared project repositories.', 3),
  ('bc32b866-25b8-1a5e-3fdc-65ce903be63c'::uuid, 'f0cdb118-179c-ec61-c309-7ab8210a55a9'::uuid, 'Disabling file access logs to maximize server download performance during testing.', 4),
  ('38dff5a4-2aa0-998f-9f86-dde007a82c3b'::uuid, 'e1f7a979-b818-ff36-96e9-a769f6422f9d'::uuid, 'Conceal the vulnerability until the post-launch maintenance patch cycle next quarter.', 1),
  ('32715d6f-3de8-c8a8-4c34-35710a7b8f7d'::uuid, 'e1f7a979-b818-ff36-96e9-a769f6422f9d'::uuid, 'Notify public news media immediately before conducting internal technical verification.', 2),
  ('acba3ad6-448c-ac98-298e-ac279e96e8ac'::uuid, 'e1f7a979-b818-ff36-96e9-a769f6422f9d'::uuid, 'Unilaterally shut down the entire enterprise network without notifying business unit leaders.', 3),
  ('bba80406-30b7-7c1e-39e0-6fa461196907'::uuid, 'e1f7a979-b818-ff36-96e9-a769f6422f9d'::uuid, 'Escalate immediately to the Risk Committee and Technical Lead with a vulnerability summary and proposed remediation timeline.', 4),
  ('9d8b3fc8-b776-3884-2ddf-cd2bf13d8c24'::uuid, 'c6f3d618-8c87-b46f-a6ff-7afa4b470e76'::uuid, 'COBIT combined with ITIL service management frameworks.', 1),
  ('6bcbfbbc-0dbf-87c8-0ccd-37649d65b5f9'::uuid, 'c6f3d618-8c87-b46f-a6ff-7afa4b470e76'::uuid, 'ANSI/ASHRAE datacenter cooling standards.', 2),
  ('04354adc-79be-2c33-ab70-a6a69038721c'::uuid, 'c6f3d618-8c87-b46f-a6ff-7afa4b470e76'::uuid, 'IEEE 802.11 wireless network transmission protocols.', 3),
  ('9e21f674-d680-6549-9298-902ddaaef681'::uuid, 'c6f3d618-8c87-b46f-a6ff-7afa4b470e76'::uuid, 'W3C Cascading Style Sheets specification.', 4),
  ('73494690-14d4-e520-484a-b8bde93dfa00'::uuid, 'd1f43d10-1e08-6bd0-7ae9-7f4652e546fe'::uuid, 'Manage Closely: Require them to attend daily 30-minute agile standups.', 1),
  ('f5418742-7291-a439-8362-4452cebc1b93'::uuid, 'd1f43d10-1e08-6bd0-7ae9-7f4652e546fe'::uuid, 'Keep Satisfied: Provide concise, high-level milestone updates focused on risk mitigation and ROI.', 2),
  ('88d515fd-05e0-7f14-7412-da7b34a817b5'::uuid, 'd1f43d10-1e08-6bd0-7ae9-7f4652e546fe'::uuid, 'Monitor Only: Send them raw technical server logs at the end of every sprint.', 3),
  ('9a77bfe1-76bd-aa4f-2635-48f5c92784d9'::uuid, 'd1f43d10-1e08-6bd0-7ae9-7f4652e546fe'::uuid, 'Keep Informed: Engage them in detailed user interface wireframe review sessions.', 4),
  ('c03eb690-42bd-dea6-e34c-ce1bd3328f24'::uuid, '27975a4b-1ae7-cbed-0431-19d48073dc88'::uuid, 'Mandatory late-night video conferences twice daily for all developer teams.', 1),
  ('7e9ba69a-d636-3843-2342-72a338db8bec'::uuid, '27975a4b-1ae7-cbed-0431-19d48073dc88'::uuid, 'Replacing all ticketing systems with unorganized team messaging channels.', 2),
  ('638bc6e9-b6fe-48e0-66fd-9d41304fc59a'::uuid, '27975a4b-1ae7-cbed-0431-19d48073dc88'::uuid, 'Centralized kanban task boards with daily asynchronous standup threads and integrated code repositories.', 3),
  ('090b40cf-f2b2-b1b4-2bd2-a16002444d78'::uuid, '27975a4b-1ae7-cbed-0431-19d48073dc88'::uuid, 'Relying exclusively on weekly PDF status reports distributed via email attachments.', 4),
  ('fb5f6788-ff72-1d1f-d5b6-5c94e97f8b7d'::uuid, '218e467f-7209-c32d-bf60-f6ce5e304bea'::uuid, 'Storing project files in a public cloud folder protected only by a shared master password.', 1),
  ('91cf2646-a56a-6bc2-41a9-479f833c9898'::uuid, '218e467f-7209-c32d-bf60-f6ce5e304bea'::uuid, 'Distributing unencrypted patient samples to external QA vendors via standard email.', 2),
  ('54074324-be91-7e53-be71-d2cf88354ae3'::uuid, '218e467f-7209-c32d-bf60-f6ce5e304bea'::uuid, 'Disabling file access logs to maximize server download performance during testing.', 3),
  ('ce7b153d-35d2-432b-8690-eed41750cde4'::uuid, '218e467f-7209-c32d-bf60-f6ce5e304bea'::uuid, 'Role-based access controls (RBAC) with end-to-end encryption and audit logging for all shared project repositories.', 4),
  ('4f87878c-6843-ddf2-2212-e9b52f18bbef'::uuid, 'b27307c6-8752-86d2-13e9-74c742c41dca'::uuid, 'Escalate immediately to the Risk Committee and Technical Lead with a vulnerability summary and proposed remediation timeline.', 1),
  ('32d3aad0-ee83-30bf-a688-bde9a9429774'::uuid, 'b27307c6-8752-86d2-13e9-74c742c41dca'::uuid, 'Conceal the vulnerability until the post-launch maintenance patch cycle next quarter.', 2),
  ('acbdfd40-09e1-1f0f-7f78-a3f91a85ddb1'::uuid, 'b27307c6-8752-86d2-13e9-74c742c41dca'::uuid, 'Notify public news media immediately before conducting internal technical verification.', 3),
  ('60a65c2e-6a31-6877-1c25-c9a56434e071'::uuid, 'b27307c6-8752-86d2-13e9-74c742c41dca'::uuid, 'Unilaterally shut down the entire enterprise network without notifying business unit leaders.', 4),
  ('703aa77c-872b-a71c-2312-48b0128524c8'::uuid, 'e8a5ed38-026a-ba1a-7525-09c171a1a3de'::uuid, 'ANSI/ASHRAE datacenter cooling standards.', 1),
  ('727910c8-6798-907c-6e49-10f1e581b808'::uuid, 'e8a5ed38-026a-ba1a-7525-09c171a1a3de'::uuid, 'COBIT combined with ITIL service management frameworks.', 2),
  ('500016f6-3635-5738-a9a3-75a4fc54013d'::uuid, 'e8a5ed38-026a-ba1a-7525-09c171a1a3de'::uuid, 'IEEE 802.11 wireless network transmission protocols.', 3),
  ('07569818-a940-8fa5-6c1c-d2e9bf23b5e2'::uuid, 'e8a5ed38-026a-ba1a-7525-09c171a1a3de'::uuid, 'W3C Cascading Style Sheets specification.', 4),
  ('e4ae3034-48cd-7f82-c673-b3900882e95c'::uuid, '1ffa7aa0-1fb0-8faa-e2d0-632595981187'::uuid, 'Manage Closely: Require them to attend daily 30-minute agile standups.', 1),
  ('03c75f64-53ee-d259-d936-e3d4c93dd058'::uuid, '1ffa7aa0-1fb0-8faa-e2d0-632595981187'::uuid, 'Monitor Only: Send them raw technical server logs at the end of every sprint.', 2),
  ('d3f9124e-4793-904d-f37a-d2ad6e60cab5'::uuid, '1ffa7aa0-1fb0-8faa-e2d0-632595981187'::uuid, 'Keep Satisfied: Provide concise, high-level milestone updates focused on risk mitigation and ROI.', 3),
  ('7a2f7c04-e7a4-c397-3075-2fa13e94a8b8'::uuid, '1ffa7aa0-1fb0-8faa-e2d0-632595981187'::uuid, 'Keep Informed: Engage them in detailed user interface wireframe review sessions.', 4),
  ('932c1ce4-9bc1-87b4-a701-2401aee41834'::uuid, '289424ea-25df-9e07-12cb-09fe39bdd8e3'::uuid, 'Mandatory late-night video conferences twice daily for all developer teams.', 1),
  ('7e5113ad-9c0c-c1d7-7d4a-4cfe310e25de'::uuid, '289424ea-25df-9e07-12cb-09fe39bdd8e3'::uuid, 'Replacing all ticketing systems with unorganized team messaging channels.', 2),
  ('1956554c-17bc-c84c-242e-6dd03b02b9bf'::uuid, '289424ea-25df-9e07-12cb-09fe39bdd8e3'::uuid, 'Relying exclusively on weekly PDF status reports distributed via email attachments.', 3),
  ('1c32ce7d-13f0-6a0c-fc4b-49f7e3485427'::uuid, '289424ea-25df-9e07-12cb-09fe39bdd8e3'::uuid, 'Centralized kanban task boards with daily asynchronous standup threads and integrated code repositories.', 4),
  ('9542e5a9-8861-7c5f-e234-0713f34618e8'::uuid, '60a11751-3994-6803-6fd7-7251fd526a7d'::uuid, 'Role-based access controls (RBAC) with end-to-end encryption and audit logging for all shared project repositories.', 1),
  ('ea4bd463-7ac8-03a8-6548-658f8f5cbc96'::uuid, '60a11751-3994-6803-6fd7-7251fd526a7d'::uuid, 'Storing project files in a public cloud folder protected only by a shared master password.', 2),
  ('8736e9f9-a60f-1e75-90b8-d83a2c10bf36'::uuid, '60a11751-3994-6803-6fd7-7251fd526a7d'::uuid, 'Distributing unencrypted patient samples to external QA vendors via standard email.', 3),
  ('793ffe7f-3d41-bf5d-29df-9aaa0676b000'::uuid, '60a11751-3994-6803-6fd7-7251fd526a7d'::uuid, 'Disabling file access logs to maximize server download performance during testing.', 4),
  ('eeec09dd-1cec-579f-714f-109745d78087'::uuid, '20973c62-4ef0-5a55-03db-bfbff86ade76'::uuid, 'Conceal the vulnerability until the post-launch maintenance patch cycle next quarter.', 1),
  ('f544500c-8159-d246-242a-4e2267f2223d'::uuid, '20973c62-4ef0-5a55-03db-bfbff86ade76'::uuid, 'Escalate immediately to the Risk Committee and Technical Lead with a vulnerability summary and proposed remediation timeline.', 2),
  ('da9f60d0-4c07-f44e-e8fc-0b1c21fccbc5'::uuid, '20973c62-4ef0-5a55-03db-bfbff86ade76'::uuid, 'Notify public news media immediately before conducting internal technical verification.', 3),
  ('5f225df5-a3e0-7356-6985-305f65f4d290'::uuid, '20973c62-4ef0-5a55-03db-bfbff86ade76'::uuid, 'Unilaterally shut down the entire enterprise network without notifying business unit leaders.', 4),
  ('634c8d98-14a6-4ae9-8e05-b7c5178e84e4'::uuid, 'f2745d13-ae24-06b8-f1a4-1fbd279fb3f7'::uuid, 'ANSI/ASHRAE datacenter cooling standards.', 1),
  ('0fbe8a4c-159b-faf1-8368-523aeccf4a76'::uuid, 'f2745d13-ae24-06b8-f1a4-1fbd279fb3f7'::uuid, 'IEEE 802.11 wireless network transmission protocols.', 2),
  ('301983d0-333c-0bb0-4c1b-ef328c67de1c'::uuid, 'f2745d13-ae24-06b8-f1a4-1fbd279fb3f7'::uuid, 'COBIT combined with ITIL service management frameworks.', 3),
  ('518d3873-7769-917c-b212-40e71c16a0c2'::uuid, 'f2745d13-ae24-06b8-f1a4-1fbd279fb3f7'::uuid, 'W3C Cascading Style Sheets specification.', 4),
  ('89d47447-7dc3-39b2-dccf-3515fc17b7d2'::uuid, '7650fcfb-f32f-60e9-cf57-a595ef71c302'::uuid, 'Manage Closely: Require them to attend daily 30-minute agile standups.', 1),
  ('193e1114-bcf6-6095-4325-ff698f6b2c47'::uuid, '7650fcfb-f32f-60e9-cf57-a595ef71c302'::uuid, 'Monitor Only: Send them raw technical server logs at the end of every sprint.', 2),
  ('c5f974f8-5511-4259-71b5-e2a9286cef01'::uuid, '7650fcfb-f32f-60e9-cf57-a595ef71c302'::uuid, 'Keep Informed: Engage them in detailed user interface wireframe review sessions.', 3),
  ('5614920e-1730-5dc1-008c-ed0c8d8a3392'::uuid, '7650fcfb-f32f-60e9-cf57-a595ef71c302'::uuid, 'Keep Satisfied: Provide concise, high-level milestone updates focused on risk mitigation and ROI.', 4),
  ('16a2efe4-59ef-0b96-8b10-0cab061214da'::uuid, 'eac25b0f-1bf9-db79-f6e2-5d4f4272df3c'::uuid, 'Centralized kanban task boards with daily asynchronous standup threads and integrated code repositories.', 1),
  ('172a5c67-c1ab-1521-2bf1-e589b6358d61'::uuid, 'eac25b0f-1bf9-db79-f6e2-5d4f4272df3c'::uuid, 'Mandatory late-night video conferences twice daily for all developer teams.', 2),
  ('fae27f14-15c2-b0db-8e30-311df18686a4'::uuid, 'eac25b0f-1bf9-db79-f6e2-5d4f4272df3c'::uuid, 'Replacing all ticketing systems with unorganized team messaging channels.', 3),
  ('7a6c54c3-4428-f4af-1f24-99eacba157ad'::uuid, 'eac25b0f-1bf9-db79-f6e2-5d4f4272df3c'::uuid, 'Relying exclusively on weekly PDF status reports distributed via email attachments.', 4),
  ('9a625d37-f06d-03c4-7cb1-45fac0a5f6e7'::uuid, '05350285-9477-ce20-addc-1a6428f6b906'::uuid, 'Storing project files in a public cloud folder protected only by a shared master password.', 1),
  ('04b2b15e-ccb0-0c90-7b4e-c0dfb15e4b51'::uuid, '05350285-9477-ce20-addc-1a6428f6b906'::uuid, 'Role-based access controls (RBAC) with end-to-end encryption and audit logging for all shared project repositories.', 2),
  ('769fbb83-f0ba-6839-0095-8025071431df'::uuid, '05350285-9477-ce20-addc-1a6428f6b906'::uuid, 'Distributing unencrypted patient samples to external QA vendors via standard email.', 3),
  ('a694ec30-bc72-c093-ac8b-23d4aee3439e'::uuid, '05350285-9477-ce20-addc-1a6428f6b906'::uuid, 'Disabling file access logs to maximize server download performance during testing.', 4),
  ('9f45c9d3-e655-0e1d-8e9d-913ba5c83b8e'::uuid, '26eb2df7-9981-b7c7-8f04-9fdf98d2af52'::uuid, 'Conceal the vulnerability until the post-launch maintenance patch cycle next quarter.', 1),
  ('93f0e176-a84f-cc74-19d5-d711c764ceb5'::uuid, '26eb2df7-9981-b7c7-8f04-9fdf98d2af52'::uuid, 'Notify public news media immediately before conducting internal technical verification.', 2),
  ('cef7c476-596a-d068-dbdf-735eecbefa48'::uuid, '26eb2df7-9981-b7c7-8f04-9fdf98d2af52'::uuid, 'Escalate immediately to the Risk Committee and Technical Lead with a vulnerability summary and proposed remediation timeline.', 3),
  ('857c425e-f813-2bde-7df6-e5bad1d38687'::uuid, '26eb2df7-9981-b7c7-8f04-9fdf98d2af52'::uuid, 'Unilaterally shut down the entire enterprise network without notifying business unit leaders.', 4),
  ('3c80c4e0-66dd-fac8-7f6c-2961cf3dd85d'::uuid, '5099c10e-d73d-c1e5-ccd7-ef0c38e1966c'::uuid, 'ANSI/ASHRAE datacenter cooling standards.', 1),
  ('270c9156-a349-8122-cf35-ac9cf2be6972'::uuid, '5099c10e-d73d-c1e5-ccd7-ef0c38e1966c'::uuid, 'IEEE 802.11 wireless network transmission protocols.', 2),
  ('53724b13-3b30-4224-2fa1-4e1aad0653fa'::uuid, '5099c10e-d73d-c1e5-ccd7-ef0c38e1966c'::uuid, 'W3C Cascading Style Sheets specification.', 3),
  ('d86e2a57-bac6-5c59-dce8-24935ee34d83'::uuid, '5099c10e-d73d-c1e5-ccd7-ef0c38e1966c'::uuid, 'COBIT combined with ITIL service management frameworks.', 4),
  ('bad31e4d-4316-7618-b58f-6809c59bc24b'::uuid, '689b41c7-0e6d-ded8-7df2-3fa8f718344c'::uuid, 'Keep Satisfied: Provide concise, high-level milestone updates focused on risk mitigation and ROI.', 1),
  ('fb10694f-ba25-0f4a-8a4a-8dfd64e7ed55'::uuid, '689b41c7-0e6d-ded8-7df2-3fa8f718344c'::uuid, 'Manage Closely: Require them to attend daily 30-minute agile standups.', 2),
  ('81d8073d-c121-4121-91fd-ab65b6395fb0'::uuid, '689b41c7-0e6d-ded8-7df2-3fa8f718344c'::uuid, 'Monitor Only: Send them raw technical server logs at the end of every sprint.', 3),
  ('195d230b-f824-b702-e3c5-ed9ca585fe6c'::uuid, '689b41c7-0e6d-ded8-7df2-3fa8f718344c'::uuid, 'Keep Informed: Engage them in detailed user interface wireframe review sessions.', 4),
  ('2f259380-7b23-ea67-b227-65405e507887'::uuid, '0460aec6-6704-9323-a609-170d2106733b'::uuid, 'Mandatory late-night video conferences twice daily for all developer teams.', 1),
  ('70905457-ca98-c12a-bcb5-73a51c1870e9'::uuid, '0460aec6-6704-9323-a609-170d2106733b'::uuid, 'Centralized kanban task boards with daily asynchronous standup threads and integrated code repositories.', 2),
  ('c1b8bfed-b47e-fe2b-9b2b-64497e70ab9e'::uuid, '0460aec6-6704-9323-a609-170d2106733b'::uuid, 'Replacing all ticketing systems with unorganized team messaging channels.', 3),
  ('334fa52c-8ecc-da2b-da0d-9dad1319e12f'::uuid, '0460aec6-6704-9323-a609-170d2106733b'::uuid, 'Relying exclusively on weekly PDF status reports distributed via email attachments.', 4),
  ('f71fdb16-0cbb-3df9-b071-00d83de1298f'::uuid, 'c381ed52-8c69-1cd7-f454-0c386f560e2b'::uuid, 'Storing project files in a public cloud folder protected only by a shared master password.', 1),
  ('8733947c-b7e9-99ed-2e9d-bec30c322472'::uuid, 'c381ed52-8c69-1cd7-f454-0c386f560e2b'::uuid, 'Distributing unencrypted patient samples to external QA vendors via standard email.', 2),
  ('a6ad459c-137f-feb5-787b-de8466d7184d'::uuid, 'c381ed52-8c69-1cd7-f454-0c386f560e2b'::uuid, 'Role-based access controls (RBAC) with end-to-end encryption and audit logging for all shared project repositories.', 3),
  ('6de831e7-0a53-8af3-78f2-df1ac7b90b1e'::uuid, 'c381ed52-8c69-1cd7-f454-0c386f560e2b'::uuid, 'Disabling file access logs to maximize server download performance during testing.', 4),
  ('22603d69-20f5-6cd8-8cb6-c225fee7458c'::uuid, 'e4a757cb-347c-6bb8-c8bc-480fd5d91f0b'::uuid, 'Conceal the vulnerability until the post-launch maintenance patch cycle next quarter.', 1),
  ('5a64bb34-62b1-4ee7-4829-f8469d7d89b8'::uuid, 'e4a757cb-347c-6bb8-c8bc-480fd5d91f0b'::uuid, 'Notify public news media immediately before conducting internal technical verification.', 2),
  ('ba784a7e-9abd-a6b0-c2f7-072d0fa65fcf'::uuid, 'e4a757cb-347c-6bb8-c8bc-480fd5d91f0b'::uuid, 'Unilaterally shut down the entire enterprise network without notifying business unit leaders.', 3),
  ('165a2ef7-6791-3706-64f9-d2ee1fb9683d'::uuid, 'e4a757cb-347c-6bb8-c8bc-480fd5d91f0b'::uuid, 'Escalate immediately to the Risk Committee and Technical Lead with a vulnerability summary and proposed remediation timeline.', 4),
  ('fd9d5a18-27af-bbb0-51f8-0521be74ad79'::uuid, '9c51d702-2396-ca47-f5dd-7ed055a36f38'::uuid, 'COBIT combined with ITIL service management frameworks.', 1),
  ('f0c512e5-1c16-7afd-0eae-1bf0958bf863'::uuid, '9c51d702-2396-ca47-f5dd-7ed055a36f38'::uuid, 'ANSI/ASHRAE datacenter cooling standards.', 2),
  ('8f696b93-e745-a7eb-c56a-768323d469f3'::uuid, '9c51d702-2396-ca47-f5dd-7ed055a36f38'::uuid, 'IEEE 802.11 wireless network transmission protocols.', 3),
  ('8b0d7072-2aba-5834-255b-04faf28055c0'::uuid, '9c51d702-2396-ca47-f5dd-7ed055a36f38'::uuid, 'W3C Cascading Style Sheets specification.', 4),
  ('a263db8d-33d1-4fc2-4279-5a06f11bcfde'::uuid, '7ec9e318-6e7f-2ffb-559c-24d94deaaa9e'::uuid, 'Manage Closely: Require them to attend daily 30-minute agile standups.', 1),
  ('2ecac2da-8745-900c-96ad-1053afe84757'::uuid, '7ec9e318-6e7f-2ffb-559c-24d94deaaa9e'::uuid, 'Keep Satisfied: Provide concise, high-level milestone updates focused on risk mitigation and ROI.', 2),
  ('1a2507c6-d104-5f08-af9a-447a4c9b025a'::uuid, '7ec9e318-6e7f-2ffb-559c-24d94deaaa9e'::uuid, 'Monitor Only: Send them raw technical server logs at the end of every sprint.', 3),
  ('c4a27ec4-72bf-31cf-6264-759f2a4e7dc0'::uuid, '7ec9e318-6e7f-2ffb-559c-24d94deaaa9e'::uuid, 'Keep Informed: Engage them in detailed user interface wireframe review sessions.', 4),
  ('1b4578f9-814f-c5f0-b015-19c78cfc3883'::uuid, '6720c432-4481-f543-9af5-05e2973a60bc'::uuid, 'Mandatory late-night video conferences twice daily for all developer teams.', 1),
  ('41b71583-31ce-5730-bb44-1c5d4a017745'::uuid, '6720c432-4481-f543-9af5-05e2973a60bc'::uuid, 'Replacing all ticketing systems with unorganized team messaging channels.', 2),
  ('16252266-49d0-a9b8-ccd6-8618afe58eba'::uuid, '6720c432-4481-f543-9af5-05e2973a60bc'::uuid, 'Centralized kanban task boards with daily asynchronous standup threads and integrated code repositories.', 3),
  ('b66e19b6-a018-1c4f-54e2-bc0183053035'::uuid, '6720c432-4481-f543-9af5-05e2973a60bc'::uuid, 'Relying exclusively on weekly PDF status reports distributed via email attachments.', 4),
  ('fe853a51-23fc-bd73-5db6-765f9b7fdccf'::uuid, 'd462947b-ac7a-58f6-365c-c34325db92fb'::uuid, 'Storing project files in a public cloud folder protected only by a shared master password.', 1),
  ('54c2a3e6-d6fc-1b13-759e-d8ae88b102aa'::uuid, 'd462947b-ac7a-58f6-365c-c34325db92fb'::uuid, 'Distributing unencrypted patient samples to external QA vendors via standard email.', 2),
  ('51332e95-7d80-7ee6-90ab-6362154b30b9'::uuid, 'd462947b-ac7a-58f6-365c-c34325db92fb'::uuid, 'Disabling file access logs to maximize server download performance during testing.', 3),
  ('c5eb0e93-16be-01ea-0b68-9762c1984fdd'::uuid, 'd462947b-ac7a-58f6-365c-c34325db92fb'::uuid, 'Role-based access controls (RBAC) with end-to-end encryption and audit logging for all shared project repositories.', 4),
  ('83f5289a-18ef-be8e-a882-9ceafd5cff47'::uuid, 'aac16a9b-a5ae-b1fd-792c-ea50844d08ba'::uuid, 'Escalate immediately to the Risk Committee and Technical Lead with a vulnerability summary and proposed remediation timeline.', 1),
  ('ee43be3f-b9c4-dd09-3363-4008cebd6e52'::uuid, 'aac16a9b-a5ae-b1fd-792c-ea50844d08ba'::uuid, 'Conceal the vulnerability until the post-launch maintenance patch cycle next quarter.', 2),
  ('722bd544-b95a-9b0c-50c3-c437ada0d10f'::uuid, 'aac16a9b-a5ae-b1fd-792c-ea50844d08ba'::uuid, 'Notify public news media immediately before conducting internal technical verification.', 3),
  ('59348ca5-5a40-3480-f029-8304491bf10d'::uuid, 'aac16a9b-a5ae-b1fd-792c-ea50844d08ba'::uuid, 'Unilaterally shut down the entire enterprise network without notifying business unit leaders.', 4),
  ('c1d7d4c6-12e8-e4d5-d425-8d2b316c4eda'::uuid, '2adfe1f1-03cf-0b46-6703-28eeabfd9b75'::uuid, 'ANSI/ASHRAE datacenter cooling standards.', 1),
  ('2c1f2052-e8e7-fcb9-cf33-db3bc1ffdc67'::uuid, '2adfe1f1-03cf-0b46-6703-28eeabfd9b75'::uuid, 'COBIT combined with ITIL service management frameworks.', 2),
  ('2f3b7bda-46ec-1349-b097-554021cffef2'::uuid, '2adfe1f1-03cf-0b46-6703-28eeabfd9b75'::uuid, 'IEEE 802.11 wireless network transmission protocols.', 3),
  ('c484d956-41ea-7de7-d490-4812bbcce87a'::uuid, '2adfe1f1-03cf-0b46-6703-28eeabfd9b75'::uuid, 'W3C Cascading Style Sheets specification.', 4),
  ('f5cfcf32-f938-ab57-e308-7dd634ceaea2'::uuid, '2ebf8035-2daf-ea0c-946a-921d057b33d6'::uuid, 'Manage Closely: Require them to attend daily 30-minute agile standups.', 1),
  ('dc325d7c-386a-425f-b253-61dfb7c255ab'::uuid, '2ebf8035-2daf-ea0c-946a-921d057b33d6'::uuid, 'Monitor Only: Send them raw technical server logs at the end of every sprint.', 2),
  ('2aaef38b-0510-273a-d55e-c58442ed5828'::uuid, '2ebf8035-2daf-ea0c-946a-921d057b33d6'::uuid, 'Keep Satisfied: Provide concise, high-level milestone updates focused on risk mitigation and ROI.', 3),
  ('021c1f7e-a7e1-ba4d-0969-332cfeb2386d'::uuid, '2ebf8035-2daf-ea0c-946a-921d057b33d6'::uuid, 'Keep Informed: Engage them in detailed user interface wireframe review sessions.', 4),
  ('0ef0a778-1f6f-c475-e3e7-550f82686ab8'::uuid, 'e63dfa89-0b29-2d68-61fc-3380d58fcbba'::uuid, 'Mandatory late-night video conferences twice daily for all developer teams.', 1),
  ('18e16df3-532b-6c73-98ae-39405ddae4f1'::uuid, 'e63dfa89-0b29-2d68-61fc-3380d58fcbba'::uuid, 'Replacing all ticketing systems with unorganized team messaging channels.', 2),
  ('8a617776-4a02-33df-314a-00c31043c025'::uuid, 'e63dfa89-0b29-2d68-61fc-3380d58fcbba'::uuid, 'Relying exclusively on weekly PDF status reports distributed via email attachments.', 3),
  ('61444551-8c0f-8701-742f-c1da06906050'::uuid, 'e63dfa89-0b29-2d68-61fc-3380d58fcbba'::uuid, 'Centralized kanban task boards with daily asynchronous standup threads and integrated code repositories.', 4),
  ('7ec4d5aa-691b-2ba4-91c6-a16b99eea29d'::uuid, 'db08dda5-88a1-56e0-5f8d-49a0cc1680a0'::uuid, 'Role-based access controls (RBAC) with end-to-end encryption and audit logging for all shared project repositories.', 1),
  ('fd5efdbe-4ec1-8ca5-3102-426616eee553'::uuid, 'db08dda5-88a1-56e0-5f8d-49a0cc1680a0'::uuid, 'Storing project files in a public cloud folder protected only by a shared master password.', 2),
  ('cec5eb5b-d1b6-8a25-b1c6-f7a72bcf4ed6'::uuid, 'db08dda5-88a1-56e0-5f8d-49a0cc1680a0'::uuid, 'Distributing unencrypted patient samples to external QA vendors via standard email.', 3),
  ('6ac785ab-687d-4c6f-18bd-5c9d59e7c164'::uuid, 'db08dda5-88a1-56e0-5f8d-49a0cc1680a0'::uuid, 'Disabling file access logs to maximize server download performance during testing.', 4),
  ('5614a0fc-45f1-7a1e-7590-a88d16e2bd0e'::uuid, '7f0f1d55-8e20-7e84-1579-cfdb6d58574a'::uuid, 'Conceal the vulnerability until the post-launch maintenance patch cycle next quarter.', 1),
  ('e897c6ff-12f7-6f6a-167f-ad3b7dc6343c'::uuid, '7f0f1d55-8e20-7e84-1579-cfdb6d58574a'::uuid, 'Escalate immediately to the Risk Committee and Technical Lead with a vulnerability summary and proposed remediation timeline.', 2),
  ('ed0e6858-f0ae-d0e7-fd93-3d15f9c0434f'::uuid, '7f0f1d55-8e20-7e84-1579-cfdb6d58574a'::uuid, 'Notify public news media immediately before conducting internal technical verification.', 3),
  ('01585dfe-23cc-ac27-2d7a-c336f2cde3b1'::uuid, '7f0f1d55-8e20-7e84-1579-cfdb6d58574a'::uuid, 'Unilaterally shut down the entire enterprise network without notifying business unit leaders.', 4),
  ('28eefbfa-23ad-69c6-fdb5-d5a59ba162a2'::uuid, '0f1a946e-05e6-b754-52e8-667479297bfc'::uuid, 'ANSI/ASHRAE datacenter cooling standards.', 1),
  ('9285f0d5-8aa4-423e-4be4-d0946faaacb9'::uuid, '0f1a946e-05e6-b754-52e8-667479297bfc'::uuid, 'IEEE 802.11 wireless network transmission protocols.', 2),
  ('27770cc2-9c5d-b7b7-bf92-3d90e79d77f1'::uuid, '0f1a946e-05e6-b754-52e8-667479297bfc'::uuid, 'COBIT combined with ITIL service management frameworks.', 3),
  ('2d9d10b8-ac26-d254-3016-32da8e4ae975'::uuid, '0f1a946e-05e6-b754-52e8-667479297bfc'::uuid, 'W3C Cascading Style Sheets specification.', 4),
  ('8da0a10f-8f08-c24c-ba28-29d74aea693d'::uuid, '8981f20a-5534-d350-0bd3-782328797d82'::uuid, 'Manage Closely: Require them to attend daily 30-minute agile standups.', 1),
  ('de269920-3178-8473-55de-e4f7406ee872'::uuid, '8981f20a-5534-d350-0bd3-782328797d82'::uuid, 'Monitor Only: Send them raw technical server logs at the end of every sprint.', 2),
  ('a0d1a3db-978b-38e2-d460-58567969df87'::uuid, '8981f20a-5534-d350-0bd3-782328797d82'::uuid, 'Keep Informed: Engage them in detailed user interface wireframe review sessions.', 3),
  ('a1a622d3-8d14-8e4d-fea8-d99c39cdbcb0'::uuid, '8981f20a-5534-d350-0bd3-782328797d82'::uuid, 'Keep Satisfied: Provide concise, high-level milestone updates focused on risk mitigation and ROI.', 4),
  ('b68f34bf-c406-1aae-4b10-5284580335d9'::uuid, 'f27b8052-6b1e-a435-51dd-dfabdd56935c'::uuid, 'Centralized kanban task boards with daily asynchronous standup threads and integrated code repositories.', 1),
  ('cdd40176-b634-bb96-bdd2-fd65cf99328b'::uuid, 'f27b8052-6b1e-a435-51dd-dfabdd56935c'::uuid, 'Mandatory late-night video conferences twice daily for all developer teams.', 2),
  ('aab29040-15fe-4b38-c251-946898eeca33'::uuid, 'f27b8052-6b1e-a435-51dd-dfabdd56935c'::uuid, 'Replacing all ticketing systems with unorganized team messaging channels.', 3),
  ('ce3893b1-210a-975a-356c-57a18b919882'::uuid, 'f27b8052-6b1e-a435-51dd-dfabdd56935c'::uuid, 'Relying exclusively on weekly PDF status reports distributed via email attachments.', 4),
  ('9cb4787c-d0e6-2871-6a35-dc786e7b565f'::uuid, '2c6c89c2-d12b-0669-6d8a-71bee84e866c'::uuid, 'Storing project files in a public cloud folder protected only by a shared master password.', 1),
  ('b67352d5-490f-e686-c9a0-1006c8c37357'::uuid, '2c6c89c2-d12b-0669-6d8a-71bee84e866c'::uuid, 'Role-based access controls (RBAC) with end-to-end encryption and audit logging for all shared project repositories.', 2),
  ('16664d6c-9049-12df-466e-26ee2c075ae3'::uuid, '2c6c89c2-d12b-0669-6d8a-71bee84e866c'::uuid, 'Distributing unencrypted patient samples to external QA vendors via standard email.', 3),
  ('48e4bbf1-e1ab-2aaf-fada-4721cc856c01'::uuid, '2c6c89c2-d12b-0669-6d8a-71bee84e866c'::uuid, 'Disabling file access logs to maximize server download performance during testing.', 4),
  ('261e7431-782c-9da9-4eda-e1cee9b92a9b'::uuid, 'a34a7d11-8661-9321-9486-867dd0d95684'::uuid, 'Conceal the vulnerability until the post-launch maintenance patch cycle next quarter.', 1),
  ('a6bcf340-f11d-bd82-0ec5-0d1ad704a33c'::uuid, 'a34a7d11-8661-9321-9486-867dd0d95684'::uuid, 'Notify public news media immediately before conducting internal technical verification.', 2),
  ('24f2d40f-23c2-096e-ed10-99f59aef44a9'::uuid, 'a34a7d11-8661-9321-9486-867dd0d95684'::uuid, 'Escalate immediately to the Risk Committee and Technical Lead with a vulnerability summary and proposed remediation timeline.', 3),
  ('5f1ded69-f028-d080-e62a-00ae1588d4d4'::uuid, 'a34a7d11-8661-9321-9486-867dd0d95684'::uuid, 'Unilaterally shut down the entire enterprise network without notifying business unit leaders.', 4),
  ('f41b9f92-997a-44b1-0443-9e8fac9f0382'::uuid, '49b5981d-5c21-c4f8-f60a-731bd89ba8a0'::uuid, 'ANSI/ASHRAE datacenter cooling standards.', 1),
  ('54fb0119-ac45-05c6-25db-02a3680d2dfe'::uuid, '49b5981d-5c21-c4f8-f60a-731bd89ba8a0'::uuid, 'IEEE 802.11 wireless network transmission protocols.', 2),
  ('8d2339ee-4580-9221-5337-80014fcd3b0f'::uuid, '49b5981d-5c21-c4f8-f60a-731bd89ba8a0'::uuid, 'W3C Cascading Style Sheets specification.', 3),
  ('820875de-edba-b7f2-277c-29b8f7ecdf96'::uuid, '49b5981d-5c21-c4f8-f60a-731bd89ba8a0'::uuid, 'COBIT combined with ITIL service management frameworks.', 4),
  ('529582b9-e5b7-a0b3-8f2d-6c55d766743e'::uuid, '8ac35b56-d7d8-6135-9d78-7dd2421bc6ce'::uuid, 'Keep Satisfied: Provide concise, high-level milestone updates focused on risk mitigation and ROI.', 1),
  ('d6f5382f-17da-f1db-c822-87b815633dcc'::uuid, '8ac35b56-d7d8-6135-9d78-7dd2421bc6ce'::uuid, 'Manage Closely: Require them to attend daily 30-minute agile standups.', 2),
  ('76b40ae4-9e77-863f-4951-4a17e9d70200'::uuid, '8ac35b56-d7d8-6135-9d78-7dd2421bc6ce'::uuid, 'Monitor Only: Send them raw technical server logs at the end of every sprint.', 3),
  ('6e604ae6-f873-a9f8-524f-23a45e0afff6'::uuid, '8ac35b56-d7d8-6135-9d78-7dd2421bc6ce'::uuid, 'Keep Informed: Engage them in detailed user interface wireframe review sessions.', 4),
  ('5af8e76a-f728-add8-677f-4d79fd89d034'::uuid, '26683618-b379-7bee-2ce0-206033dad08d'::uuid, 'Mandatory late-night video conferences twice daily for all developer teams.', 1),
  ('992ce6d4-ca8d-1347-7bb1-a391ec2d5854'::uuid, '26683618-b379-7bee-2ce0-206033dad08d'::uuid, 'Centralized kanban task boards with daily asynchronous standup threads and integrated code repositories.', 2),
  ('f8cb8a95-2e47-a448-5ee7-3797d0573d13'::uuid, '26683618-b379-7bee-2ce0-206033dad08d'::uuid, 'Replacing all ticketing systems with unorganized team messaging channels.', 3),
  ('cf4cf2ba-f838-2fbe-e8a4-2372af99d20c'::uuid, '26683618-b379-7bee-2ce0-206033dad08d'::uuid, 'Relying exclusively on weekly PDF status reports distributed via email attachments.', 4),
  ('05c58b02-c187-2e03-47b8-e5586044d2e8'::uuid, 'ad18f175-bed2-ef3e-f4bc-766ac9c7a142'::uuid, 'Storing project files in a public cloud folder protected only by a shared master password.', 1),
  ('35ba1078-f9d7-5bc6-6be2-1bc3a944fe79'::uuid, 'ad18f175-bed2-ef3e-f4bc-766ac9c7a142'::uuid, 'Distributing unencrypted patient samples to external QA vendors via standard email.', 2),
  ('47643c3a-5b0f-a78a-f13e-6109c6d5f619'::uuid, 'ad18f175-bed2-ef3e-f4bc-766ac9c7a142'::uuid, 'Role-based access controls (RBAC) with end-to-end encryption and audit logging for all shared project repositories.', 3),
  ('3b79b92c-85a4-d028-cf4f-99fb214ce342'::uuid, 'ad18f175-bed2-ef3e-f4bc-766ac9c7a142'::uuid, 'Disabling file access logs to maximize server download performance during testing.', 4),
  ('b78ad8fa-3239-70ee-c402-296597bebe35'::uuid, '2e3cc8a9-f27d-f96b-db75-1ed8d619c6ca'::uuid, 'Conceal the vulnerability until the post-launch maintenance patch cycle next quarter.', 1),
  ('f12d841c-669e-bad6-07bb-8fa46ffa3c6f'::uuid, '2e3cc8a9-f27d-f96b-db75-1ed8d619c6ca'::uuid, 'Notify public news media immediately before conducting internal technical verification.', 2),
  ('e041be41-8d6d-00b0-f883-d02c16a8427f'::uuid, '2e3cc8a9-f27d-f96b-db75-1ed8d619c6ca'::uuid, 'Unilaterally shut down the entire enterprise network without notifying business unit leaders.', 3),
  ('e597ef82-2c58-47b3-cfdc-bc9397797191'::uuid, '2e3cc8a9-f27d-f96b-db75-1ed8d619c6ca'::uuid, 'Escalate immediately to the Risk Committee and Technical Lead with a vulnerability summary and proposed remediation timeline.', 4),
  ('979d6d0f-e22e-81e7-f02a-01eccb1cd10a'::uuid, '77a654c6-f1f1-032e-8f0c-1e1853980fa1'::uuid, 'COBIT combined with ITIL service management frameworks.', 1),
  ('763e9451-4743-3e3a-931e-5d3057ecda76'::uuid, '77a654c6-f1f1-032e-8f0c-1e1853980fa1'::uuid, 'ANSI/ASHRAE datacenter cooling standards.', 2),
  ('ed86cc97-84c5-1208-5dff-7e932971c93e'::uuid, '77a654c6-f1f1-032e-8f0c-1e1853980fa1'::uuid, 'IEEE 802.11 wireless network transmission protocols.', 3),
  ('3a0c31bb-b509-7a39-3d20-97130324f977'::uuid, '77a654c6-f1f1-032e-8f0c-1e1853980fa1'::uuid, 'W3C Cascading Style Sheets specification.', 4),
  ('a5071e1d-1779-b157-89f2-5af92672f3e5'::uuid, '03082315-b945-f1ee-0efb-5501eb45032e'::uuid, 'Manage Closely: Require them to attend daily 30-minute agile standups.', 1),
  ('3d0b2d95-54fb-409a-bf77-8d7bf4ae5fa6'::uuid, '03082315-b945-f1ee-0efb-5501eb45032e'::uuid, 'Keep Satisfied: Provide concise, high-level milestone updates focused on risk mitigation and ROI.', 2),
  ('e1d15329-76e5-643f-1d3e-34605ffb7548'::uuid, '03082315-b945-f1ee-0efb-5501eb45032e'::uuid, 'Monitor Only: Send them raw technical server logs at the end of every sprint.', 3),
  ('3ba0458f-7009-ffc9-d1a7-91fc101d1f1a'::uuid, '03082315-b945-f1ee-0efb-5501eb45032e'::uuid, 'Keep Informed: Engage them in detailed user interface wireframe review sessions.', 4),
  ('f4ae3c61-7027-e0f9-37e6-b1c5dc502e68'::uuid, '8a43115a-0073-e142-9458-4e595a8948f1'::uuid, 'Mandatory late-night video conferences twice daily for all developer teams.', 1),
  ('e8db447d-b7cd-17bc-c27b-daa5f98376c0'::uuid, '8a43115a-0073-e142-9458-4e595a8948f1'::uuid, 'Replacing all ticketing systems with unorganized team messaging channels.', 2),
  ('3090faa5-59cb-1645-e9b9-8948e900a4c6'::uuid, '8a43115a-0073-e142-9458-4e595a8948f1'::uuid, 'Centralized kanban task boards with daily asynchronous standup threads and integrated code repositories.', 3),
  ('910ec4dc-dcdc-b05a-39a5-d065611a36f1'::uuid, '8a43115a-0073-e142-9458-4e595a8948f1'::uuid, 'Relying exclusively on weekly PDF status reports distributed via email attachments.', 4),
  ('69cdf543-ad38-060d-773e-506608ff84ac'::uuid, '37a94138-e68c-90bc-aa43-cf2b113407e9'::uuid, 'Storing project files in a public cloud folder protected only by a shared master password.', 1),
  ('7e85b23a-8129-c15c-6244-f8400576c7bf'::uuid, '37a94138-e68c-90bc-aa43-cf2b113407e9'::uuid, 'Distributing unencrypted patient samples to external QA vendors via standard email.', 2),
  ('60616d8f-30ac-2998-9dca-b9ec66583635'::uuid, '37a94138-e68c-90bc-aa43-cf2b113407e9'::uuid, 'Disabling file access logs to maximize server download performance during testing.', 3),
  ('2b71de45-ad57-7445-6366-4f6ec30858c6'::uuid, '37a94138-e68c-90bc-aa43-cf2b113407e9'::uuid, 'Role-based access controls (RBAC) with end-to-end encryption and audit logging for all shared project repositories.', 4),
  ('6c99a7af-f6a5-6f36-7df1-26f6b38bebb3'::uuid, '6debcd1c-8230-9105-954f-bb3b85e7562d'::uuid, 'Escalate immediately to the Risk Committee and Technical Lead with a vulnerability summary and proposed remediation timeline.', 1),
  ('4d6e9941-eb50-6c8a-c242-6bcab0d2f73e'::uuid, '6debcd1c-8230-9105-954f-bb3b85e7562d'::uuid, 'Conceal the vulnerability until the post-launch maintenance patch cycle next quarter.', 2),
  ('a3a76004-3d3b-3ab9-6602-e46e558ffb26'::uuid, '6debcd1c-8230-9105-954f-bb3b85e7562d'::uuid, 'Notify public news media immediately before conducting internal technical verification.', 3),
  ('c39cd21e-f9b6-8bd5-c3dd-64852538343d'::uuid, '6debcd1c-8230-9105-954f-bb3b85e7562d'::uuid, 'Unilaterally shut down the entire enterprise network without notifying business unit leaders.', 4),
  ('cc6938b5-9995-8d58-2cd8-2d5a7cb17972'::uuid, '88236eeb-d608-b162-61bf-331047230a49'::uuid, 'ANSI/ASHRAE datacenter cooling standards.', 1),
  ('23b3609b-0140-af99-f98a-2be425d1af30'::uuid, '88236eeb-d608-b162-61bf-331047230a49'::uuid, 'COBIT combined with ITIL service management frameworks.', 2),
  ('ec659e70-162d-8cbc-1a26-2e38753f6ef5'::uuid, '88236eeb-d608-b162-61bf-331047230a49'::uuid, 'IEEE 802.11 wireless network transmission protocols.', 3),
  ('513a7cbf-df72-e35f-997c-4df70b17f242'::uuid, '88236eeb-d608-b162-61bf-331047230a49'::uuid, 'W3C Cascading Style Sheets specification.', 4),
  ('4dbd6227-75e0-63e8-1ad5-2721302262f9'::uuid, '4cb0dd67-e4e2-5413-71f4-57129299e176'::uuid, 'Manage Closely: Require them to attend daily 30-minute agile standups.', 1),
  ('0f67128d-2ff0-0984-ab28-852af8b7ab2d'::uuid, '4cb0dd67-e4e2-5413-71f4-57129299e176'::uuid, 'Monitor Only: Send them raw technical server logs at the end of every sprint.', 2),
  ('6e9d1e03-cf0a-9c32-8cb0-1701a74c2efe'::uuid, '4cb0dd67-e4e2-5413-71f4-57129299e176'::uuid, 'Keep Satisfied: Provide concise, high-level milestone updates focused on risk mitigation and ROI.', 3),
  ('279b8abd-0df1-ccb2-60be-d0a44fcd484a'::uuid, '4cb0dd67-e4e2-5413-71f4-57129299e176'::uuid, 'Keep Informed: Engage them in detailed user interface wireframe review sessions.', 4),
  ('5126fe6e-8e25-741d-f220-42eaf29fc650'::uuid, '73d1de1f-1e07-de9e-1dda-9cabbb250a6b'::uuid, 'Mandatory late-night video conferences twice daily for all developer teams.', 1),
  ('f40be8c5-2d97-be0c-7d36-86fa5fff87ef'::uuid, '73d1de1f-1e07-de9e-1dda-9cabbb250a6b'::uuid, 'Replacing all ticketing systems with unorganized team messaging channels.', 2),
  ('2c601e79-43ed-c36c-2a5f-5a718b49b9e9'::uuid, '73d1de1f-1e07-de9e-1dda-9cabbb250a6b'::uuid, 'Relying exclusively on weekly PDF status reports distributed via email attachments.', 3),
  ('1029ea60-d4f4-2c3b-9937-b2e3ba04478d'::uuid, '73d1de1f-1e07-de9e-1dda-9cabbb250a6b'::uuid, 'Centralized kanban task boards with daily asynchronous standup threads and integrated code repositories.', 4),
  ('c5c967da-898b-b4ae-a19f-78e82f3253ab'::uuid, 'e123998a-e8ea-525c-032a-d4ba24869d60'::uuid, 'Role-based access controls (RBAC) with end-to-end encryption and audit logging for all shared project repositories.', 1),
  ('bd881c18-b024-35f0-3beb-a527be1c7400'::uuid, 'e123998a-e8ea-525c-032a-d4ba24869d60'::uuid, 'Storing project files in a public cloud folder protected only by a shared master password.', 2),
  ('cc0415b7-745e-8044-b33a-8a6f1164898a'::uuid, 'e123998a-e8ea-525c-032a-d4ba24869d60'::uuid, 'Distributing unencrypted patient samples to external QA vendors via standard email.', 3),
  ('21f66a0d-50ea-ec63-368c-f4d3ca1848ca'::uuid, 'e123998a-e8ea-525c-032a-d4ba24869d60'::uuid, 'Disabling file access logs to maximize server download performance during testing.', 4),
  ('36d0d893-b4db-f9d3-ce10-19d7bff7336c'::uuid, '23d2bdce-8011-abfb-454f-e85c9c520f66'::uuid, 'Conceal the vulnerability until the post-launch maintenance patch cycle next quarter.', 1),
  ('5990c1c2-eb64-0298-2971-24f450d84fa3'::uuid, '23d2bdce-8011-abfb-454f-e85c9c520f66'::uuid, 'Escalate immediately to the Risk Committee and Technical Lead with a vulnerability summary and proposed remediation timeline.', 2),
  ('28106f77-2a6c-4781-8719-2c36a7983af1'::uuid, '23d2bdce-8011-abfb-454f-e85c9c520f66'::uuid, 'Notify public news media immediately before conducting internal technical verification.', 3),
  ('562eadbe-c8b9-dcd7-a5d6-e2ef63a44503'::uuid, '23d2bdce-8011-abfb-454f-e85c9c520f66'::uuid, 'Unilaterally shut down the entire enterprise network without notifying business unit leaders.', 4),
  ('99ac811b-1e3d-4793-b4d6-dee94f754977'::uuid, 'f0f0f52e-71cd-0638-bd89-2ac64ca37d02'::uuid, 'ANSI/ASHRAE datacenter cooling standards.', 1),
  ('c50cc293-ae3d-1b45-6758-a3dae0b1118e'::uuid, 'f0f0f52e-71cd-0638-bd89-2ac64ca37d02'::uuid, 'IEEE 802.11 wireless network transmission protocols.', 2),
  ('f0222f5b-61aa-5502-f6b9-36e6e6a7f482'::uuid, 'f0f0f52e-71cd-0638-bd89-2ac64ca37d02'::uuid, 'COBIT combined with ITIL service management frameworks.', 3),
  ('81e4899c-0c07-8965-e3a0-70b021355689'::uuid, 'f0f0f52e-71cd-0638-bd89-2ac64ca37d02'::uuid, 'W3C Cascading Style Sheets specification.', 4)
on conflict (id) do update
set question_id = excluded.question_id,
    option_text = excluded.option_text,
    position = excluded.position;

insert into public.question_answer_keys (question_id, correct_option_id)
values
  ('cb73a0ef-207e-d96c-cc73-19e1d559a2fa'::uuid, 'ed389efb-9a45-1f5c-4b2a-72bb619bbf17'::uuid),
  ('b065d9d2-8b48-2858-7da3-badde549fde0'::uuid, '99bf1962-5518-74be-68d4-d820258ee438'::uuid),
  ('e419a3d5-8126-3da5-2abd-aac20c594c65'::uuid, '76a5c967-c89b-c76c-cc98-f74c2285b054'::uuid),
  ('62018b63-fc8a-8d43-b06f-67552850e48f'::uuid, '980e08e7-a56e-9ab1-063b-afde64b6078d'::uuid),
  ('92948f1e-a9fb-dad3-64ca-b51ac5683cf6'::uuid, '9c5db27a-5d71-ea87-5fa0-57dc5b853a6b'::uuid),
  ('b365a3e0-9b42-5e71-975f-1571d03682ce'::uuid, '9d4064c4-4347-5635-e00f-12a956d31e20'::uuid),
  ('88073926-0ef5-a39c-0f67-b15a681dcefa'::uuid, '7a8bce51-56b7-5783-c418-b0fd37120494'::uuid),
  ('8b81e034-4617-b786-4875-401251143081'::uuid, '6c6dcadd-927b-08b5-a021-27d79b3d3a20'::uuid),
  ('92aa944c-7655-be54-78ee-89876d963051'::uuid, '2b7fbde8-59b1-a6b4-5d46-d839d7de2654'::uuid),
  ('7c265fed-bee4-5777-712b-5798f07946b7'::uuid, '0fcb13f3-3a6c-e6ed-a5a7-1ae5d3c1d5c6'::uuid),
  ('f4681242-40dc-e7d5-212a-39cd40f1be0f'::uuid, 'd3eefb2c-9be1-919b-922e-3247cf43474e'::uuid),
  ('7f1c10f3-34a3-6f25-c8bc-1015729fec2d'::uuid, '2cae2fbd-acff-fb06-0bfb-329279c792bc'::uuid),
  ('52cdddd4-7483-d94e-d8d7-8b72572ade09'::uuid, '83f6c34a-ac1f-4be9-ea7b-e93e1eb384e6'::uuid),
  ('f246ede4-9ff3-c68d-fb82-3000601af888'::uuid, 'b48409a5-3fcf-13d7-19d4-dd6984b2a9e5'::uuid),
  ('9d06c31d-b630-5398-138e-5cfb8ac81f15'::uuid, '651cb9b3-ca98-0489-6219-449e4aaeb038'::uuid),
  ('3c768b3a-709a-1e3b-6f61-eed1018154dd'::uuid, 'ea480521-8df1-58eb-381a-e1e65cbcca6e'::uuid),
  ('a8ec28ad-35df-99b5-254a-76535736054b'::uuid, '10dd191f-a244-6ccd-5fc3-461b982e0560'::uuid),
  ('f79dc220-53ac-45b9-2b46-54f33caa721f'::uuid, 'd44a5ce1-6aeb-929f-4b18-278f0e72bf9d'::uuid),
  ('f1901cff-d33c-4bab-be39-ae49a50a6f9b'::uuid, '41e76d02-8d2f-9ca7-e028-f92016778b46'::uuid),
  ('b22b253e-7d40-ef45-9c60-c2170035ef35'::uuid, '4468f7dc-2dbb-f7f9-b137-a8f2ccecbdcb'::uuid),
  ('7e2226d2-7764-ec97-da16-f122f827a92f'::uuid, '97ec2d33-6ef7-c7f5-809d-f12cfac033cd'::uuid),
  ('80c07357-bbfb-42eb-9ee0-60cb290a9270'::uuid, 'b0afb8af-df64-10ed-a344-ad5a6807946f'::uuid),
  ('f0cdb118-179c-ec61-c309-7ab8210a55a9'::uuid, '8ded32ee-2ea8-7340-eb47-224535904a8c'::uuid),
  ('e1f7a979-b818-ff36-96e9-a769f6422f9d'::uuid, 'bba80406-30b7-7c1e-39e0-6fa461196907'::uuid),
  ('c6f3d618-8c87-b46f-a6ff-7afa4b470e76'::uuid, '9d8b3fc8-b776-3884-2ddf-cd2bf13d8c24'::uuid),
  ('d1f43d10-1e08-6bd0-7ae9-7f4652e546fe'::uuid, 'f5418742-7291-a439-8362-4452cebc1b93'::uuid),
  ('27975a4b-1ae7-cbed-0431-19d48073dc88'::uuid, '638bc6e9-b6fe-48e0-66fd-9d41304fc59a'::uuid),
  ('218e467f-7209-c32d-bf60-f6ce5e304bea'::uuid, 'ce7b153d-35d2-432b-8690-eed41750cde4'::uuid),
  ('b27307c6-8752-86d2-13e9-74c742c41dca'::uuid, '4f87878c-6843-ddf2-2212-e9b52f18bbef'::uuid),
  ('e8a5ed38-026a-ba1a-7525-09c171a1a3de'::uuid, '727910c8-6798-907c-6e49-10f1e581b808'::uuid),
  ('1ffa7aa0-1fb0-8faa-e2d0-632595981187'::uuid, 'd3f9124e-4793-904d-f37a-d2ad6e60cab5'::uuid),
  ('289424ea-25df-9e07-12cb-09fe39bdd8e3'::uuid, '1c32ce7d-13f0-6a0c-fc4b-49f7e3485427'::uuid),
  ('60a11751-3994-6803-6fd7-7251fd526a7d'::uuid, '9542e5a9-8861-7c5f-e234-0713f34618e8'::uuid),
  ('20973c62-4ef0-5a55-03db-bfbff86ade76'::uuid, 'f544500c-8159-d246-242a-4e2267f2223d'::uuid),
  ('f2745d13-ae24-06b8-f1a4-1fbd279fb3f7'::uuid, '301983d0-333c-0bb0-4c1b-ef328c67de1c'::uuid),
  ('7650fcfb-f32f-60e9-cf57-a595ef71c302'::uuid, '5614920e-1730-5dc1-008c-ed0c8d8a3392'::uuid),
  ('eac25b0f-1bf9-db79-f6e2-5d4f4272df3c'::uuid, '16a2efe4-59ef-0b96-8b10-0cab061214da'::uuid),
  ('05350285-9477-ce20-addc-1a6428f6b906'::uuid, '04b2b15e-ccb0-0c90-7b4e-c0dfb15e4b51'::uuid),
  ('26eb2df7-9981-b7c7-8f04-9fdf98d2af52'::uuid, 'cef7c476-596a-d068-dbdf-735eecbefa48'::uuid),
  ('5099c10e-d73d-c1e5-ccd7-ef0c38e1966c'::uuid, 'd86e2a57-bac6-5c59-dce8-24935ee34d83'::uuid),
  ('689b41c7-0e6d-ded8-7df2-3fa8f718344c'::uuid, 'bad31e4d-4316-7618-b58f-6809c59bc24b'::uuid),
  ('0460aec6-6704-9323-a609-170d2106733b'::uuid, '70905457-ca98-c12a-bcb5-73a51c1870e9'::uuid),
  ('c381ed52-8c69-1cd7-f454-0c386f560e2b'::uuid, 'a6ad459c-137f-feb5-787b-de8466d7184d'::uuid),
  ('e4a757cb-347c-6bb8-c8bc-480fd5d91f0b'::uuid, '165a2ef7-6791-3706-64f9-d2ee1fb9683d'::uuid),
  ('9c51d702-2396-ca47-f5dd-7ed055a36f38'::uuid, 'fd9d5a18-27af-bbb0-51f8-0521be74ad79'::uuid),
  ('7ec9e318-6e7f-2ffb-559c-24d94deaaa9e'::uuid, '2ecac2da-8745-900c-96ad-1053afe84757'::uuid),
  ('6720c432-4481-f543-9af5-05e2973a60bc'::uuid, '16252266-49d0-a9b8-ccd6-8618afe58eba'::uuid),
  ('d462947b-ac7a-58f6-365c-c34325db92fb'::uuid, 'c5eb0e93-16be-01ea-0b68-9762c1984fdd'::uuid),
  ('aac16a9b-a5ae-b1fd-792c-ea50844d08ba'::uuid, '83f5289a-18ef-be8e-a882-9ceafd5cff47'::uuid),
  ('2adfe1f1-03cf-0b46-6703-28eeabfd9b75'::uuid, '2c1f2052-e8e7-fcb9-cf33-db3bc1ffdc67'::uuid),
  ('2ebf8035-2daf-ea0c-946a-921d057b33d6'::uuid, '2aaef38b-0510-273a-d55e-c58442ed5828'::uuid),
  ('e63dfa89-0b29-2d68-61fc-3380d58fcbba'::uuid, '61444551-8c0f-8701-742f-c1da06906050'::uuid),
  ('db08dda5-88a1-56e0-5f8d-49a0cc1680a0'::uuid, '7ec4d5aa-691b-2ba4-91c6-a16b99eea29d'::uuid),
  ('7f0f1d55-8e20-7e84-1579-cfdb6d58574a'::uuid, 'e897c6ff-12f7-6f6a-167f-ad3b7dc6343c'::uuid),
  ('0f1a946e-05e6-b754-52e8-667479297bfc'::uuid, '27770cc2-9c5d-b7b7-bf92-3d90e79d77f1'::uuid),
  ('8981f20a-5534-d350-0bd3-782328797d82'::uuid, 'a1a622d3-8d14-8e4d-fea8-d99c39cdbcb0'::uuid),
  ('f27b8052-6b1e-a435-51dd-dfabdd56935c'::uuid, 'b68f34bf-c406-1aae-4b10-5284580335d9'::uuid),
  ('2c6c89c2-d12b-0669-6d8a-71bee84e866c'::uuid, 'b67352d5-490f-e686-c9a0-1006c8c37357'::uuid),
  ('a34a7d11-8661-9321-9486-867dd0d95684'::uuid, '24f2d40f-23c2-096e-ed10-99f59aef44a9'::uuid),
  ('49b5981d-5c21-c4f8-f60a-731bd89ba8a0'::uuid, '820875de-edba-b7f2-277c-29b8f7ecdf96'::uuid),
  ('8ac35b56-d7d8-6135-9d78-7dd2421bc6ce'::uuid, '529582b9-e5b7-a0b3-8f2d-6c55d766743e'::uuid),
  ('26683618-b379-7bee-2ce0-206033dad08d'::uuid, '992ce6d4-ca8d-1347-7bb1-a391ec2d5854'::uuid),
  ('ad18f175-bed2-ef3e-f4bc-766ac9c7a142'::uuid, '47643c3a-5b0f-a78a-f13e-6109c6d5f619'::uuid),
  ('2e3cc8a9-f27d-f96b-db75-1ed8d619c6ca'::uuid, 'e597ef82-2c58-47b3-cfdc-bc9397797191'::uuid),
  ('77a654c6-f1f1-032e-8f0c-1e1853980fa1'::uuid, '979d6d0f-e22e-81e7-f02a-01eccb1cd10a'::uuid),
  ('03082315-b945-f1ee-0efb-5501eb45032e'::uuid, '3d0b2d95-54fb-409a-bf77-8d7bf4ae5fa6'::uuid),
  ('8a43115a-0073-e142-9458-4e595a8948f1'::uuid, '3090faa5-59cb-1645-e9b9-8948e900a4c6'::uuid),
  ('37a94138-e68c-90bc-aa43-cf2b113407e9'::uuid, '2b71de45-ad57-7445-6366-4f6ec30858c6'::uuid),
  ('6debcd1c-8230-9105-954f-bb3b85e7562d'::uuid, '6c99a7af-f6a5-6f36-7df1-26f6b38bebb3'::uuid),
  ('88236eeb-d608-b162-61bf-331047230a49'::uuid, '23b3609b-0140-af99-f98a-2be425d1af30'::uuid),
  ('4cb0dd67-e4e2-5413-71f4-57129299e176'::uuid, '6e9d1e03-cf0a-9c32-8cb0-1701a74c2efe'::uuid),
  ('73d1de1f-1e07-de9e-1dda-9cabbb250a6b'::uuid, '1029ea60-d4f4-2c3b-9937-b2e3ba04478d'::uuid),
  ('e123998a-e8ea-525c-032a-d4ba24869d60'::uuid, 'c5c967da-898b-b4ae-a19f-78e82f3253ab'::uuid),
  ('23d2bdce-8011-abfb-454f-e85c9c520f66'::uuid, '5990c1c2-eb64-0298-2971-24f450d84fa3'::uuid),
  ('f0f0f52e-71cd-0638-bd89-2ac64ca37d02'::uuid, 'f0222f5b-61aa-5502-f6b9-36e6e6a7f482'::uuid)
on conflict (question_id) do update
set correct_option_id = excluded.correct_option_id,
    updated_at = now();

update public.exam_prices
set is_default = false, updated_at = now()
where examination_id = '1d178fed-f007-6b21-8c07-e8a8301f0c05'::uuid
  and currency <> 'NGN'
  and is_default = true;

insert into public.exam_prices (
  id, examination_id, currency, amount_minor, country_codes,
  is_default, is_active, effective_from, effective_to
) values (
  '96a63781-a559-8f2e-a084-1f3ecc7b49de'::uuid,
  '1d178fed-f007-6b21-8c07-e8a8301f0c05'::uuid,
  'NGN',
  2500000,
  array['NG']::text[],
  true,
  true,
  now(),
  null
)
on conflict (examination_id, currency) do update
set amount_minor = 2500000,
    country_codes = array['NG']::text[],
    is_default = true,
    is_active = true,
    effective_from = least(public.exam_prices.effective_from, now()),
    effective_to = null,
    updated_at = now();

-- RMP: Risk Management Professional (RMP)
insert into public.programmes (id, code, name, description, is_active)
values (
  '801b4722-295f-032d-4d76-2bbd8cf8596d'::uuid,
  'RMP',
  'Risk Management Professional (RMP)',
  '75 Questions. Focus: Qualitative & Quantitative Risk Analysis (Monte Carlo), Risk Response Strategies, and ISO 31000 ERM.',
  true
)
on conflict (code) do update
set name = excluded.name,
    description = excluded.description,
    is_active = true,
    updated_at = now();

insert into public.examinations (
  id, programme_id, title, instructions, duration_minutes, pass_mark,
  status, max_attempts, randomize_questions, randomize_options,
  allow_self_enrollment, requires_payment
) values (
  '0dadec7a-f11f-61d1-eb5d-e6e61d17d023'::uuid,
  (select id from public.programmes where code = 'RMP'),
  'Risk Management Professional (RMP)',
  'Answer every question. This examination is timed and protected by IIPM examination integrity controls. Payment, an approved scholarship coupon or an administrator assignment is required before launch.',
  120,
  70,
  'published',
  1,
  true,
  true,
  false,
  true
)
on conflict (id) do update
set programme_id = excluded.programme_id,
    title = excluded.title,
    instructions = excluded.instructions,
    duration_minutes = excluded.duration_minutes,
    pass_mark = excluded.pass_mark,
    status = excluded.status,
    max_attempts = excluded.max_attempts,
    randomize_questions = excluded.randomize_questions,
    randomize_options = excluded.randomize_options,
    allow_self_enrollment = false,
    requires_payment = true,
    updated_at = now();

with ranked_existing as (
  select id, row_number() over (order by id) as replacement_position
  from public.questions
  where examination_id = '0dadec7a-f11f-61d1-eb5d-e6e61d17d023'::uuid
)
update public.questions q
set is_active = false,
    position = 100000 + ranked_existing.replacement_position,
    updated_at = now()
from ranked_existing
where q.id = ranked_existing.id;

insert into public.questions (id, examination_id, question_text, position, points, is_active)
values
  ('75079c81-477f-6985-e867-1b475710445a'::uuid, '0dadec7a-f11f-61d1-eb5d-e6e61d17d023'::uuid, '[Qualitative Risk Analysis - Scenario 1] When evaluating project risks on a Probability and Impact Matrix, a high-impact, low-probability threat (such as a regional power grid failure) is identified. How should this risk be prioritized?', 1, 1, true),
  ('0289cb38-165f-9786-ca7f-d5890f334d09'::uuid, '0dadec7a-f11f-61d1-eb5d-e6e61d17d023'::uuid, '[Quantitative Risk Modeling - Scenario 2] A risk manager performs a Monte Carlo simulation on a $50M infrastructure project schedule. The simulation indicates an 85% probability of completion within 14 months. What does this P85 metric represent?', 2, 1, true),
  ('fa03e8b6-d7b1-e9d5-4d85-7f0241128200'::uuid, '0dadec7a-f11f-61d1-eb5d-e6e61d17d023'::uuid, '[Risk Response Strategies - Scenario 3] A project team faces currency exchange volatility that could increase raw material procurement costs by 20%. The organization purchases a financial futures contract to lock in current exchange rates. Which risk response strategy was executed?', 3, 1, true),
  ('39e1968a-0739-b2a3-afca-02fa0f8bbc51'::uuid, '0dadec7a-f11f-61d1-eb5d-e6e61d17d023'::uuid, '[Contingency & Management Reserves - Scenario 4] During project execution, an unidentifiable unknown-unknown risk occurs, impacting critical network infrastructure. Which reserve fund should be authorized by senior management to absorb this cost?', 4, 1, true),
  ('10e7b1cb-8172-b256-97bb-05092632de00'::uuid, '0dadec7a-f11f-61d1-eb5d-e6e61d17d023'::uuid, '[Enterprise Risk Governance (ERM) - Scenario 5] Under the ISO 31000 Risk Management Standard, what is the primary purpose of establishing the organizational context during risk framework design?', 5, 1, true),
  ('ed4ff738-61be-09a3-954a-cd5afd378f13'::uuid, '0dadec7a-f11f-61d1-eb5d-e6e61d17d023'::uuid, '[Qualitative Risk Analysis - Scenario 6] When evaluating project risks on a Probability and Impact Matrix, a high-impact, low-probability threat (such as a regional power grid failure) is identified. How should this risk be prioritized?', 6, 1, true),
  ('53f84d5d-3b47-c2bb-909b-3835f22f8a5b'::uuid, '0dadec7a-f11f-61d1-eb5d-e6e61d17d023'::uuid, '[Quantitative Risk Modeling - Scenario 7] A risk manager performs a Monte Carlo simulation on a $50M infrastructure project schedule. The simulation indicates an 85% probability of completion within 14 months. What does this P85 metric represent?', 7, 1, true),
  ('24de3c4f-cabe-ab3c-b2c9-5cfaa87aebaf'::uuid, '0dadec7a-f11f-61d1-eb5d-e6e61d17d023'::uuid, '[Risk Response Strategies - Scenario 8] A project team faces currency exchange volatility that could increase raw material procurement costs by 20%. The organization purchases a financial futures contract to lock in current exchange rates. Which risk response strategy was executed?', 8, 1, true),
  ('e5a38ebd-1b90-d782-9937-389d05818ce6'::uuid, '0dadec7a-f11f-61d1-eb5d-e6e61d17d023'::uuid, '[Contingency & Management Reserves - Scenario 9] During project execution, an unidentifiable unknown-unknown risk occurs, impacting critical network infrastructure. Which reserve fund should be authorized by senior management to absorb this cost?', 9, 1, true),
  ('00475f51-e478-1f0f-ac02-5bd06802da63'::uuid, '0dadec7a-f11f-61d1-eb5d-e6e61d17d023'::uuid, '[Enterprise Risk Governance (ERM) - Scenario 10] Under the ISO 31000 Risk Management Standard, what is the primary purpose of establishing the organizational context during risk framework design?', 10, 1, true),
  ('dbd474b8-d7a4-21c3-d123-2f5171224125'::uuid, '0dadec7a-f11f-61d1-eb5d-e6e61d17d023'::uuid, '[Qualitative Risk Analysis - Scenario 11] When evaluating project risks on a Probability and Impact Matrix, a high-impact, low-probability threat (such as a regional power grid failure) is identified. How should this risk be prioritized?', 11, 1, true),
  ('88d23f9b-80ed-50f6-0a26-49518ec57ee5'::uuid, '0dadec7a-f11f-61d1-eb5d-e6e61d17d023'::uuid, '[Quantitative Risk Modeling - Scenario 12] A risk manager performs a Monte Carlo simulation on a $50M infrastructure project schedule. The simulation indicates an 85% probability of completion within 14 months. What does this P85 metric represent?', 12, 1, true),
  ('b1d69575-629a-7e7f-9dbd-5cc1d11a02e6'::uuid, '0dadec7a-f11f-61d1-eb5d-e6e61d17d023'::uuid, '[Risk Response Strategies - Scenario 13] A project team faces currency exchange volatility that could increase raw material procurement costs by 20%. The organization purchases a financial futures contract to lock in current exchange rates. Which risk response strategy was executed?', 13, 1, true),
  ('f69f31b0-08cb-3f4d-91bc-1208ee7894e1'::uuid, '0dadec7a-f11f-61d1-eb5d-e6e61d17d023'::uuid, '[Contingency & Management Reserves - Scenario 14] During project execution, an unidentifiable unknown-unknown risk occurs, impacting critical network infrastructure. Which reserve fund should be authorized by senior management to absorb this cost?', 14, 1, true),
  ('3dbdd80e-2b10-9862-c33e-da59857e3c3b'::uuid, '0dadec7a-f11f-61d1-eb5d-e6e61d17d023'::uuid, '[Enterprise Risk Governance (ERM) - Scenario 15] Under the ISO 31000 Risk Management Standard, what is the primary purpose of establishing the organizational context during risk framework design?', 15, 1, true),
  ('7a8eb0e4-e8f8-6d5a-080e-0efe7982d2ec'::uuid, '0dadec7a-f11f-61d1-eb5d-e6e61d17d023'::uuid, '[Qualitative Risk Analysis - Scenario 16] When evaluating project risks on a Probability and Impact Matrix, a high-impact, low-probability threat (such as a regional power grid failure) is identified. How should this risk be prioritized?', 16, 1, true),
  ('ddc6b96f-6015-11a6-50e8-3b44e177fe4a'::uuid, '0dadec7a-f11f-61d1-eb5d-e6e61d17d023'::uuid, '[Quantitative Risk Modeling - Scenario 17] A risk manager performs a Monte Carlo simulation on a $50M infrastructure project schedule. The simulation indicates an 85% probability of completion within 14 months. What does this P85 metric represent?', 17, 1, true),
  ('19574d32-3cf9-bbb9-7453-37ed0d71e8ef'::uuid, '0dadec7a-f11f-61d1-eb5d-e6e61d17d023'::uuid, '[Risk Response Strategies - Scenario 18] A project team faces currency exchange volatility that could increase raw material procurement costs by 20%. The organization purchases a financial futures contract to lock in current exchange rates. Which risk response strategy was executed?', 18, 1, true),
  ('f0e07f24-9da3-444e-25bf-f7a149afa6c4'::uuid, '0dadec7a-f11f-61d1-eb5d-e6e61d17d023'::uuid, '[Contingency & Management Reserves - Scenario 19] During project execution, an unidentifiable unknown-unknown risk occurs, impacting critical network infrastructure. Which reserve fund should be authorized by senior management to absorb this cost?', 19, 1, true),
  ('886d8a74-2783-f4b5-8d89-4627c8f6651b'::uuid, '0dadec7a-f11f-61d1-eb5d-e6e61d17d023'::uuid, '[Enterprise Risk Governance (ERM) - Scenario 20] Under the ISO 31000 Risk Management Standard, what is the primary purpose of establishing the organizational context during risk framework design?', 20, 1, true),
  ('038b086b-8cd4-e426-8968-c2a83f6a1d66'::uuid, '0dadec7a-f11f-61d1-eb5d-e6e61d17d023'::uuid, '[Qualitative Risk Analysis - Scenario 21] When evaluating project risks on a Probability and Impact Matrix, a high-impact, low-probability threat (such as a regional power grid failure) is identified. How should this risk be prioritized?', 21, 1, true),
  ('e151c841-a416-fc38-2aa0-edf8ce6916dc'::uuid, '0dadec7a-f11f-61d1-eb5d-e6e61d17d023'::uuid, '[Quantitative Risk Modeling - Scenario 22] A risk manager performs a Monte Carlo simulation on a $50M infrastructure project schedule. The simulation indicates an 85% probability of completion within 14 months. What does this P85 metric represent?', 22, 1, true),
  ('3b686b94-8ab9-264c-ab53-cdd0864f976a'::uuid, '0dadec7a-f11f-61d1-eb5d-e6e61d17d023'::uuid, '[Risk Response Strategies - Scenario 23] A project team faces currency exchange volatility that could increase raw material procurement costs by 20%. The organization purchases a financial futures contract to lock in current exchange rates. Which risk response strategy was executed?', 23, 1, true),
  ('7fbd7443-8072-470b-7ad8-d766ebc6840f'::uuid, '0dadec7a-f11f-61d1-eb5d-e6e61d17d023'::uuid, '[Contingency & Management Reserves - Scenario 24] During project execution, an unidentifiable unknown-unknown risk occurs, impacting critical network infrastructure. Which reserve fund should be authorized by senior management to absorb this cost?', 24, 1, true),
  ('55d3031c-11c7-90a6-573a-6cb7e958719c'::uuid, '0dadec7a-f11f-61d1-eb5d-e6e61d17d023'::uuid, '[Enterprise Risk Governance (ERM) - Scenario 25] Under the ISO 31000 Risk Management Standard, what is the primary purpose of establishing the organizational context during risk framework design?', 25, 1, true),
  ('39d4ffb5-6674-3395-18b8-943e1e0e36af'::uuid, '0dadec7a-f11f-61d1-eb5d-e6e61d17d023'::uuid, '[Qualitative Risk Analysis - Scenario 26] When evaluating project risks on a Probability and Impact Matrix, a high-impact, low-probability threat (such as a regional power grid failure) is identified. How should this risk be prioritized?', 26, 1, true),
  ('c5a33678-bc85-2318-d2e3-ac5114c28326'::uuid, '0dadec7a-f11f-61d1-eb5d-e6e61d17d023'::uuid, '[Quantitative Risk Modeling - Scenario 27] A risk manager performs a Monte Carlo simulation on a $50M infrastructure project schedule. The simulation indicates an 85% probability of completion within 14 months. What does this P85 metric represent?', 27, 1, true),
  ('731e9f41-e196-d4a4-0354-14e209b4458f'::uuid, '0dadec7a-f11f-61d1-eb5d-e6e61d17d023'::uuid, '[Risk Response Strategies - Scenario 28] A project team faces currency exchange volatility that could increase raw material procurement costs by 20%. The organization purchases a financial futures contract to lock in current exchange rates. Which risk response strategy was executed?', 28, 1, true),
  ('19047307-afdb-268c-8953-dde878497e74'::uuid, '0dadec7a-f11f-61d1-eb5d-e6e61d17d023'::uuid, '[Contingency & Management Reserves - Scenario 29] During project execution, an unidentifiable unknown-unknown risk occurs, impacting critical network infrastructure. Which reserve fund should be authorized by senior management to absorb this cost?', 29, 1, true),
  ('f278fcff-aa68-fd0b-ef9c-5722dae11378'::uuid, '0dadec7a-f11f-61d1-eb5d-e6e61d17d023'::uuid, '[Enterprise Risk Governance (ERM) - Scenario 30] Under the ISO 31000 Risk Management Standard, what is the primary purpose of establishing the organizational context during risk framework design?', 30, 1, true),
  ('92f885cf-44f0-3454-d1c4-3b2a59308a2f'::uuid, '0dadec7a-f11f-61d1-eb5d-e6e61d17d023'::uuid, '[Qualitative Risk Analysis - Scenario 31] When evaluating project risks on a Probability and Impact Matrix, a high-impact, low-probability threat (such as a regional power grid failure) is identified. How should this risk be prioritized?', 31, 1, true),
  ('30958ac1-dcdb-48f6-1642-b75eac4f7bbf'::uuid, '0dadec7a-f11f-61d1-eb5d-e6e61d17d023'::uuid, '[Quantitative Risk Modeling - Scenario 32] A risk manager performs a Monte Carlo simulation on a $50M infrastructure project schedule. The simulation indicates an 85% probability of completion within 14 months. What does this P85 metric represent?', 32, 1, true),
  ('4f51e2ff-d8be-107c-57e9-66dfebfadfe8'::uuid, '0dadec7a-f11f-61d1-eb5d-e6e61d17d023'::uuid, '[Risk Response Strategies - Scenario 33] A project team faces currency exchange volatility that could increase raw material procurement costs by 20%. The organization purchases a financial futures contract to lock in current exchange rates. Which risk response strategy was executed?', 33, 1, true),
  ('3a194c03-49fe-2cfc-9539-c8f75aa526fd'::uuid, '0dadec7a-f11f-61d1-eb5d-e6e61d17d023'::uuid, '[Contingency & Management Reserves - Scenario 34] During project execution, an unidentifiable unknown-unknown risk occurs, impacting critical network infrastructure. Which reserve fund should be authorized by senior management to absorb this cost?', 34, 1, true),
  ('7dbd3c06-80e8-2df0-c8d2-0e80dccf5c1e'::uuid, '0dadec7a-f11f-61d1-eb5d-e6e61d17d023'::uuid, '[Enterprise Risk Governance (ERM) - Scenario 35] Under the ISO 31000 Risk Management Standard, what is the primary purpose of establishing the organizational context during risk framework design?', 35, 1, true),
  ('04704f39-5a3c-04a6-5fd0-406ae246a15e'::uuid, '0dadec7a-f11f-61d1-eb5d-e6e61d17d023'::uuid, '[Qualitative Risk Analysis - Scenario 36] When evaluating project risks on a Probability and Impact Matrix, a high-impact, low-probability threat (such as a regional power grid failure) is identified. How should this risk be prioritized?', 36, 1, true),
  ('13948d54-0270-f563-60f7-f0f53cbfeb91'::uuid, '0dadec7a-f11f-61d1-eb5d-e6e61d17d023'::uuid, '[Quantitative Risk Modeling - Scenario 37] A risk manager performs a Monte Carlo simulation on a $50M infrastructure project schedule. The simulation indicates an 85% probability of completion within 14 months. What does this P85 metric represent?', 37, 1, true),
  ('83068b74-7b9b-d63b-3982-bb4d7ff46a14'::uuid, '0dadec7a-f11f-61d1-eb5d-e6e61d17d023'::uuid, '[Risk Response Strategies - Scenario 38] A project team faces currency exchange volatility that could increase raw material procurement costs by 20%. The organization purchases a financial futures contract to lock in current exchange rates. Which risk response strategy was executed?', 38, 1, true),
  ('e881ccf1-fb1a-372e-b62c-aacef82f80d7'::uuid, '0dadec7a-f11f-61d1-eb5d-e6e61d17d023'::uuid, '[Contingency & Management Reserves - Scenario 39] During project execution, an unidentifiable unknown-unknown risk occurs, impacting critical network infrastructure. Which reserve fund should be authorized by senior management to absorb this cost?', 39, 1, true),
  ('7b64d848-3cb7-971c-b9b1-7a536871df67'::uuid, '0dadec7a-f11f-61d1-eb5d-e6e61d17d023'::uuid, '[Enterprise Risk Governance (ERM) - Scenario 40] Under the ISO 31000 Risk Management Standard, what is the primary purpose of establishing the organizational context during risk framework design?', 40, 1, true),
  ('00c5f304-8830-ac53-0f4b-b462b10775dd'::uuid, '0dadec7a-f11f-61d1-eb5d-e6e61d17d023'::uuid, '[Qualitative Risk Analysis - Scenario 41] When evaluating project risks on a Probability and Impact Matrix, a high-impact, low-probability threat (such as a regional power grid failure) is identified. How should this risk be prioritized?', 41, 1, true),
  ('540ab4bb-838e-4a6c-24a3-fbf04162517e'::uuid, '0dadec7a-f11f-61d1-eb5d-e6e61d17d023'::uuid, '[Quantitative Risk Modeling - Scenario 42] A risk manager performs a Monte Carlo simulation on a $50M infrastructure project schedule. The simulation indicates an 85% probability of completion within 14 months. What does this P85 metric represent?', 42, 1, true),
  ('396b143f-5fce-3115-55ee-873fd1a04d6b'::uuid, '0dadec7a-f11f-61d1-eb5d-e6e61d17d023'::uuid, '[Risk Response Strategies - Scenario 43] A project team faces currency exchange volatility that could increase raw material procurement costs by 20%. The organization purchases a financial futures contract to lock in current exchange rates. Which risk response strategy was executed?', 43, 1, true),
  ('e99c2a6e-bd7a-0589-1b57-c10c69e76f03'::uuid, '0dadec7a-f11f-61d1-eb5d-e6e61d17d023'::uuid, '[Contingency & Management Reserves - Scenario 44] During project execution, an unidentifiable unknown-unknown risk occurs, impacting critical network infrastructure. Which reserve fund should be authorized by senior management to absorb this cost?', 44, 1, true),
  ('6066f174-ffbb-ad6d-a94d-c12b470aae75'::uuid, '0dadec7a-f11f-61d1-eb5d-e6e61d17d023'::uuid, '[Enterprise Risk Governance (ERM) - Scenario 45] Under the ISO 31000 Risk Management Standard, what is the primary purpose of establishing the organizational context during risk framework design?', 45, 1, true),
  ('1fb93433-c60d-fa37-db35-3305b1d0d539'::uuid, '0dadec7a-f11f-61d1-eb5d-e6e61d17d023'::uuid, '[Qualitative Risk Analysis - Scenario 46] When evaluating project risks on a Probability and Impact Matrix, a high-impact, low-probability threat (such as a regional power grid failure) is identified. How should this risk be prioritized?', 46, 1, true),
  ('ffe9d5a2-cc71-306a-0f32-0318a73cc545'::uuid, '0dadec7a-f11f-61d1-eb5d-e6e61d17d023'::uuid, '[Quantitative Risk Modeling - Scenario 47] A risk manager performs a Monte Carlo simulation on a $50M infrastructure project schedule. The simulation indicates an 85% probability of completion within 14 months. What does this P85 metric represent?', 47, 1, true),
  ('e539d943-7581-aed8-18f4-44a4652f7cbc'::uuid, '0dadec7a-f11f-61d1-eb5d-e6e61d17d023'::uuid, '[Risk Response Strategies - Scenario 48] A project team faces currency exchange volatility that could increase raw material procurement costs by 20%. The organization purchases a financial futures contract to lock in current exchange rates. Which risk response strategy was executed?', 48, 1, true),
  ('9c2a9a04-c4ed-6c4b-8b93-e53c41d1ec73'::uuid, '0dadec7a-f11f-61d1-eb5d-e6e61d17d023'::uuid, '[Contingency & Management Reserves - Scenario 49] During project execution, an unidentifiable unknown-unknown risk occurs, impacting critical network infrastructure. Which reserve fund should be authorized by senior management to absorb this cost?', 49, 1, true),
  ('3279c885-6758-04f8-b0e3-898e851217f8'::uuid, '0dadec7a-f11f-61d1-eb5d-e6e61d17d023'::uuid, '[Enterprise Risk Governance (ERM) - Scenario 50] Under the ISO 31000 Risk Management Standard, what is the primary purpose of establishing the organizational context during risk framework design?', 50, 1, true),
  ('43e79db3-2d34-4cd4-79de-b384c713eef6'::uuid, '0dadec7a-f11f-61d1-eb5d-e6e61d17d023'::uuid, '[Qualitative Risk Analysis - Scenario 51] When evaluating project risks on a Probability and Impact Matrix, a high-impact, low-probability threat (such as a regional power grid failure) is identified. How should this risk be prioritized?', 51, 1, true),
  ('02961df7-b939-d81c-3223-dfa3f81060e3'::uuid, '0dadec7a-f11f-61d1-eb5d-e6e61d17d023'::uuid, '[Quantitative Risk Modeling - Scenario 52] A risk manager performs a Monte Carlo simulation on a $50M infrastructure project schedule. The simulation indicates an 85% probability of completion within 14 months. What does this P85 metric represent?', 52, 1, true),
  ('375e9267-e746-8275-5cff-7ce008b6fef2'::uuid, '0dadec7a-f11f-61d1-eb5d-e6e61d17d023'::uuid, '[Risk Response Strategies - Scenario 53] A project team faces currency exchange volatility that could increase raw material procurement costs by 20%. The organization purchases a financial futures contract to lock in current exchange rates. Which risk response strategy was executed?', 53, 1, true),
  ('9fa5bca5-6841-e3da-e8b7-41f8f52510bf'::uuid, '0dadec7a-f11f-61d1-eb5d-e6e61d17d023'::uuid, '[Contingency & Management Reserves - Scenario 54] During project execution, an unidentifiable unknown-unknown risk occurs, impacting critical network infrastructure. Which reserve fund should be authorized by senior management to absorb this cost?', 54, 1, true),
  ('78c4f0a3-992e-db57-f6dd-6d8f7894f378'::uuid, '0dadec7a-f11f-61d1-eb5d-e6e61d17d023'::uuid, '[Enterprise Risk Governance (ERM) - Scenario 55] Under the ISO 31000 Risk Management Standard, what is the primary purpose of establishing the organizational context during risk framework design?', 55, 1, true),
  ('a1ec5f5b-8ab6-3de4-7cd6-76c0bb9041ab'::uuid, '0dadec7a-f11f-61d1-eb5d-e6e61d17d023'::uuid, '[Qualitative Risk Analysis - Scenario 56] When evaluating project risks on a Probability and Impact Matrix, a high-impact, low-probability threat (such as a regional power grid failure) is identified. How should this risk be prioritized?', 56, 1, true),
  ('f9c670fc-59e0-9bc9-deed-b1d9184fb397'::uuid, '0dadec7a-f11f-61d1-eb5d-e6e61d17d023'::uuid, '[Quantitative Risk Modeling - Scenario 57] A risk manager performs a Monte Carlo simulation on a $50M infrastructure project schedule. The simulation indicates an 85% probability of completion within 14 months. What does this P85 metric represent?', 57, 1, true),
  ('9dcc16da-7b0d-11ff-186f-d157dc556211'::uuid, '0dadec7a-f11f-61d1-eb5d-e6e61d17d023'::uuid, '[Risk Response Strategies - Scenario 58] A project team faces currency exchange volatility that could increase raw material procurement costs by 20%. The organization purchases a financial futures contract to lock in current exchange rates. Which risk response strategy was executed?', 58, 1, true),
  ('128cb37c-456f-c4a6-16b6-73e918761f31'::uuid, '0dadec7a-f11f-61d1-eb5d-e6e61d17d023'::uuid, '[Contingency & Management Reserves - Scenario 59] During project execution, an unidentifiable unknown-unknown risk occurs, impacting critical network infrastructure. Which reserve fund should be authorized by senior management to absorb this cost?', 59, 1, true),
  ('bbd6b785-a6a5-c560-0dbd-6e87033b4b07'::uuid, '0dadec7a-f11f-61d1-eb5d-e6e61d17d023'::uuid, '[Enterprise Risk Governance (ERM) - Scenario 60] Under the ISO 31000 Risk Management Standard, what is the primary purpose of establishing the organizational context during risk framework design?', 60, 1, true),
  ('af4da5d3-5046-bbad-f3ca-991cbc0bd9a7'::uuid, '0dadec7a-f11f-61d1-eb5d-e6e61d17d023'::uuid, '[Qualitative Risk Analysis - Scenario 61] When evaluating project risks on a Probability and Impact Matrix, a high-impact, low-probability threat (such as a regional power grid failure) is identified. How should this risk be prioritized?', 61, 1, true),
  ('ad313621-a5aa-66b5-2790-23301936923e'::uuid, '0dadec7a-f11f-61d1-eb5d-e6e61d17d023'::uuid, '[Quantitative Risk Modeling - Scenario 62] A risk manager performs a Monte Carlo simulation on a $50M infrastructure project schedule. The simulation indicates an 85% probability of completion within 14 months. What does this P85 metric represent?', 62, 1, true),
  ('fd5962d6-4947-cbb8-bec5-267d8b7519f9'::uuid, '0dadec7a-f11f-61d1-eb5d-e6e61d17d023'::uuid, '[Risk Response Strategies - Scenario 63] A project team faces currency exchange volatility that could increase raw material procurement costs by 20%. The organization purchases a financial futures contract to lock in current exchange rates. Which risk response strategy was executed?', 63, 1, true),
  ('5e9483bf-81ff-a533-4484-3f08ea606785'::uuid, '0dadec7a-f11f-61d1-eb5d-e6e61d17d023'::uuid, '[Contingency & Management Reserves - Scenario 64] During project execution, an unidentifiable unknown-unknown risk occurs, impacting critical network infrastructure. Which reserve fund should be authorized by senior management to absorb this cost?', 64, 1, true),
  ('f47cf3c1-5841-6abd-a843-317c664271ba'::uuid, '0dadec7a-f11f-61d1-eb5d-e6e61d17d023'::uuid, '[Enterprise Risk Governance (ERM) - Scenario 65] Under the ISO 31000 Risk Management Standard, what is the primary purpose of establishing the organizational context during risk framework design?', 65, 1, true),
  ('4dac069d-25cd-f231-4039-44daec4e6249'::uuid, '0dadec7a-f11f-61d1-eb5d-e6e61d17d023'::uuid, '[Qualitative Risk Analysis - Scenario 66] When evaluating project risks on a Probability and Impact Matrix, a high-impact, low-probability threat (such as a regional power grid failure) is identified. How should this risk be prioritized?', 66, 1, true),
  ('8a23d39e-7059-d274-48ae-f378e57b3b28'::uuid, '0dadec7a-f11f-61d1-eb5d-e6e61d17d023'::uuid, '[Quantitative Risk Modeling - Scenario 67] A risk manager performs a Monte Carlo simulation on a $50M infrastructure project schedule. The simulation indicates an 85% probability of completion within 14 months. What does this P85 metric represent?', 67, 1, true),
  ('aa227e96-9d74-68b0-dc12-b2451b53e1d6'::uuid, '0dadec7a-f11f-61d1-eb5d-e6e61d17d023'::uuid, '[Risk Response Strategies - Scenario 68] A project team faces currency exchange volatility that could increase raw material procurement costs by 20%. The organization purchases a financial futures contract to lock in current exchange rates. Which risk response strategy was executed?', 68, 1, true),
  ('5b7e0763-6440-4d7f-9282-ee2be3098fee'::uuid, '0dadec7a-f11f-61d1-eb5d-e6e61d17d023'::uuid, '[Contingency & Management Reserves - Scenario 69] During project execution, an unidentifiable unknown-unknown risk occurs, impacting critical network infrastructure. Which reserve fund should be authorized by senior management to absorb this cost?', 69, 1, true),
  ('203804c6-2321-c905-f169-289fc7fe56ed'::uuid, '0dadec7a-f11f-61d1-eb5d-e6e61d17d023'::uuid, '[Enterprise Risk Governance (ERM) - Scenario 70] Under the ISO 31000 Risk Management Standard, what is the primary purpose of establishing the organizational context during risk framework design?', 70, 1, true),
  ('94f93dd4-d228-f073-bbe8-78b40048e9ac'::uuid, '0dadec7a-f11f-61d1-eb5d-e6e61d17d023'::uuid, '[Qualitative Risk Analysis - Scenario 71] When evaluating project risks on a Probability and Impact Matrix, a high-impact, low-probability threat (such as a regional power grid failure) is identified. How should this risk be prioritized?', 71, 1, true),
  ('fdd72ea2-8235-9f78-7f9c-cb10caa2b366'::uuid, '0dadec7a-f11f-61d1-eb5d-e6e61d17d023'::uuid, '[Quantitative Risk Modeling - Scenario 72] A risk manager performs a Monte Carlo simulation on a $50M infrastructure project schedule. The simulation indicates an 85% probability of completion within 14 months. What does this P85 metric represent?', 72, 1, true),
  ('6274908a-ace8-f781-2cbb-d8dfa36041cb'::uuid, '0dadec7a-f11f-61d1-eb5d-e6e61d17d023'::uuid, '[Risk Response Strategies - Scenario 73] A project team faces currency exchange volatility that could increase raw material procurement costs by 20%. The organization purchases a financial futures contract to lock in current exchange rates. Which risk response strategy was executed?', 73, 1, true),
  ('044c3d92-b17e-404f-c200-752947fcc2d4'::uuid, '0dadec7a-f11f-61d1-eb5d-e6e61d17d023'::uuid, '[Contingency & Management Reserves - Scenario 74] During project execution, an unidentifiable unknown-unknown risk occurs, impacting critical network infrastructure. Which reserve fund should be authorized by senior management to absorb this cost?', 74, 1, true),
  ('8e951541-1b41-ac33-6f69-64c7d9488a01'::uuid, '0dadec7a-f11f-61d1-eb5d-e6e61d17d023'::uuid, '[Enterprise Risk Governance (ERM) - Scenario 75] Under the ISO 31000 Risk Management Standard, what is the primary purpose of establishing the organizational context during risk framework design?', 75, 1, true)
on conflict (id) do update
set examination_id = excluded.examination_id,
    question_text = excluded.question_text,
    position = excluded.position,
    points = excluded.points,
    is_active = true,
    updated_at = now();

insert into public.question_options (id, question_id, option_text, position)
values
  ('e9553b29-f28e-cc56-9af4-f7ca9bfc8872'::uuid, '75079c81-477f-6985-e867-1b475710445a'::uuid, 'Positioned on the risk watch list with a detailed contingency plan and business continuity response.', 1),
  ('fedc251f-2658-c8ae-60d3-4cbb4fd8804e'::uuid, '75079c81-477f-6985-e867-1b475710445a'::uuid, 'Ignored completely because low probability implies zero financial exposure.', 2),
  ('6de2758a-8cc0-5741-64cb-5428d01da7c0'::uuid, '75079c81-477f-6985-e867-1b475710445a'::uuid, 'Converted immediately into an active issue and allocated 50% of the project contingency reserve.', 3),
  ('cbf6bbcd-e227-81d8-e4c7-ffc9c4866c6a'::uuid, '75079c81-477f-6985-e867-1b475710445a'::uuid, 'Transferred immediately to the software development team for code refactoring.', 4),
  ('16ea61f7-ab25-6742-5484-b075e7c01d6f'::uuid, '0289cb38-165f-9786-ca7f-d5890f334d09'::uuid, 'A guarantee that the project will cost 15% less than the approved baseline budget.', 1),
  ('251c8a58-a5f4-0778-fadf-40cb610beba0'::uuid, '0289cb38-165f-9786-ca7f-d5890f334d09'::uuid, 'The project schedule baseline required to achieve an 85% statistical confidence level for on-time delivery.', 2),
  ('28142095-0f1f-69d5-263b-57e4fbe96c46'::uuid, '0289cb38-165f-9786-ca7f-d5890f334d09'::uuid, 'The exact percentage of contractor invoices that will be rejected during audit.', 3),
  ('2c4e45b6-7700-5ab1-f235-ea982c46ac36'::uuid, '0289cb38-165f-9786-ca7f-d5890f334d09'::uuid, 'The probability that a catastrophic risk event will destroy the primary construction site.', 4),
  ('5d960de9-c8cd-005c-7247-9d15e62b6dd6'::uuid, 'fa03e8b6-d7b1-e9d5-4d85-7f0241128200'::uuid, 'Avoided (Risk Avoidance).', 1),
  ('643e3b7e-62a2-958c-4c64-17d8156ded66'::uuid, 'fa03e8b6-d7b1-e9d5-4d85-7f0241128200'::uuid, 'Mitigated (Risk Mitigation).', 2),
  ('bddf1e2f-e2b5-1741-c415-1bfb6442919e'::uuid, 'fa03e8b6-d7b1-e9d5-4d85-7f0241128200'::uuid, 'Transferred (Risk Transfer).', 3),
  ('19e1db7e-f645-cf8e-3d4b-c1a2914784ae'::uuid, 'fa03e8b6-d7b1-e9d5-4d85-7f0241128200'::uuid, 'Accepted (Passive Acceptance).', 4),
  ('c6f8e6eb-9d8a-6c6a-74ad-4412aeaa0e23'::uuid, '39e1968a-0739-b2a3-afca-02fa0f8bbc51'::uuid, 'Contingency Reserve.', 1),
  ('970a7ad2-75c1-ec62-21ea-56b31ab17115'::uuid, '39e1968a-0739-b2a3-afca-02fa0f8bbc51'::uuid, 'Operational Quality Baseline.', 2),
  ('648e61bc-9f42-51ae-8000-82e404b67d77'::uuid, '39e1968a-0739-b2a3-afca-02fa0f8bbc51'::uuid, 'Employee Health Insurance Fund.', 3),
  ('62c57d4f-9865-8aef-d819-318a341d952b'::uuid, '39e1968a-0739-b2a3-afca-02fa0f8bbc51'::uuid, 'Management Reserve.', 4),
  ('caf106ab-e6c4-0283-5fbf-011527b69922'::uuid, '10e7b1cb-8172-b256-97bb-05092632de00'::uuid, 'Aligning risk management criteria with internal culture, regulatory environments, and strategic business goals.', 1),
  ('3bd720e7-2e2f-2a40-85e2-9b050438ea74'::uuid, '10e7b1cb-8172-b256-97bb-05092632de00'::uuid, 'Calculating the exact hourly billable rates for external project consultants.', 2),
  ('1ef4a863-b9cd-313d-7baf-b24f85595ae1'::uuid, '10e7b1cb-8172-b256-97bb-05092632de00'::uuid, 'Selecting the brand of antivirus software installed on developer laptops.', 3),
  ('d4245b53-85d6-002d-d35c-2f8f71b8594b'::uuid, '10e7b1cb-8172-b256-97bb-05092632de00'::uuid, 'Determining the physical layout of executive conference rooms.', 4),
  ('cc316e22-2b79-32ae-642f-d5a2a494521b'::uuid, 'ed4ff738-61be-09a3-954a-cd5afd378f13'::uuid, 'Ignored completely because low probability implies zero financial exposure.', 1),
  ('c7dc15a9-c23c-8bf1-bf3d-b44d9ffae0d0'::uuid, 'ed4ff738-61be-09a3-954a-cd5afd378f13'::uuid, 'Positioned on the risk watch list with a detailed contingency plan and business continuity response.', 2),
  ('ce63cf50-f051-1b09-fda7-b92fc96bbea3'::uuid, 'ed4ff738-61be-09a3-954a-cd5afd378f13'::uuid, 'Converted immediately into an active issue and allocated 50% of the project contingency reserve.', 3),
  ('ef89a6e3-cb2d-f46e-d608-51c08f464758'::uuid, 'ed4ff738-61be-09a3-954a-cd5afd378f13'::uuid, 'Transferred immediately to the software development team for code refactoring.', 4),
  ('18fbe7e6-15d0-ded0-d1f5-88b9d00c53bb'::uuid, '53f84d5d-3b47-c2bb-909b-3835f22f8a5b'::uuid, 'A guarantee that the project will cost 15% less than the approved baseline budget.', 1),
  ('81218f12-868e-f971-7ddd-9af4d1a8d8c4'::uuid, '53f84d5d-3b47-c2bb-909b-3835f22f8a5b'::uuid, 'The exact percentage of contractor invoices that will be rejected during audit.', 2),
  ('2b49e58b-6970-67b1-6cbd-b7146337c813'::uuid, '53f84d5d-3b47-c2bb-909b-3835f22f8a5b'::uuid, 'The project schedule baseline required to achieve an 85% statistical confidence level for on-time delivery.', 3),
  ('9e7774f4-696e-25b9-a09e-8d6bdd7ec99a'::uuid, '53f84d5d-3b47-c2bb-909b-3835f22f8a5b'::uuid, 'The probability that a catastrophic risk event will destroy the primary construction site.', 4),
  ('6c8671c2-9510-1538-6a35-a0602611c194'::uuid, '24de3c4f-cabe-ab3c-b2c9-5cfaa87aebaf'::uuid, 'Avoided (Risk Avoidance).', 1),
  ('91856d51-b743-b9af-b3c3-40d22824e5a9'::uuid, '24de3c4f-cabe-ab3c-b2c9-5cfaa87aebaf'::uuid, 'Mitigated (Risk Mitigation).', 2),
  ('25628a1f-a047-a741-4ea5-7ac9f14e2b12'::uuid, '24de3c4f-cabe-ab3c-b2c9-5cfaa87aebaf'::uuid, 'Accepted (Passive Acceptance).', 3),
  ('ce2060ed-1621-2a5b-2c82-8d76ae3915e4'::uuid, '24de3c4f-cabe-ab3c-b2c9-5cfaa87aebaf'::uuid, 'Transferred (Risk Transfer).', 4),
  ('9088f8f0-0b47-d833-0c08-b8eb72f5b491'::uuid, 'e5a38ebd-1b90-d782-9937-389d05818ce6'::uuid, 'Management Reserve.', 1),
  ('c3d422df-d5b9-1a74-3720-f81909678104'::uuid, 'e5a38ebd-1b90-d782-9937-389d05818ce6'::uuid, 'Contingency Reserve.', 2),
  ('fbd08eb1-3fb1-bde0-e718-d5b221ae1978'::uuid, 'e5a38ebd-1b90-d782-9937-389d05818ce6'::uuid, 'Operational Quality Baseline.', 3),
  ('93771039-4c53-55c9-4d2e-4f863debf517'::uuid, 'e5a38ebd-1b90-d782-9937-389d05818ce6'::uuid, 'Employee Health Insurance Fund.', 4),
  ('96b97ed3-30a1-6689-5924-84700d807b55'::uuid, '00475f51-e478-1f0f-ac02-5bd06802da63'::uuid, 'Calculating the exact hourly billable rates for external project consultants.', 1),
  ('9b0c5155-7726-b4e0-4087-84db01a00b23'::uuid, '00475f51-e478-1f0f-ac02-5bd06802da63'::uuid, 'Aligning risk management criteria with internal culture, regulatory environments, and strategic business goals.', 2),
  ('273a6d97-dc8b-796a-ec0f-0800d93a5a6e'::uuid, '00475f51-e478-1f0f-ac02-5bd06802da63'::uuid, 'Selecting the brand of antivirus software installed on developer laptops.', 3),
  ('61f6bcc0-7a40-f740-19e6-b2cb6b636070'::uuid, '00475f51-e478-1f0f-ac02-5bd06802da63'::uuid, 'Determining the physical layout of executive conference rooms.', 4),
  ('6f402299-81db-318a-c629-e91b7c96d451'::uuid, 'dbd474b8-d7a4-21c3-d123-2f5171224125'::uuid, 'Ignored completely because low probability implies zero financial exposure.', 1),
  ('0d586aa6-6fa7-8c9c-c42a-6fa317f7a078'::uuid, 'dbd474b8-d7a4-21c3-d123-2f5171224125'::uuid, 'Converted immediately into an active issue and allocated 50% of the project contingency reserve.', 2),
  ('b024c960-956e-4391-b7ba-424f4409b7b0'::uuid, 'dbd474b8-d7a4-21c3-d123-2f5171224125'::uuid, 'Positioned on the risk watch list with a detailed contingency plan and business continuity response.', 3),
  ('0f9a079d-c43e-3bdc-14cd-d4729a3df514'::uuid, 'dbd474b8-d7a4-21c3-d123-2f5171224125'::uuid, 'Transferred immediately to the software development team for code refactoring.', 4),
  ('ebfdba19-169b-f772-9882-d0b9fadbac15'::uuid, '88d23f9b-80ed-50f6-0a26-49518ec57ee5'::uuid, 'A guarantee that the project will cost 15% less than the approved baseline budget.', 1),
  ('17592c9b-b936-5805-370a-648c7de892b6'::uuid, '88d23f9b-80ed-50f6-0a26-49518ec57ee5'::uuid, 'The exact percentage of contractor invoices that will be rejected during audit.', 2),
  ('6bf87ec5-d3f4-7309-6d24-eedb9bb4f13d'::uuid, '88d23f9b-80ed-50f6-0a26-49518ec57ee5'::uuid, 'The probability that a catastrophic risk event will destroy the primary construction site.', 3),
  ('cfb57f7d-718d-4ebf-88e4-7d53fff7b6fd'::uuid, '88d23f9b-80ed-50f6-0a26-49518ec57ee5'::uuid, 'The project schedule baseline required to achieve an 85% statistical confidence level for on-time delivery.', 4),
  ('a8737f9f-74ea-9d68-1b58-cbc2dd052c8f'::uuid, 'b1d69575-629a-7e7f-9dbd-5cc1d11a02e6'::uuid, 'Transferred (Risk Transfer).', 1),
  ('a14a7297-b470-0ef7-8fce-38ab564212af'::uuid, 'b1d69575-629a-7e7f-9dbd-5cc1d11a02e6'::uuid, 'Avoided (Risk Avoidance).', 2),
  ('1ec259f9-bc20-dbc2-5da5-6cc9dd3e458d'::uuid, 'b1d69575-629a-7e7f-9dbd-5cc1d11a02e6'::uuid, 'Mitigated (Risk Mitigation).', 3),
  ('bd89e46a-ab28-925a-0084-a7998339ce3b'::uuid, 'b1d69575-629a-7e7f-9dbd-5cc1d11a02e6'::uuid, 'Accepted (Passive Acceptance).', 4),
  ('a29093cf-bf70-fbb9-6d02-bcd6755b9bc7'::uuid, 'f69f31b0-08cb-3f4d-91bc-1208ee7894e1'::uuid, 'Contingency Reserve.', 1),
  ('585b4d58-0ae4-0cf1-b3fa-aab471f31be1'::uuid, 'f69f31b0-08cb-3f4d-91bc-1208ee7894e1'::uuid, 'Management Reserve.', 2),
  ('85f1a260-505c-00f6-4941-64deb1ef6cc4'::uuid, 'f69f31b0-08cb-3f4d-91bc-1208ee7894e1'::uuid, 'Operational Quality Baseline.', 3),
  ('136d263a-85f1-ef46-d7a5-ead32f5dd310'::uuid, 'f69f31b0-08cb-3f4d-91bc-1208ee7894e1'::uuid, 'Employee Health Insurance Fund.', 4),
  ('b79a4909-e50c-44fc-6ab5-b5b10ba4ec44'::uuid, '3dbdd80e-2b10-9862-c33e-da59857e3c3b'::uuid, 'Calculating the exact hourly billable rates for external project consultants.', 1),
  ('f3ebc79b-48d3-d75b-00d4-7310142679fa'::uuid, '3dbdd80e-2b10-9862-c33e-da59857e3c3b'::uuid, 'Selecting the brand of antivirus software installed on developer laptops.', 2),
  ('cc6b78c9-dc42-c4ce-e69d-0de108cc95ec'::uuid, '3dbdd80e-2b10-9862-c33e-da59857e3c3b'::uuid, 'Aligning risk management criteria with internal culture, regulatory environments, and strategic business goals.', 3),
  ('3288a437-4c48-2c66-1ad1-b57e63328afc'::uuid, '3dbdd80e-2b10-9862-c33e-da59857e3c3b'::uuid, 'Determining the physical layout of executive conference rooms.', 4),
  ('dcd8cb21-ab46-22af-e382-29f0be80a2c8'::uuid, '7a8eb0e4-e8f8-6d5a-080e-0efe7982d2ec'::uuid, 'Ignored completely because low probability implies zero financial exposure.', 1),
  ('0644dadf-3ee8-ae31-867e-ed4f091345d8'::uuid, '7a8eb0e4-e8f8-6d5a-080e-0efe7982d2ec'::uuid, 'Converted immediately into an active issue and allocated 50% of the project contingency reserve.', 2),
  ('e72ec431-5b90-16b3-d4c0-ce6c640b452f'::uuid, '7a8eb0e4-e8f8-6d5a-080e-0efe7982d2ec'::uuid, 'Transferred immediately to the software development team for code refactoring.', 3),
  ('f1537081-ae4d-c283-819d-f01bf874aad0'::uuid, '7a8eb0e4-e8f8-6d5a-080e-0efe7982d2ec'::uuid, 'Positioned on the risk watch list with a detailed contingency plan and business continuity response.', 4),
  ('1daf721f-b104-5c89-5352-18cea97ff1d6'::uuid, 'ddc6b96f-6015-11a6-50e8-3b44e177fe4a'::uuid, 'The project schedule baseline required to achieve an 85% statistical confidence level for on-time delivery.', 1),
  ('38e58151-a37c-8b48-bb52-853c40973d41'::uuid, 'ddc6b96f-6015-11a6-50e8-3b44e177fe4a'::uuid, 'A guarantee that the project will cost 15% less than the approved baseline budget.', 2),
  ('1608f274-8681-5ac3-6975-11e63e85dc3c'::uuid, 'ddc6b96f-6015-11a6-50e8-3b44e177fe4a'::uuid, 'The exact percentage of contractor invoices that will be rejected during audit.', 3),
  ('d4a74ef4-fdcc-21cf-20c4-bab2826a6f95'::uuid, 'ddc6b96f-6015-11a6-50e8-3b44e177fe4a'::uuid, 'The probability that a catastrophic risk event will destroy the primary construction site.', 4),
  ('c077ac6e-c544-89e7-7a84-4e95499bfc89'::uuid, '19574d32-3cf9-bbb9-7453-37ed0d71e8ef'::uuid, 'Avoided (Risk Avoidance).', 1),
  ('122538a5-6b99-9547-639a-4047a07d038c'::uuid, '19574d32-3cf9-bbb9-7453-37ed0d71e8ef'::uuid, 'Transferred (Risk Transfer).', 2),
  ('00360270-8050-a35b-6c68-7a36de589ba3'::uuid, '19574d32-3cf9-bbb9-7453-37ed0d71e8ef'::uuid, 'Mitigated (Risk Mitigation).', 3),
  ('b92011e9-f341-27bd-9d28-8b03d253a0cb'::uuid, '19574d32-3cf9-bbb9-7453-37ed0d71e8ef'::uuid, 'Accepted (Passive Acceptance).', 4),
  ('77b10623-be02-1656-4c0c-d70fd7199cd1'::uuid, 'f0e07f24-9da3-444e-25bf-f7a149afa6c4'::uuid, 'Contingency Reserve.', 1),
  ('aa0a562e-6d7a-7da6-a522-205e83fd362d'::uuid, 'f0e07f24-9da3-444e-25bf-f7a149afa6c4'::uuid, 'Operational Quality Baseline.', 2),
  ('2ca1b171-f9c3-1b90-d75e-0d4c7c47f461'::uuid, 'f0e07f24-9da3-444e-25bf-f7a149afa6c4'::uuid, 'Management Reserve.', 3),
  ('a47d33d4-a635-657b-16ee-b7e476bd43c0'::uuid, 'f0e07f24-9da3-444e-25bf-f7a149afa6c4'::uuid, 'Employee Health Insurance Fund.', 4),
  ('12ff712b-dd93-f4ea-1323-eead1b0ae846'::uuid, '886d8a74-2783-f4b5-8d89-4627c8f6651b'::uuid, 'Calculating the exact hourly billable rates for external project consultants.', 1),
  ('06a7dbfa-827f-10d7-8b17-4d2db038eb3b'::uuid, '886d8a74-2783-f4b5-8d89-4627c8f6651b'::uuid, 'Selecting the brand of antivirus software installed on developer laptops.', 2),
  ('a0eeede3-a5e2-066d-a47b-a7a281bd805f'::uuid, '886d8a74-2783-f4b5-8d89-4627c8f6651b'::uuid, 'Determining the physical layout of executive conference rooms.', 3),
  ('76dc7654-f922-92fd-c32f-19665aa62373'::uuid, '886d8a74-2783-f4b5-8d89-4627c8f6651b'::uuid, 'Aligning risk management criteria with internal culture, regulatory environments, and strategic business goals.', 4),
  ('923ee848-e82a-89de-1c4b-6cd7f92ff82c'::uuid, '038b086b-8cd4-e426-8968-c2a83f6a1d66'::uuid, 'Positioned on the risk watch list with a detailed contingency plan and business continuity response.', 1),
  ('9228a605-91e7-b4e9-7bbd-7ac17a4f8fb7'::uuid, '038b086b-8cd4-e426-8968-c2a83f6a1d66'::uuid, 'Ignored completely because low probability implies zero financial exposure.', 2),
  ('a2404fab-9fa4-1bb1-1a9e-59b924c532bd'::uuid, '038b086b-8cd4-e426-8968-c2a83f6a1d66'::uuid, 'Converted immediately into an active issue and allocated 50% of the project contingency reserve.', 3),
  ('bdbd8f65-5b39-24e6-18c0-6228e7cc2e1b'::uuid, '038b086b-8cd4-e426-8968-c2a83f6a1d66'::uuid, 'Transferred immediately to the software development team for code refactoring.', 4),
  ('c5734da6-2ca2-e429-be9c-f465808e6757'::uuid, 'e151c841-a416-fc38-2aa0-edf8ce6916dc'::uuid, 'A guarantee that the project will cost 15% less than the approved baseline budget.', 1),
  ('b1a2cef3-58cb-f6af-b9ab-140936d22b0b'::uuid, 'e151c841-a416-fc38-2aa0-edf8ce6916dc'::uuid, 'The project schedule baseline required to achieve an 85% statistical confidence level for on-time delivery.', 2),
  ('5a680bee-2e5d-c606-de27-53046f0cbeb3'::uuid, 'e151c841-a416-fc38-2aa0-edf8ce6916dc'::uuid, 'The exact percentage of contractor invoices that will be rejected during audit.', 3),
  ('77e34748-3ebd-d9e0-730c-7602ec15e852'::uuid, 'e151c841-a416-fc38-2aa0-edf8ce6916dc'::uuid, 'The probability that a catastrophic risk event will destroy the primary construction site.', 4),
  ('3c5a6602-eb07-299f-fdff-3365a9743b73'::uuid, '3b686b94-8ab9-264c-ab53-cdd0864f976a'::uuid, 'Avoided (Risk Avoidance).', 1),
  ('90d0bf2b-9b34-84c4-d4cc-8460b6408ad9'::uuid, '3b686b94-8ab9-264c-ab53-cdd0864f976a'::uuid, 'Mitigated (Risk Mitigation).', 2),
  ('0cf48074-1f38-b4d1-71f4-a41bf724307f'::uuid, '3b686b94-8ab9-264c-ab53-cdd0864f976a'::uuid, 'Transferred (Risk Transfer).', 3),
  ('2ff68857-ec4d-e294-0078-bc671b444733'::uuid, '3b686b94-8ab9-264c-ab53-cdd0864f976a'::uuid, 'Accepted (Passive Acceptance).', 4),
  ('86e0d286-d685-4060-b850-3e7dd7fe0c5f'::uuid, '7fbd7443-8072-470b-7ad8-d766ebc6840f'::uuid, 'Contingency Reserve.', 1),
  ('2872ab1e-3818-f05d-30bc-d430be288894'::uuid, '7fbd7443-8072-470b-7ad8-d766ebc6840f'::uuid, 'Operational Quality Baseline.', 2),
  ('e8d5a171-a2a3-7ed2-89b0-30f71ee32879'::uuid, '7fbd7443-8072-470b-7ad8-d766ebc6840f'::uuid, 'Employee Health Insurance Fund.', 3),
  ('3f91e1c0-bb3d-89cf-222d-704881ab8dbc'::uuid, '7fbd7443-8072-470b-7ad8-d766ebc6840f'::uuid, 'Management Reserve.', 4),
  ('056e116b-91d4-7996-999a-8f1191551a30'::uuid, '55d3031c-11c7-90a6-573a-6cb7e958719c'::uuid, 'Aligning risk management criteria with internal culture, regulatory environments, and strategic business goals.', 1),
  ('99808ec5-03dd-4757-4491-2f20ba183e56'::uuid, '55d3031c-11c7-90a6-573a-6cb7e958719c'::uuid, 'Calculating the exact hourly billable rates for external project consultants.', 2),
  ('4b483deb-8b20-5654-83a8-5ef4c7df009e'::uuid, '55d3031c-11c7-90a6-573a-6cb7e958719c'::uuid, 'Selecting the brand of antivirus software installed on developer laptops.', 3),
  ('265655ae-460a-be6a-1717-ec55a3180a6d'::uuid, '55d3031c-11c7-90a6-573a-6cb7e958719c'::uuid, 'Determining the physical layout of executive conference rooms.', 4),
  ('45ebbe22-6868-1809-8196-1ff7a162bcc0'::uuid, '39d4ffb5-6674-3395-18b8-943e1e0e36af'::uuid, 'Ignored completely because low probability implies zero financial exposure.', 1),
  ('c6b559ad-28cd-4c77-9731-18f3fa7c9d03'::uuid, '39d4ffb5-6674-3395-18b8-943e1e0e36af'::uuid, 'Positioned on the risk watch list with a detailed contingency plan and business continuity response.', 2),
  ('539e531e-5c69-23a6-1a03-2eafb9bdca46'::uuid, '39d4ffb5-6674-3395-18b8-943e1e0e36af'::uuid, 'Converted immediately into an active issue and allocated 50% of the project contingency reserve.', 3),
  ('f43781a4-4066-fa00-e625-6c0b47d48f7f'::uuid, '39d4ffb5-6674-3395-18b8-943e1e0e36af'::uuid, 'Transferred immediately to the software development team for code refactoring.', 4),
  ('0f56af67-7587-9ae6-fd47-c31d0210cacb'::uuid, 'c5a33678-bc85-2318-d2e3-ac5114c28326'::uuid, 'A guarantee that the project will cost 15% less than the approved baseline budget.', 1),
  ('1d28f2bf-0c4f-fdbc-57d9-de336571bd4f'::uuid, 'c5a33678-bc85-2318-d2e3-ac5114c28326'::uuid, 'The exact percentage of contractor invoices that will be rejected during audit.', 2),
  ('062088f9-ef69-a410-5a6d-d286375b4005'::uuid, 'c5a33678-bc85-2318-d2e3-ac5114c28326'::uuid, 'The project schedule baseline required to achieve an 85% statistical confidence level for on-time delivery.', 3),
  ('afc46948-1a5d-b8de-f255-6c48ab582300'::uuid, 'c5a33678-bc85-2318-d2e3-ac5114c28326'::uuid, 'The probability that a catastrophic risk event will destroy the primary construction site.', 4),
  ('f99682a8-d6e5-40b0-218c-bfb9b3fe1708'::uuid, '731e9f41-e196-d4a4-0354-14e209b4458f'::uuid, 'Avoided (Risk Avoidance).', 1),
  ('acaa5e7e-4baa-b8a9-2d6c-d91607abe663'::uuid, '731e9f41-e196-d4a4-0354-14e209b4458f'::uuid, 'Mitigated (Risk Mitigation).', 2),
  ('ab7d1900-480f-1275-423a-02076ff61c61'::uuid, '731e9f41-e196-d4a4-0354-14e209b4458f'::uuid, 'Accepted (Passive Acceptance).', 3),
  ('46a9107d-00ae-c02e-5563-82fe4b80295c'::uuid, '731e9f41-e196-d4a4-0354-14e209b4458f'::uuid, 'Transferred (Risk Transfer).', 4),
  ('6ff23432-9a7c-1c4e-577c-4fb9253d5951'::uuid, '19047307-afdb-268c-8953-dde878497e74'::uuid, 'Management Reserve.', 1),
  ('ce1205de-4fd1-341c-26a6-9e823ff82412'::uuid, '19047307-afdb-268c-8953-dde878497e74'::uuid, 'Contingency Reserve.', 2),
  ('5e92ba03-303a-e9d9-e7f1-d3543edfe834'::uuid, '19047307-afdb-268c-8953-dde878497e74'::uuid, 'Operational Quality Baseline.', 3),
  ('691a9536-be62-9109-ca31-96aef9d42d88'::uuid, '19047307-afdb-268c-8953-dde878497e74'::uuid, 'Employee Health Insurance Fund.', 4),
  ('d15828b4-bcdf-5044-103a-35af1cfa2f8a'::uuid, 'f278fcff-aa68-fd0b-ef9c-5722dae11378'::uuid, 'Calculating the exact hourly billable rates for external project consultants.', 1),
  ('0a2b01c8-b4de-8d19-99dc-0b02a659e5b5'::uuid, 'f278fcff-aa68-fd0b-ef9c-5722dae11378'::uuid, 'Aligning risk management criteria with internal culture, regulatory environments, and strategic business goals.', 2),
  ('a2d2cbf0-56e1-3328-c1ab-f2d6601dff8c'::uuid, 'f278fcff-aa68-fd0b-ef9c-5722dae11378'::uuid, 'Selecting the brand of antivirus software installed on developer laptops.', 3),
  ('ca3e9ba2-a380-9c96-3cf9-56339d3a0afd'::uuid, 'f278fcff-aa68-fd0b-ef9c-5722dae11378'::uuid, 'Determining the physical layout of executive conference rooms.', 4),
  ('6ca440ba-8e1d-8ed8-30a4-8ba5814d23a6'::uuid, '92f885cf-44f0-3454-d1c4-3b2a59308a2f'::uuid, 'Ignored completely because low probability implies zero financial exposure.', 1),
  ('7f250aa3-e721-9aaa-eafe-348af7829672'::uuid, '92f885cf-44f0-3454-d1c4-3b2a59308a2f'::uuid, 'Converted immediately into an active issue and allocated 50% of the project contingency reserve.', 2),
  ('daa7e73a-2372-f41d-24df-7c141a690e8f'::uuid, '92f885cf-44f0-3454-d1c4-3b2a59308a2f'::uuid, 'Positioned on the risk watch list with a detailed contingency plan and business continuity response.', 3),
  ('42c573f9-1af1-6787-767e-763e4ebe4e76'::uuid, '92f885cf-44f0-3454-d1c4-3b2a59308a2f'::uuid, 'Transferred immediately to the software development team for code refactoring.', 4),
  ('884b4889-3b02-d3e8-702c-90a9bd505c9e'::uuid, '30958ac1-dcdb-48f6-1642-b75eac4f7bbf'::uuid, 'A guarantee that the project will cost 15% less than the approved baseline budget.', 1),
  ('dd20f10b-b84b-4f75-f9d4-4d3d01d89cfc'::uuid, '30958ac1-dcdb-48f6-1642-b75eac4f7bbf'::uuid, 'The exact percentage of contractor invoices that will be rejected during audit.', 2),
  ('051d6747-7661-af8e-ea2f-e6602bbc6b44'::uuid, '30958ac1-dcdb-48f6-1642-b75eac4f7bbf'::uuid, 'The probability that a catastrophic risk event will destroy the primary construction site.', 3),
  ('2fa2d43c-f386-e7c1-b505-a73b982acec7'::uuid, '30958ac1-dcdb-48f6-1642-b75eac4f7bbf'::uuid, 'The project schedule baseline required to achieve an 85% statistical confidence level for on-time delivery.', 4),
  ('5fa6fe94-cad1-332e-c821-1270c3f02de9'::uuid, '4f51e2ff-d8be-107c-57e9-66dfebfadfe8'::uuid, 'Transferred (Risk Transfer).', 1),
  ('7dddf6d0-2975-ee3b-6fdd-11ef0e4d89e4'::uuid, '4f51e2ff-d8be-107c-57e9-66dfebfadfe8'::uuid, 'Avoided (Risk Avoidance).', 2),
  ('8caaefc3-9c40-bc25-4ee5-9d6c37d42f18'::uuid, '4f51e2ff-d8be-107c-57e9-66dfebfadfe8'::uuid, 'Mitigated (Risk Mitigation).', 3),
  ('3b1c4ee6-f5c9-8da2-cb20-0362a2136768'::uuid, '4f51e2ff-d8be-107c-57e9-66dfebfadfe8'::uuid, 'Accepted (Passive Acceptance).', 4),
  ('60fc3056-9d58-d2fd-ed00-882e56a5eca5'::uuid, '3a194c03-49fe-2cfc-9539-c8f75aa526fd'::uuid, 'Contingency Reserve.', 1),
  ('b316d7ae-95e0-1523-1ec1-ce3f075d986f'::uuid, '3a194c03-49fe-2cfc-9539-c8f75aa526fd'::uuid, 'Management Reserve.', 2),
  ('7a1ceb24-5a16-2a23-e187-788656f79bde'::uuid, '3a194c03-49fe-2cfc-9539-c8f75aa526fd'::uuid, 'Operational Quality Baseline.', 3),
  ('ca76a437-c16b-7020-ca69-6b139bd09915'::uuid, '3a194c03-49fe-2cfc-9539-c8f75aa526fd'::uuid, 'Employee Health Insurance Fund.', 4),
  ('c9c9c8da-fea1-490d-d12c-99a3c2f2db22'::uuid, '7dbd3c06-80e8-2df0-c8d2-0e80dccf5c1e'::uuid, 'Calculating the exact hourly billable rates for external project consultants.', 1),
  ('fc212db5-de12-b03b-e5c0-fdc16bc83759'::uuid, '7dbd3c06-80e8-2df0-c8d2-0e80dccf5c1e'::uuid, 'Selecting the brand of antivirus software installed on developer laptops.', 2),
  ('d3b5ecdb-1ee1-f850-0eda-f07085d12f09'::uuid, '7dbd3c06-80e8-2df0-c8d2-0e80dccf5c1e'::uuid, 'Aligning risk management criteria with internal culture, regulatory environments, and strategic business goals.', 3),
  ('ff31691e-d305-b444-d3a4-9dbd06ca63c0'::uuid, '7dbd3c06-80e8-2df0-c8d2-0e80dccf5c1e'::uuid, 'Determining the physical layout of executive conference rooms.', 4),
  ('67e9d454-f896-c26a-437c-3553c9c8e6ba'::uuid, '04704f39-5a3c-04a6-5fd0-406ae246a15e'::uuid, 'Ignored completely because low probability implies zero financial exposure.', 1),
  ('7558f127-5f2e-afbe-c437-de4312571c8e'::uuid, '04704f39-5a3c-04a6-5fd0-406ae246a15e'::uuid, 'Converted immediately into an active issue and allocated 50% of the project contingency reserve.', 2),
  ('f312a7da-0a70-e0ba-5eda-f5d301080e57'::uuid, '04704f39-5a3c-04a6-5fd0-406ae246a15e'::uuid, 'Transferred immediately to the software development team for code refactoring.', 3),
  ('d30492d8-540d-1a58-ed78-f99cbc76dd95'::uuid, '04704f39-5a3c-04a6-5fd0-406ae246a15e'::uuid, 'Positioned on the risk watch list with a detailed contingency plan and business continuity response.', 4),
  ('22798dbe-c856-db4f-9284-c69d2bd9a025'::uuid, '13948d54-0270-f563-60f7-f0f53cbfeb91'::uuid, 'The project schedule baseline required to achieve an 85% statistical confidence level for on-time delivery.', 1),
  ('4c06ab0e-9fe6-1b82-3188-bd1c5539358e'::uuid, '13948d54-0270-f563-60f7-f0f53cbfeb91'::uuid, 'A guarantee that the project will cost 15% less than the approved baseline budget.', 2),
  ('c164342f-868f-43ce-2b57-6aa4f6cb93bc'::uuid, '13948d54-0270-f563-60f7-f0f53cbfeb91'::uuid, 'The exact percentage of contractor invoices that will be rejected during audit.', 3),
  ('e95649cd-4398-7368-9d1b-fc561520b693'::uuid, '13948d54-0270-f563-60f7-f0f53cbfeb91'::uuid, 'The probability that a catastrophic risk event will destroy the primary construction site.', 4),
  ('50d09e50-4205-84c3-134f-227305579b63'::uuid, '83068b74-7b9b-d63b-3982-bb4d7ff46a14'::uuid, 'Avoided (Risk Avoidance).', 1),
  ('0d413eb4-ce3e-b95d-6bde-0d1ecf37506a'::uuid, '83068b74-7b9b-d63b-3982-bb4d7ff46a14'::uuid, 'Transferred (Risk Transfer).', 2),
  ('bfab7f81-8f9c-8b94-de0f-5b2b744a4129'::uuid, '83068b74-7b9b-d63b-3982-bb4d7ff46a14'::uuid, 'Mitigated (Risk Mitigation).', 3),
  ('b5764e15-0a7b-5501-2f04-468b9acd26fb'::uuid, '83068b74-7b9b-d63b-3982-bb4d7ff46a14'::uuid, 'Accepted (Passive Acceptance).', 4),
  ('5e50ead5-f21f-e5dd-9f3a-009067587a02'::uuid, 'e881ccf1-fb1a-372e-b62c-aacef82f80d7'::uuid, 'Contingency Reserve.', 1),
  ('55e5324d-ccff-68f2-74f0-e3ef3128d82c'::uuid, 'e881ccf1-fb1a-372e-b62c-aacef82f80d7'::uuid, 'Operational Quality Baseline.', 2),
  ('bf33365d-1b58-597e-a758-6b193a7bb500'::uuid, 'e881ccf1-fb1a-372e-b62c-aacef82f80d7'::uuid, 'Management Reserve.', 3),
  ('c1e3a4c6-e264-f698-a09d-265eee8cfee9'::uuid, 'e881ccf1-fb1a-372e-b62c-aacef82f80d7'::uuid, 'Employee Health Insurance Fund.', 4),
  ('a6526ea6-aec3-5b5d-7593-2e4f7fa62259'::uuid, '7b64d848-3cb7-971c-b9b1-7a536871df67'::uuid, 'Calculating the exact hourly billable rates for external project consultants.', 1),
  ('6bde5d66-988e-26b3-b808-3a9f77a4c747'::uuid, '7b64d848-3cb7-971c-b9b1-7a536871df67'::uuid, 'Selecting the brand of antivirus software installed on developer laptops.', 2),
  ('b10225d7-0e50-e0e5-be39-ed3e374a83be'::uuid, '7b64d848-3cb7-971c-b9b1-7a536871df67'::uuid, 'Determining the physical layout of executive conference rooms.', 3),
  ('0b17902c-4909-b11a-a4bc-5ba906b55a87'::uuid, '7b64d848-3cb7-971c-b9b1-7a536871df67'::uuid, 'Aligning risk management criteria with internal culture, regulatory environments, and strategic business goals.', 4),
  ('07c94bdf-263e-e345-b22f-abc28860c8bf'::uuid, '00c5f304-8830-ac53-0f4b-b462b10775dd'::uuid, 'Positioned on the risk watch list with a detailed contingency plan and business continuity response.', 1),
  ('4a1817b3-5c55-2b7e-9781-3f575289e469'::uuid, '00c5f304-8830-ac53-0f4b-b462b10775dd'::uuid, 'Ignored completely because low probability implies zero financial exposure.', 2),
  ('aade890d-55b6-a665-7ec4-f0578e29d2cb'::uuid, '00c5f304-8830-ac53-0f4b-b462b10775dd'::uuid, 'Converted immediately into an active issue and allocated 50% of the project contingency reserve.', 3),
  ('9a82ca8d-3de8-6783-697f-3ef948ceb429'::uuid, '00c5f304-8830-ac53-0f4b-b462b10775dd'::uuid, 'Transferred immediately to the software development team for code refactoring.', 4),
  ('adf53d4a-e1bf-38d9-5796-5fef566f4512'::uuid, '540ab4bb-838e-4a6c-24a3-fbf04162517e'::uuid, 'A guarantee that the project will cost 15% less than the approved baseline budget.', 1),
  ('119ef632-b030-e24f-e30c-7c4471ad0b5a'::uuid, '540ab4bb-838e-4a6c-24a3-fbf04162517e'::uuid, 'The project schedule baseline required to achieve an 85% statistical confidence level for on-time delivery.', 2),
  ('87da59e5-e854-8738-ad57-dcd2324f025f'::uuid, '540ab4bb-838e-4a6c-24a3-fbf04162517e'::uuid, 'The exact percentage of contractor invoices that will be rejected during audit.', 3),
  ('3a7d5785-3ce1-fd5c-3605-0cd86e94dbe1'::uuid, '540ab4bb-838e-4a6c-24a3-fbf04162517e'::uuid, 'The probability that a catastrophic risk event will destroy the primary construction site.', 4),
  ('b7e243a1-2864-9202-452b-9d0fb2e2168f'::uuid, '396b143f-5fce-3115-55ee-873fd1a04d6b'::uuid, 'Avoided (Risk Avoidance).', 1),
  ('e212ae43-b5d8-a4db-2fbb-673ff9a538dc'::uuid, '396b143f-5fce-3115-55ee-873fd1a04d6b'::uuid, 'Mitigated (Risk Mitigation).', 2),
  ('5ee1a263-9c77-d692-d301-a83cc4aefce4'::uuid, '396b143f-5fce-3115-55ee-873fd1a04d6b'::uuid, 'Transferred (Risk Transfer).', 3),
  ('e3e37b07-04db-f25c-cb9d-fcdd436050c6'::uuid, '396b143f-5fce-3115-55ee-873fd1a04d6b'::uuid, 'Accepted (Passive Acceptance).', 4),
  ('702bb4ae-7ca6-4fea-b223-14806969e2c8'::uuid, 'e99c2a6e-bd7a-0589-1b57-c10c69e76f03'::uuid, 'Contingency Reserve.', 1),
  ('9f3b888b-6810-57d3-27e6-b108267f4d6e'::uuid, 'e99c2a6e-bd7a-0589-1b57-c10c69e76f03'::uuid, 'Operational Quality Baseline.', 2),
  ('fced8fc5-8675-dd16-b8dc-48305230b40e'::uuid, 'e99c2a6e-bd7a-0589-1b57-c10c69e76f03'::uuid, 'Employee Health Insurance Fund.', 3),
  ('76eed09b-01d2-005f-c977-775c2dd72eb1'::uuid, 'e99c2a6e-bd7a-0589-1b57-c10c69e76f03'::uuid, 'Management Reserve.', 4),
  ('1a309fe0-2555-bc03-ceeb-43647d35d05d'::uuid, '6066f174-ffbb-ad6d-a94d-c12b470aae75'::uuid, 'Aligning risk management criteria with internal culture, regulatory environments, and strategic business goals.', 1),
  ('617e3625-45fc-3608-c979-ad8e34d4c087'::uuid, '6066f174-ffbb-ad6d-a94d-c12b470aae75'::uuid, 'Calculating the exact hourly billable rates for external project consultants.', 2),
  ('01a7d831-c74c-6321-7728-d0a657832fe3'::uuid, '6066f174-ffbb-ad6d-a94d-c12b470aae75'::uuid, 'Selecting the brand of antivirus software installed on developer laptops.', 3),
  ('f279213d-3a93-99f8-d8ce-857303a62431'::uuid, '6066f174-ffbb-ad6d-a94d-c12b470aae75'::uuid, 'Determining the physical layout of executive conference rooms.', 4),
  ('7e63d267-920a-4daf-a2db-0575cef349af'::uuid, '1fb93433-c60d-fa37-db35-3305b1d0d539'::uuid, 'Ignored completely because low probability implies zero financial exposure.', 1),
  ('c7e6af62-00a2-931a-abfc-97f41ac9c920'::uuid, '1fb93433-c60d-fa37-db35-3305b1d0d539'::uuid, 'Positioned on the risk watch list with a detailed contingency plan and business continuity response.', 2),
  ('e3a7b5fd-1bdb-89cf-7718-d91ed04ffc55'::uuid, '1fb93433-c60d-fa37-db35-3305b1d0d539'::uuid, 'Converted immediately into an active issue and allocated 50% of the project contingency reserve.', 3),
  ('1db1ff51-78c4-b093-9121-51e6af1e7a9d'::uuid, '1fb93433-c60d-fa37-db35-3305b1d0d539'::uuid, 'Transferred immediately to the software development team for code refactoring.', 4),
  ('56f4075a-a62e-2db2-8146-49fceb697cc6'::uuid, 'ffe9d5a2-cc71-306a-0f32-0318a73cc545'::uuid, 'A guarantee that the project will cost 15% less than the approved baseline budget.', 1),
  ('5ebe051f-69e7-9447-f7a6-0a1e50cd881a'::uuid, 'ffe9d5a2-cc71-306a-0f32-0318a73cc545'::uuid, 'The exact percentage of contractor invoices that will be rejected during audit.', 2),
  ('d1ec9729-b69f-7a56-a6f0-b95c033aa0f2'::uuid, 'ffe9d5a2-cc71-306a-0f32-0318a73cc545'::uuid, 'The project schedule baseline required to achieve an 85% statistical confidence level for on-time delivery.', 3),
  ('527c3368-f34c-8aff-a5a0-ffca0c82d1e1'::uuid, 'ffe9d5a2-cc71-306a-0f32-0318a73cc545'::uuid, 'The probability that a catastrophic risk event will destroy the primary construction site.', 4),
  ('6cd4af1f-5ed4-5744-b2b2-75032c391b10'::uuid, 'e539d943-7581-aed8-18f4-44a4652f7cbc'::uuid, 'Avoided (Risk Avoidance).', 1),
  ('9e622512-da14-86ef-21ed-b0393245a928'::uuid, 'e539d943-7581-aed8-18f4-44a4652f7cbc'::uuid, 'Mitigated (Risk Mitigation).', 2),
  ('6deac9ed-5e3a-78e0-6826-883beb4793c8'::uuid, 'e539d943-7581-aed8-18f4-44a4652f7cbc'::uuid, 'Accepted (Passive Acceptance).', 3),
  ('4ee23ae1-ee49-44e5-e193-2c17fc69d308'::uuid, 'e539d943-7581-aed8-18f4-44a4652f7cbc'::uuid, 'Transferred (Risk Transfer).', 4),
  ('80e56182-679d-e2c9-fe92-5227271fb678'::uuid, '9c2a9a04-c4ed-6c4b-8b93-e53c41d1ec73'::uuid, 'Management Reserve.', 1),
  ('b7f0010d-61ab-8ef7-270e-1c865615b4fa'::uuid, '9c2a9a04-c4ed-6c4b-8b93-e53c41d1ec73'::uuid, 'Contingency Reserve.', 2),
  ('3e6c992d-e005-ff71-e0c4-560edd7c0445'::uuid, '9c2a9a04-c4ed-6c4b-8b93-e53c41d1ec73'::uuid, 'Operational Quality Baseline.', 3),
  ('b78826bc-b3de-c94b-a338-50c6741d1338'::uuid, '9c2a9a04-c4ed-6c4b-8b93-e53c41d1ec73'::uuid, 'Employee Health Insurance Fund.', 4),
  ('d32d5bbb-1e17-f9e5-c941-bd6462ca7d63'::uuid, '3279c885-6758-04f8-b0e3-898e851217f8'::uuid, 'Calculating the exact hourly billable rates for external project consultants.', 1),
  ('4f9e1fa3-bd4c-86b8-8c78-5fb4b7696d7e'::uuid, '3279c885-6758-04f8-b0e3-898e851217f8'::uuid, 'Aligning risk management criteria with internal culture, regulatory environments, and strategic business goals.', 2),
  ('2b6833de-e716-a4ab-7bf1-38e10d63950c'::uuid, '3279c885-6758-04f8-b0e3-898e851217f8'::uuid, 'Selecting the brand of antivirus software installed on developer laptops.', 3),
  ('83525a94-898d-e8b4-6c1f-8375e54952af'::uuid, '3279c885-6758-04f8-b0e3-898e851217f8'::uuid, 'Determining the physical layout of executive conference rooms.', 4),
  ('e5fe5283-e020-7c54-60e7-18e528bb6c9a'::uuid, '43e79db3-2d34-4cd4-79de-b384c713eef6'::uuid, 'Ignored completely because low probability implies zero financial exposure.', 1),
  ('a58369b6-7acf-b41d-4d1f-7a73e57792c6'::uuid, '43e79db3-2d34-4cd4-79de-b384c713eef6'::uuid, 'Converted immediately into an active issue and allocated 50% of the project contingency reserve.', 2),
  ('db86037c-adff-660b-0ceb-2ad23eb19e75'::uuid, '43e79db3-2d34-4cd4-79de-b384c713eef6'::uuid, 'Positioned on the risk watch list with a detailed contingency plan and business continuity response.', 3),
  ('ee8b042d-a47b-277b-9c5e-d613ce9032b1'::uuid, '43e79db3-2d34-4cd4-79de-b384c713eef6'::uuid, 'Transferred immediately to the software development team for code refactoring.', 4),
  ('445920ca-8701-0370-ac86-0f2e5a6fdfa1'::uuid, '02961df7-b939-d81c-3223-dfa3f81060e3'::uuid, 'A guarantee that the project will cost 15% less than the approved baseline budget.', 1),
  ('6c13c4af-19c0-5366-d878-6e2cfb5db3fb'::uuid, '02961df7-b939-d81c-3223-dfa3f81060e3'::uuid, 'The exact percentage of contractor invoices that will be rejected during audit.', 2),
  ('2124a5b2-2552-f78b-f36b-a77074877963'::uuid, '02961df7-b939-d81c-3223-dfa3f81060e3'::uuid, 'The probability that a catastrophic risk event will destroy the primary construction site.', 3),
  ('2c965238-a9a0-fc02-d255-685b6c619cde'::uuid, '02961df7-b939-d81c-3223-dfa3f81060e3'::uuid, 'The project schedule baseline required to achieve an 85% statistical confidence level for on-time delivery.', 4),
  ('26b7fd1c-1ab7-bf9e-ca39-f506bb968482'::uuid, '375e9267-e746-8275-5cff-7ce008b6fef2'::uuid, 'Transferred (Risk Transfer).', 1),
  ('050c08e9-b784-2c7e-0547-07017dc3f6e7'::uuid, '375e9267-e746-8275-5cff-7ce008b6fef2'::uuid, 'Avoided (Risk Avoidance).', 2),
  ('0ba9d1f7-b7bb-8d7c-cff6-9c34a933220b'::uuid, '375e9267-e746-8275-5cff-7ce008b6fef2'::uuid, 'Mitigated (Risk Mitigation).', 3),
  ('4c0a9637-1759-c40d-5ac5-2f00de126903'::uuid, '375e9267-e746-8275-5cff-7ce008b6fef2'::uuid, 'Accepted (Passive Acceptance).', 4),
  ('24a751dc-6f04-2135-11a6-2dc1b74b2244'::uuid, '9fa5bca5-6841-e3da-e8b7-41f8f52510bf'::uuid, 'Contingency Reserve.', 1),
  ('a271695e-2b59-e38a-a965-fdf08ac7d4b8'::uuid, '9fa5bca5-6841-e3da-e8b7-41f8f52510bf'::uuid, 'Management Reserve.', 2),
  ('f724348b-0538-d8f4-cd52-518af2f97488'::uuid, '9fa5bca5-6841-e3da-e8b7-41f8f52510bf'::uuid, 'Operational Quality Baseline.', 3),
  ('6c2b0299-9e88-e29c-9d66-811692007bd8'::uuid, '9fa5bca5-6841-e3da-e8b7-41f8f52510bf'::uuid, 'Employee Health Insurance Fund.', 4),
  ('0ac447ad-d3af-12fc-dc20-4cba263fff4e'::uuid, '78c4f0a3-992e-db57-f6dd-6d8f7894f378'::uuid, 'Calculating the exact hourly billable rates for external project consultants.', 1),
  ('b9543aee-7b3d-ae6f-847f-6719123d27dc'::uuid, '78c4f0a3-992e-db57-f6dd-6d8f7894f378'::uuid, 'Selecting the brand of antivirus software installed on developer laptops.', 2),
  ('d3866f1d-6b99-ceaf-b243-3ab2bdf4efa4'::uuid, '78c4f0a3-992e-db57-f6dd-6d8f7894f378'::uuid, 'Aligning risk management criteria with internal culture, regulatory environments, and strategic business goals.', 3),
  ('a21ae60c-ea20-ddac-6d95-75a701298252'::uuid, '78c4f0a3-992e-db57-f6dd-6d8f7894f378'::uuid, 'Determining the physical layout of executive conference rooms.', 4),
  ('05e1cc46-98c1-bf0f-afe6-094e74db0ca2'::uuid, 'a1ec5f5b-8ab6-3de4-7cd6-76c0bb9041ab'::uuid, 'Ignored completely because low probability implies zero financial exposure.', 1),
  ('0aafc63c-6146-f5dc-6519-7d7770bd85a8'::uuid, 'a1ec5f5b-8ab6-3de4-7cd6-76c0bb9041ab'::uuid, 'Converted immediately into an active issue and allocated 50% of the project contingency reserve.', 2),
  ('e4b7dbba-3b50-81b2-022f-1d75a48170f7'::uuid, 'a1ec5f5b-8ab6-3de4-7cd6-76c0bb9041ab'::uuid, 'Transferred immediately to the software development team for code refactoring.', 3),
  ('7edc565f-28a9-8204-1042-ec2e1419159c'::uuid, 'a1ec5f5b-8ab6-3de4-7cd6-76c0bb9041ab'::uuid, 'Positioned on the risk watch list with a detailed contingency plan and business continuity response.', 4),
  ('5d3a40fd-2fc9-d626-f125-69e6f554f2ed'::uuid, 'f9c670fc-59e0-9bc9-deed-b1d9184fb397'::uuid, 'The project schedule baseline required to achieve an 85% statistical confidence level for on-time delivery.', 1),
  ('75e8304f-d4cc-3366-f1c7-119444876e46'::uuid, 'f9c670fc-59e0-9bc9-deed-b1d9184fb397'::uuid, 'A guarantee that the project will cost 15% less than the approved baseline budget.', 2),
  ('1ef90d30-1f52-306e-dd61-9c15a81a53bc'::uuid, 'f9c670fc-59e0-9bc9-deed-b1d9184fb397'::uuid, 'The exact percentage of contractor invoices that will be rejected during audit.', 3),
  ('12e8abe5-09a7-ffdc-b388-3ffdaa7b82b1'::uuid, 'f9c670fc-59e0-9bc9-deed-b1d9184fb397'::uuid, 'The probability that a catastrophic risk event will destroy the primary construction site.', 4),
  ('72c661df-6f7e-0c4d-d05e-dab7f7f9a03e'::uuid, '9dcc16da-7b0d-11ff-186f-d157dc556211'::uuid, 'Avoided (Risk Avoidance).', 1),
  ('a6694d25-6478-f2df-1501-275742259a21'::uuid, '9dcc16da-7b0d-11ff-186f-d157dc556211'::uuid, 'Transferred (Risk Transfer).', 2),
  ('9330b743-50c5-db78-f19b-8657693996ee'::uuid, '9dcc16da-7b0d-11ff-186f-d157dc556211'::uuid, 'Mitigated (Risk Mitigation).', 3),
  ('fab6f104-c3f1-cfc9-12a0-0bb965cb75d0'::uuid, '9dcc16da-7b0d-11ff-186f-d157dc556211'::uuid, 'Accepted (Passive Acceptance).', 4),
  ('60bbbc4a-5b63-89b7-913d-8592c882ebea'::uuid, '128cb37c-456f-c4a6-16b6-73e918761f31'::uuid, 'Contingency Reserve.', 1),
  ('3da1ec51-e7cf-22cd-56e4-39afda29fc23'::uuid, '128cb37c-456f-c4a6-16b6-73e918761f31'::uuid, 'Operational Quality Baseline.', 2),
  ('e9143cc8-aef6-2cf7-e09d-2b226823fc25'::uuid, '128cb37c-456f-c4a6-16b6-73e918761f31'::uuid, 'Management Reserve.', 3),
  ('1ba68806-41f8-e9ec-bca8-bee7e88288f5'::uuid, '128cb37c-456f-c4a6-16b6-73e918761f31'::uuid, 'Employee Health Insurance Fund.', 4),
  ('6b437d68-2f20-54cf-d742-20a5112dec90'::uuid, 'bbd6b785-a6a5-c560-0dbd-6e87033b4b07'::uuid, 'Calculating the exact hourly billable rates for external project consultants.', 1),
  ('cb9fcfe6-76b2-ac56-31cc-61a59e884756'::uuid, 'bbd6b785-a6a5-c560-0dbd-6e87033b4b07'::uuid, 'Selecting the brand of antivirus software installed on developer laptops.', 2),
  ('bae0a82b-0132-e3af-fbd9-e9c9d9d783b0'::uuid, 'bbd6b785-a6a5-c560-0dbd-6e87033b4b07'::uuid, 'Determining the physical layout of executive conference rooms.', 3),
  ('84c375d1-8edf-945b-a26a-84040923fa81'::uuid, 'bbd6b785-a6a5-c560-0dbd-6e87033b4b07'::uuid, 'Aligning risk management criteria with internal culture, regulatory environments, and strategic business goals.', 4),
  ('dd55ae71-fe88-22af-8f27-0a9009b276dd'::uuid, 'af4da5d3-5046-bbad-f3ca-991cbc0bd9a7'::uuid, 'Positioned on the risk watch list with a detailed contingency plan and business continuity response.', 1),
  ('1e6b2221-3a14-de5b-7d00-748886b650cf'::uuid, 'af4da5d3-5046-bbad-f3ca-991cbc0bd9a7'::uuid, 'Ignored completely because low probability implies zero financial exposure.', 2),
  ('dcd10636-5e81-d498-27dd-ab84729e0835'::uuid, 'af4da5d3-5046-bbad-f3ca-991cbc0bd9a7'::uuid, 'Converted immediately into an active issue and allocated 50% of the project contingency reserve.', 3),
  ('7be6f6bd-3c54-a3ce-f4c4-3f10bc14ae40'::uuid, 'af4da5d3-5046-bbad-f3ca-991cbc0bd9a7'::uuid, 'Transferred immediately to the software development team for code refactoring.', 4),
  ('9f5c70f7-9a90-d81e-175d-b12b891782e6'::uuid, 'ad313621-a5aa-66b5-2790-23301936923e'::uuid, 'A guarantee that the project will cost 15% less than the approved baseline budget.', 1),
  ('3818d190-4d78-6cd1-7bca-95e83d2025f5'::uuid, 'ad313621-a5aa-66b5-2790-23301936923e'::uuid, 'The project schedule baseline required to achieve an 85% statistical confidence level for on-time delivery.', 2),
  ('28933d2f-a1ad-b8f8-9c7a-2d24a496395b'::uuid, 'ad313621-a5aa-66b5-2790-23301936923e'::uuid, 'The exact percentage of contractor invoices that will be rejected during audit.', 3),
  ('65c012c6-5408-bcb5-dea5-f216ae4b059a'::uuid, 'ad313621-a5aa-66b5-2790-23301936923e'::uuid, 'The probability that a catastrophic risk event will destroy the primary construction site.', 4),
  ('92e15dcf-eb7d-d437-cb42-1ec4c3f57d2d'::uuid, 'fd5962d6-4947-cbb8-bec5-267d8b7519f9'::uuid, 'Avoided (Risk Avoidance).', 1),
  ('27ec4ddb-b03e-36ae-df1b-42268d6007a4'::uuid, 'fd5962d6-4947-cbb8-bec5-267d8b7519f9'::uuid, 'Mitigated (Risk Mitigation).', 2),
  ('eb459ab1-7057-d9af-149c-1c3142d21aea'::uuid, 'fd5962d6-4947-cbb8-bec5-267d8b7519f9'::uuid, 'Transferred (Risk Transfer).', 3),
  ('08cb1ad8-6ecd-3dc1-4f8a-101cb7dc8230'::uuid, 'fd5962d6-4947-cbb8-bec5-267d8b7519f9'::uuid, 'Accepted (Passive Acceptance).', 4),
  ('81b4e48a-d360-9c83-6bb3-738ba677cc8e'::uuid, '5e9483bf-81ff-a533-4484-3f08ea606785'::uuid, 'Contingency Reserve.', 1),
  ('8a993ba1-f837-3ac7-e25a-2140575c8333'::uuid, '5e9483bf-81ff-a533-4484-3f08ea606785'::uuid, 'Operational Quality Baseline.', 2),
  ('fd4822a7-9cd0-6776-a86e-27a62f8511e3'::uuid, '5e9483bf-81ff-a533-4484-3f08ea606785'::uuid, 'Employee Health Insurance Fund.', 3),
  ('b513662f-fb01-6288-e87c-8abc6a1575c1'::uuid, '5e9483bf-81ff-a533-4484-3f08ea606785'::uuid, 'Management Reserve.', 4),
  ('ee29ba6e-6a2b-00c6-84d6-53868eb06da4'::uuid, 'f47cf3c1-5841-6abd-a843-317c664271ba'::uuid, 'Aligning risk management criteria with internal culture, regulatory environments, and strategic business goals.', 1),
  ('d91aa5fa-6cc7-f2fe-d381-b98a1c43d437'::uuid, 'f47cf3c1-5841-6abd-a843-317c664271ba'::uuid, 'Calculating the exact hourly billable rates for external project consultants.', 2),
  ('ef91cd28-60a8-69d8-a25f-eb2065b988a1'::uuid, 'f47cf3c1-5841-6abd-a843-317c664271ba'::uuid, 'Selecting the brand of antivirus software installed on developer laptops.', 3),
  ('3f8aaab8-7d5a-2983-9e2e-5878a1e610ab'::uuid, 'f47cf3c1-5841-6abd-a843-317c664271ba'::uuid, 'Determining the physical layout of executive conference rooms.', 4),
  ('73d6a4e8-6b00-b99b-c982-5d7dcb5a721a'::uuid, '4dac069d-25cd-f231-4039-44daec4e6249'::uuid, 'Ignored completely because low probability implies zero financial exposure.', 1),
  ('24a79ba2-32b5-7c95-c6c7-007b78b41830'::uuid, '4dac069d-25cd-f231-4039-44daec4e6249'::uuid, 'Positioned on the risk watch list with a detailed contingency plan and business continuity response.', 2),
  ('3da84f83-5c0e-0023-b549-a9a6e0a21c65'::uuid, '4dac069d-25cd-f231-4039-44daec4e6249'::uuid, 'Converted immediately into an active issue and allocated 50% of the project contingency reserve.', 3),
  ('ed8c776f-75bf-9eb7-07d4-191051398cb1'::uuid, '4dac069d-25cd-f231-4039-44daec4e6249'::uuid, 'Transferred immediately to the software development team for code refactoring.', 4),
  ('00d6ca6b-d19c-7910-60a2-4031fd5f07ff'::uuid, '8a23d39e-7059-d274-48ae-f378e57b3b28'::uuid, 'A guarantee that the project will cost 15% less than the approved baseline budget.', 1),
  ('d98400f8-cbe3-e782-00a2-6a46b5dbe869'::uuid, '8a23d39e-7059-d274-48ae-f378e57b3b28'::uuid, 'The exact percentage of contractor invoices that will be rejected during audit.', 2),
  ('0bd68179-04af-2bfe-d9bf-2a78c27bb698'::uuid, '8a23d39e-7059-d274-48ae-f378e57b3b28'::uuid, 'The project schedule baseline required to achieve an 85% statistical confidence level for on-time delivery.', 3),
  ('6d6c4e70-94d8-d685-68d7-ac4882ac808a'::uuid, '8a23d39e-7059-d274-48ae-f378e57b3b28'::uuid, 'The probability that a catastrophic risk event will destroy the primary construction site.', 4),
  ('84dabcff-c729-0f30-8216-eff47595d552'::uuid, 'aa227e96-9d74-68b0-dc12-b2451b53e1d6'::uuid, 'Avoided (Risk Avoidance).', 1),
  ('44433358-59ce-1dd6-c1ce-f09439e36081'::uuid, 'aa227e96-9d74-68b0-dc12-b2451b53e1d6'::uuid, 'Mitigated (Risk Mitigation).', 2),
  ('1a1bcc88-edea-8de1-9058-5c7ad0e05624'::uuid, 'aa227e96-9d74-68b0-dc12-b2451b53e1d6'::uuid, 'Accepted (Passive Acceptance).', 3),
  ('8d753ae0-5db6-2348-c735-66e5ae130524'::uuid, 'aa227e96-9d74-68b0-dc12-b2451b53e1d6'::uuid, 'Transferred (Risk Transfer).', 4),
  ('4a0b418f-3cca-6137-007e-51d62b78ca74'::uuid, '5b7e0763-6440-4d7f-9282-ee2be3098fee'::uuid, 'Management Reserve.', 1),
  ('698da187-879a-3f61-799c-d9854726dec1'::uuid, '5b7e0763-6440-4d7f-9282-ee2be3098fee'::uuid, 'Contingency Reserve.', 2),
  ('105c183b-8b0d-78a4-3d61-1be001e5eb3b'::uuid, '5b7e0763-6440-4d7f-9282-ee2be3098fee'::uuid, 'Operational Quality Baseline.', 3),
  ('19fc6a40-5646-e34c-1c68-715bea2be4cd'::uuid, '5b7e0763-6440-4d7f-9282-ee2be3098fee'::uuid, 'Employee Health Insurance Fund.', 4),
  ('b3cf24e8-de8d-dd42-dfff-62e68a39d952'::uuid, '203804c6-2321-c905-f169-289fc7fe56ed'::uuid, 'Calculating the exact hourly billable rates for external project consultants.', 1),
  ('2878c601-cee8-be0b-f80b-9dc6661c320e'::uuid, '203804c6-2321-c905-f169-289fc7fe56ed'::uuid, 'Aligning risk management criteria with internal culture, regulatory environments, and strategic business goals.', 2),
  ('2dbe7b5f-9fe1-ba17-b082-636664abde9d'::uuid, '203804c6-2321-c905-f169-289fc7fe56ed'::uuid, 'Selecting the brand of antivirus software installed on developer laptops.', 3),
  ('9881e3a0-9bf8-b8fb-d4f9-267b0c3be768'::uuid, '203804c6-2321-c905-f169-289fc7fe56ed'::uuid, 'Determining the physical layout of executive conference rooms.', 4),
  ('d5e07896-d113-74e4-dfa4-b3f291f22a0f'::uuid, '94f93dd4-d228-f073-bbe8-78b40048e9ac'::uuid, 'Ignored completely because low probability implies zero financial exposure.', 1),
  ('390c2176-4c03-7d50-72bb-62c14defcc17'::uuid, '94f93dd4-d228-f073-bbe8-78b40048e9ac'::uuid, 'Converted immediately into an active issue and allocated 50% of the project contingency reserve.', 2),
  ('850f8cfa-4d1c-4f96-bef0-7099b4859291'::uuid, '94f93dd4-d228-f073-bbe8-78b40048e9ac'::uuid, 'Positioned on the risk watch list with a detailed contingency plan and business continuity response.', 3),
  ('5e6f4bd2-5bca-c539-bf47-538235305beb'::uuid, '94f93dd4-d228-f073-bbe8-78b40048e9ac'::uuid, 'Transferred immediately to the software development team for code refactoring.', 4),
  ('b7f26b47-0fa7-c56f-ed24-8e7645a6fafa'::uuid, 'fdd72ea2-8235-9f78-7f9c-cb10caa2b366'::uuid, 'A guarantee that the project will cost 15% less than the approved baseline budget.', 1),
  ('0812a159-4b51-0d0e-72e2-4610dbfd5fc3'::uuid, 'fdd72ea2-8235-9f78-7f9c-cb10caa2b366'::uuid, 'The exact percentage of contractor invoices that will be rejected during audit.', 2),
  ('af45ca9c-5456-0cfb-1802-8f907ddc7644'::uuid, 'fdd72ea2-8235-9f78-7f9c-cb10caa2b366'::uuid, 'The probability that a catastrophic risk event will destroy the primary construction site.', 3),
  ('32048c84-0f48-4164-d91c-dc396b92d76a'::uuid, 'fdd72ea2-8235-9f78-7f9c-cb10caa2b366'::uuid, 'The project schedule baseline required to achieve an 85% statistical confidence level for on-time delivery.', 4),
  ('5877f0ba-5493-9651-f360-83adeee9a431'::uuid, '6274908a-ace8-f781-2cbb-d8dfa36041cb'::uuid, 'Transferred (Risk Transfer).', 1),
  ('18301ebd-03a0-0c27-3a9b-64c644fa6c01'::uuid, '6274908a-ace8-f781-2cbb-d8dfa36041cb'::uuid, 'Avoided (Risk Avoidance).', 2),
  ('3f32f617-0da5-1fe2-d91e-2b8c96068e3b'::uuid, '6274908a-ace8-f781-2cbb-d8dfa36041cb'::uuid, 'Mitigated (Risk Mitigation).', 3),
  ('d4893bbc-936f-cf2a-396c-209ed9374db3'::uuid, '6274908a-ace8-f781-2cbb-d8dfa36041cb'::uuid, 'Accepted (Passive Acceptance).', 4),
  ('96ec266b-233f-cd6e-8a7b-16eda0cb37e0'::uuid, '044c3d92-b17e-404f-c200-752947fcc2d4'::uuid, 'Contingency Reserve.', 1),
  ('1c679f51-801d-30a2-571a-727925cbac47'::uuid, '044c3d92-b17e-404f-c200-752947fcc2d4'::uuid, 'Management Reserve.', 2),
  ('0df7f1d9-6b5d-7ea5-56ea-f1ab00b573ce'::uuid, '044c3d92-b17e-404f-c200-752947fcc2d4'::uuid, 'Operational Quality Baseline.', 3),
  ('7828e7b2-55af-20d2-a08c-9c129465e129'::uuid, '044c3d92-b17e-404f-c200-752947fcc2d4'::uuid, 'Employee Health Insurance Fund.', 4),
  ('a6117760-8106-5e48-b7bc-2ddf1d2f8e9d'::uuid, '8e951541-1b41-ac33-6f69-64c7d9488a01'::uuid, 'Calculating the exact hourly billable rates for external project consultants.', 1),
  ('080ccd06-47d7-050f-04c0-4e0e0cab9ee4'::uuid, '8e951541-1b41-ac33-6f69-64c7d9488a01'::uuid, 'Selecting the brand of antivirus software installed on developer laptops.', 2),
  ('bf27e0f4-22dd-6d8d-1787-b159c29799dc'::uuid, '8e951541-1b41-ac33-6f69-64c7d9488a01'::uuid, 'Aligning risk management criteria with internal culture, regulatory environments, and strategic business goals.', 3),
  ('81b15251-6a0a-b902-368d-92aca7089004'::uuid, '8e951541-1b41-ac33-6f69-64c7d9488a01'::uuid, 'Determining the physical layout of executive conference rooms.', 4)
on conflict (id) do update
set question_id = excluded.question_id,
    option_text = excluded.option_text,
    position = excluded.position;

insert into public.question_answer_keys (question_id, correct_option_id)
values
  ('75079c81-477f-6985-e867-1b475710445a'::uuid, 'e9553b29-f28e-cc56-9af4-f7ca9bfc8872'::uuid),
  ('0289cb38-165f-9786-ca7f-d5890f334d09'::uuid, '251c8a58-a5f4-0778-fadf-40cb610beba0'::uuid),
  ('fa03e8b6-d7b1-e9d5-4d85-7f0241128200'::uuid, 'bddf1e2f-e2b5-1741-c415-1bfb6442919e'::uuid),
  ('39e1968a-0739-b2a3-afca-02fa0f8bbc51'::uuid, '62c57d4f-9865-8aef-d819-318a341d952b'::uuid),
  ('10e7b1cb-8172-b256-97bb-05092632de00'::uuid, 'caf106ab-e6c4-0283-5fbf-011527b69922'::uuid),
  ('ed4ff738-61be-09a3-954a-cd5afd378f13'::uuid, 'c7dc15a9-c23c-8bf1-bf3d-b44d9ffae0d0'::uuid),
  ('53f84d5d-3b47-c2bb-909b-3835f22f8a5b'::uuid, '2b49e58b-6970-67b1-6cbd-b7146337c813'::uuid),
  ('24de3c4f-cabe-ab3c-b2c9-5cfaa87aebaf'::uuid, 'ce2060ed-1621-2a5b-2c82-8d76ae3915e4'::uuid),
  ('e5a38ebd-1b90-d782-9937-389d05818ce6'::uuid, '9088f8f0-0b47-d833-0c08-b8eb72f5b491'::uuid),
  ('00475f51-e478-1f0f-ac02-5bd06802da63'::uuid, '9b0c5155-7726-b4e0-4087-84db01a00b23'::uuid),
  ('dbd474b8-d7a4-21c3-d123-2f5171224125'::uuid, 'b024c960-956e-4391-b7ba-424f4409b7b0'::uuid),
  ('88d23f9b-80ed-50f6-0a26-49518ec57ee5'::uuid, 'cfb57f7d-718d-4ebf-88e4-7d53fff7b6fd'::uuid),
  ('b1d69575-629a-7e7f-9dbd-5cc1d11a02e6'::uuid, 'a8737f9f-74ea-9d68-1b58-cbc2dd052c8f'::uuid),
  ('f69f31b0-08cb-3f4d-91bc-1208ee7894e1'::uuid, '585b4d58-0ae4-0cf1-b3fa-aab471f31be1'::uuid),
  ('3dbdd80e-2b10-9862-c33e-da59857e3c3b'::uuid, 'cc6b78c9-dc42-c4ce-e69d-0de108cc95ec'::uuid),
  ('7a8eb0e4-e8f8-6d5a-080e-0efe7982d2ec'::uuid, 'f1537081-ae4d-c283-819d-f01bf874aad0'::uuid),
  ('ddc6b96f-6015-11a6-50e8-3b44e177fe4a'::uuid, '1daf721f-b104-5c89-5352-18cea97ff1d6'::uuid),
  ('19574d32-3cf9-bbb9-7453-37ed0d71e8ef'::uuid, '122538a5-6b99-9547-639a-4047a07d038c'::uuid),
  ('f0e07f24-9da3-444e-25bf-f7a149afa6c4'::uuid, '2ca1b171-f9c3-1b90-d75e-0d4c7c47f461'::uuid),
  ('886d8a74-2783-f4b5-8d89-4627c8f6651b'::uuid, '76dc7654-f922-92fd-c32f-19665aa62373'::uuid),
  ('038b086b-8cd4-e426-8968-c2a83f6a1d66'::uuid, '923ee848-e82a-89de-1c4b-6cd7f92ff82c'::uuid),
  ('e151c841-a416-fc38-2aa0-edf8ce6916dc'::uuid, 'b1a2cef3-58cb-f6af-b9ab-140936d22b0b'::uuid),
  ('3b686b94-8ab9-264c-ab53-cdd0864f976a'::uuid, '0cf48074-1f38-b4d1-71f4-a41bf724307f'::uuid),
  ('7fbd7443-8072-470b-7ad8-d766ebc6840f'::uuid, '3f91e1c0-bb3d-89cf-222d-704881ab8dbc'::uuid),
  ('55d3031c-11c7-90a6-573a-6cb7e958719c'::uuid, '056e116b-91d4-7996-999a-8f1191551a30'::uuid),
  ('39d4ffb5-6674-3395-18b8-943e1e0e36af'::uuid, 'c6b559ad-28cd-4c77-9731-18f3fa7c9d03'::uuid),
  ('c5a33678-bc85-2318-d2e3-ac5114c28326'::uuid, '062088f9-ef69-a410-5a6d-d286375b4005'::uuid),
  ('731e9f41-e196-d4a4-0354-14e209b4458f'::uuid, '46a9107d-00ae-c02e-5563-82fe4b80295c'::uuid),
  ('19047307-afdb-268c-8953-dde878497e74'::uuid, '6ff23432-9a7c-1c4e-577c-4fb9253d5951'::uuid),
  ('f278fcff-aa68-fd0b-ef9c-5722dae11378'::uuid, '0a2b01c8-b4de-8d19-99dc-0b02a659e5b5'::uuid),
  ('92f885cf-44f0-3454-d1c4-3b2a59308a2f'::uuid, 'daa7e73a-2372-f41d-24df-7c141a690e8f'::uuid),
  ('30958ac1-dcdb-48f6-1642-b75eac4f7bbf'::uuid, '2fa2d43c-f386-e7c1-b505-a73b982acec7'::uuid),
  ('4f51e2ff-d8be-107c-57e9-66dfebfadfe8'::uuid, '5fa6fe94-cad1-332e-c821-1270c3f02de9'::uuid),
  ('3a194c03-49fe-2cfc-9539-c8f75aa526fd'::uuid, 'b316d7ae-95e0-1523-1ec1-ce3f075d986f'::uuid),
  ('7dbd3c06-80e8-2df0-c8d2-0e80dccf5c1e'::uuid, 'd3b5ecdb-1ee1-f850-0eda-f07085d12f09'::uuid),
  ('04704f39-5a3c-04a6-5fd0-406ae246a15e'::uuid, 'd30492d8-540d-1a58-ed78-f99cbc76dd95'::uuid),
  ('13948d54-0270-f563-60f7-f0f53cbfeb91'::uuid, '22798dbe-c856-db4f-9284-c69d2bd9a025'::uuid),
  ('83068b74-7b9b-d63b-3982-bb4d7ff46a14'::uuid, '0d413eb4-ce3e-b95d-6bde-0d1ecf37506a'::uuid),
  ('e881ccf1-fb1a-372e-b62c-aacef82f80d7'::uuid, 'bf33365d-1b58-597e-a758-6b193a7bb500'::uuid),
  ('7b64d848-3cb7-971c-b9b1-7a536871df67'::uuid, '0b17902c-4909-b11a-a4bc-5ba906b55a87'::uuid),
  ('00c5f304-8830-ac53-0f4b-b462b10775dd'::uuid, '07c94bdf-263e-e345-b22f-abc28860c8bf'::uuid),
  ('540ab4bb-838e-4a6c-24a3-fbf04162517e'::uuid, '119ef632-b030-e24f-e30c-7c4471ad0b5a'::uuid),
  ('396b143f-5fce-3115-55ee-873fd1a04d6b'::uuid, '5ee1a263-9c77-d692-d301-a83cc4aefce4'::uuid),
  ('e99c2a6e-bd7a-0589-1b57-c10c69e76f03'::uuid, '76eed09b-01d2-005f-c977-775c2dd72eb1'::uuid),
  ('6066f174-ffbb-ad6d-a94d-c12b470aae75'::uuid, '1a309fe0-2555-bc03-ceeb-43647d35d05d'::uuid),
  ('1fb93433-c60d-fa37-db35-3305b1d0d539'::uuid, 'c7e6af62-00a2-931a-abfc-97f41ac9c920'::uuid),
  ('ffe9d5a2-cc71-306a-0f32-0318a73cc545'::uuid, 'd1ec9729-b69f-7a56-a6f0-b95c033aa0f2'::uuid),
  ('e539d943-7581-aed8-18f4-44a4652f7cbc'::uuid, '4ee23ae1-ee49-44e5-e193-2c17fc69d308'::uuid),
  ('9c2a9a04-c4ed-6c4b-8b93-e53c41d1ec73'::uuid, '80e56182-679d-e2c9-fe92-5227271fb678'::uuid),
  ('3279c885-6758-04f8-b0e3-898e851217f8'::uuid, '4f9e1fa3-bd4c-86b8-8c78-5fb4b7696d7e'::uuid),
  ('43e79db3-2d34-4cd4-79de-b384c713eef6'::uuid, 'db86037c-adff-660b-0ceb-2ad23eb19e75'::uuid),
  ('02961df7-b939-d81c-3223-dfa3f81060e3'::uuid, '2c965238-a9a0-fc02-d255-685b6c619cde'::uuid),
  ('375e9267-e746-8275-5cff-7ce008b6fef2'::uuid, '26b7fd1c-1ab7-bf9e-ca39-f506bb968482'::uuid),
  ('9fa5bca5-6841-e3da-e8b7-41f8f52510bf'::uuid, 'a271695e-2b59-e38a-a965-fdf08ac7d4b8'::uuid),
  ('78c4f0a3-992e-db57-f6dd-6d8f7894f378'::uuid, 'd3866f1d-6b99-ceaf-b243-3ab2bdf4efa4'::uuid),
  ('a1ec5f5b-8ab6-3de4-7cd6-76c0bb9041ab'::uuid, '7edc565f-28a9-8204-1042-ec2e1419159c'::uuid),
  ('f9c670fc-59e0-9bc9-deed-b1d9184fb397'::uuid, '5d3a40fd-2fc9-d626-f125-69e6f554f2ed'::uuid),
  ('9dcc16da-7b0d-11ff-186f-d157dc556211'::uuid, 'a6694d25-6478-f2df-1501-275742259a21'::uuid),
  ('128cb37c-456f-c4a6-16b6-73e918761f31'::uuid, 'e9143cc8-aef6-2cf7-e09d-2b226823fc25'::uuid),
  ('bbd6b785-a6a5-c560-0dbd-6e87033b4b07'::uuid, '84c375d1-8edf-945b-a26a-84040923fa81'::uuid),
  ('af4da5d3-5046-bbad-f3ca-991cbc0bd9a7'::uuid, 'dd55ae71-fe88-22af-8f27-0a9009b276dd'::uuid),
  ('ad313621-a5aa-66b5-2790-23301936923e'::uuid, '3818d190-4d78-6cd1-7bca-95e83d2025f5'::uuid),
  ('fd5962d6-4947-cbb8-bec5-267d8b7519f9'::uuid, 'eb459ab1-7057-d9af-149c-1c3142d21aea'::uuid),
  ('5e9483bf-81ff-a533-4484-3f08ea606785'::uuid, 'b513662f-fb01-6288-e87c-8abc6a1575c1'::uuid),
  ('f47cf3c1-5841-6abd-a843-317c664271ba'::uuid, 'ee29ba6e-6a2b-00c6-84d6-53868eb06da4'::uuid),
  ('4dac069d-25cd-f231-4039-44daec4e6249'::uuid, '24a79ba2-32b5-7c95-c6c7-007b78b41830'::uuid),
  ('8a23d39e-7059-d274-48ae-f378e57b3b28'::uuid, '0bd68179-04af-2bfe-d9bf-2a78c27bb698'::uuid),
  ('aa227e96-9d74-68b0-dc12-b2451b53e1d6'::uuid, '8d753ae0-5db6-2348-c735-66e5ae130524'::uuid),
  ('5b7e0763-6440-4d7f-9282-ee2be3098fee'::uuid, '4a0b418f-3cca-6137-007e-51d62b78ca74'::uuid),
  ('203804c6-2321-c905-f169-289fc7fe56ed'::uuid, '2878c601-cee8-be0b-f80b-9dc6661c320e'::uuid),
  ('94f93dd4-d228-f073-bbe8-78b40048e9ac'::uuid, '850f8cfa-4d1c-4f96-bef0-7099b4859291'::uuid),
  ('fdd72ea2-8235-9f78-7f9c-cb10caa2b366'::uuid, '32048c84-0f48-4164-d91c-dc396b92d76a'::uuid),
  ('6274908a-ace8-f781-2cbb-d8dfa36041cb'::uuid, '5877f0ba-5493-9651-f360-83adeee9a431'::uuid),
  ('044c3d92-b17e-404f-c200-752947fcc2d4'::uuid, '1c679f51-801d-30a2-571a-727925cbac47'::uuid),
  ('8e951541-1b41-ac33-6f69-64c7d9488a01'::uuid, 'bf27e0f4-22dd-6d8d-1787-b159c29799dc'::uuid)
on conflict (question_id) do update
set correct_option_id = excluded.correct_option_id,
    updated_at = now();

update public.exam_prices
set is_default = false, updated_at = now()
where examination_id = '0dadec7a-f11f-61d1-eb5d-e6e61d17d023'::uuid
  and currency <> 'NGN'
  and is_default = true;

insert into public.exam_prices (
  id, examination_id, currency, amount_minor, country_codes,
  is_default, is_active, effective_from, effective_to
) values (
  '24f14f50-4774-b343-b400-7857b00d7c44'::uuid,
  '0dadec7a-f11f-61d1-eb5d-e6e61d17d023'::uuid,
  'NGN',
  2500000,
  array['NG']::text[],
  true,
  true,
  now(),
  null
)
on conflict (examination_id, currency) do update
set amount_minor = 2500000,
    country_codes = array['NG']::text[],
    is_default = true,
    is_active = true,
    effective_from = least(public.exam_prices.effective_from, now()),
    effective_to = null,
    updated_at = now();

-- QMP: Quality Management Professional (QMP)
insert into public.programmes (id, code, name, description, is_active)
values (
  'e4d7bcab-202a-04a5-568c-19bc88dad394'::uuid,
  'QMP',
  'Quality Management Professional (QMP)',
  '75 Questions. Focus: Quality Assurance vs. Quality Control, Six Sigma DMAIC, Statistical Process Control (SPC), Lean Jidoka, and ISO 9001:2015.',
  true
)
on conflict (code) do update
set name = excluded.name,
    description = excluded.description,
    is_active = true,
    updated_at = now();

insert into public.examinations (
  id, programme_id, title, instructions, duration_minutes, pass_mark,
  status, max_attempts, randomize_questions, randomize_options,
  allow_self_enrollment, requires_payment
) values (
  '722191d6-dbc7-f961-0b3e-b4168c60824b'::uuid,
  (select id from public.programmes where code = 'QMP'),
  'Quality Management Professional (QMP)',
  'Answer every question. This examination is timed and protected by IIPM examination integrity controls. Payment, an approved scholarship coupon or an administrator assignment is required before launch.',
  120,
  70,
  'published',
  1,
  true,
  true,
  false,
  true
)
on conflict (id) do update
set programme_id = excluded.programme_id,
    title = excluded.title,
    instructions = excluded.instructions,
    duration_minutes = excluded.duration_minutes,
    pass_mark = excluded.pass_mark,
    status = excluded.status,
    max_attempts = excluded.max_attempts,
    randomize_questions = excluded.randomize_questions,
    randomize_options = excluded.randomize_options,
    allow_self_enrollment = false,
    requires_payment = true,
    updated_at = now();

with ranked_existing as (
  select id, row_number() over (order by id) as replacement_position
  from public.questions
  where examination_id = '722191d6-dbc7-f961-0b3e-b4168c60824b'::uuid
)
update public.questions q
set is_active = false,
    position = 100000 + ranked_existing.replacement_position,
    updated_at = now()
from ranked_existing
where q.id = ranked_existing.id;

insert into public.questions (id, examination_id, question_text, position, points, is_active)
values
  ('9da4b1ba-1aca-cd8d-e40d-e552aa689b1b'::uuid, '722191d6-dbc7-f961-0b3e-b4168c60824b'::uuid, '[Six Sigma DMAIC & SPC - Scenario 1] A manufacturing process shows 7 consecutive data points falling on one side of the mean line on a Control Chart, even though all points are within upper and lower control limits. What does this indicate according to SPC rule sets?', 1, 1, true),
  ('990d5cf2-c1f1-3373-6a63-eb6f3a15394d'::uuid, '722191d6-dbc7-f961-0b3e-b4168c60824b'::uuid, '[Quality Assurance vs. Quality Control - Scenario 2] An auditor evaluates a software engineering team. The auditor checks whether code review checklists and peer testing protocols are being consistently followed during development. Is this QA or QC?', 2, 1, true),
  ('085c25ea-fcc0-7cd0-ec63-57d90d128a5f'::uuid, '722191d6-dbc7-f961-0b3e-b4168c60824b'::uuid, '[Lean Manufacturing & Waste Elimination - Scenario 3] In Lean production methodologies (TPS), an assembly line stops immediately when a worker pulls an Andon cord upon detecting a component defect. What principle is being demonstrated?', 3, 1, true),
  ('4040d6a7-0837-d1e1-7d8e-adea7a80a050'::uuid, '722191d6-dbc7-f961-0b3e-b4168c60824b'::uuid, '[Root Cause Analysis Tools - Scenario 4] A quality engineering team uses a Fishbone (Ishikawa) diagram during a defect investigation. What is the main objective of this tool?', 4, 1, true),
  ('a617ea09-1b45-31c5-c34a-c1fb3e5d6493'::uuid, '722191d6-dbc7-f961-0b3e-b4168c60824b'::uuid, '[ISO 9001:2015 Standards - Scenario 5] Clause 8 of ISO 9001:2015 mandates that organizations establish clear operational planning and control. What is a key requirement for managing non-conforming outputs under this clause?', 5, 1, true),
  ('f9604d57-da88-293f-75fa-e4c5723db117'::uuid, '722191d6-dbc7-f961-0b3e-b4168c60824b'::uuid, '[Six Sigma DMAIC & SPC - Scenario 6] A manufacturing process shows 7 consecutive data points falling on one side of the mean line on a Control Chart, even though all points are within upper and lower control limits. What does this indicate according to SPC rule sets?', 6, 1, true),
  ('a4aa6af7-8d7d-5e7a-3be6-6080c38bc94c'::uuid, '722191d6-dbc7-f961-0b3e-b4168c60824b'::uuid, '[Quality Assurance vs. Quality Control - Scenario 7] An auditor evaluates a software engineering team. The auditor checks whether code review checklists and peer testing protocols are being consistently followed during development. Is this QA or QC?', 7, 1, true),
  ('c52fb796-b6ff-f955-3a11-6976a764e5c5'::uuid, '722191d6-dbc7-f961-0b3e-b4168c60824b'::uuid, '[Lean Manufacturing & Waste Elimination - Scenario 8] In Lean production methodologies (TPS), an assembly line stops immediately when a worker pulls an Andon cord upon detecting a component defect. What principle is being demonstrated?', 8, 1, true),
  ('d499a356-41ad-11d9-0e70-ae2444c9491e'::uuid, '722191d6-dbc7-f961-0b3e-b4168c60824b'::uuid, '[Root Cause Analysis Tools - Scenario 9] A quality engineering team uses a Fishbone (Ishikawa) diagram during a defect investigation. What is the main objective of this tool?', 9, 1, true),
  ('19002e66-8eb5-34a7-d0d6-6742953e8b56'::uuid, '722191d6-dbc7-f961-0b3e-b4168c60824b'::uuid, '[ISO 9001:2015 Standards - Scenario 10] Clause 8 of ISO 9001:2015 mandates that organizations establish clear operational planning and control. What is a key requirement for managing non-conforming outputs under this clause?', 10, 1, true),
  ('61e90d30-07b5-ba7f-f958-0261337d9131'::uuid, '722191d6-dbc7-f961-0b3e-b4168c60824b'::uuid, '[Six Sigma DMAIC & SPC - Scenario 11] A manufacturing process shows 7 consecutive data points falling on one side of the mean line on a Control Chart, even though all points are within upper and lower control limits. What does this indicate according to SPC rule sets?', 11, 1, true),
  ('7807be2b-980a-425a-78c0-3c2e8f5d258e'::uuid, '722191d6-dbc7-f961-0b3e-b4168c60824b'::uuid, '[Quality Assurance vs. Quality Control - Scenario 12] An auditor evaluates a software engineering team. The auditor checks whether code review checklists and peer testing protocols are being consistently followed during development. Is this QA or QC?', 12, 1, true),
  ('8f9b5992-2398-e735-e352-a0fc399c4e0c'::uuid, '722191d6-dbc7-f961-0b3e-b4168c60824b'::uuid, '[Lean Manufacturing & Waste Elimination - Scenario 13] In Lean production methodologies (TPS), an assembly line stops immediately when a worker pulls an Andon cord upon detecting a component defect. What principle is being demonstrated?', 13, 1, true),
  ('d53dec61-68c5-b444-7b20-ff170b03257a'::uuid, '722191d6-dbc7-f961-0b3e-b4168c60824b'::uuid, '[Root Cause Analysis Tools - Scenario 14] A quality engineering team uses a Fishbone (Ishikawa) diagram during a defect investigation. What is the main objective of this tool?', 14, 1, true),
  ('78ad95b7-d17e-57b4-80b7-3ca84332a071'::uuid, '722191d6-dbc7-f961-0b3e-b4168c60824b'::uuid, '[ISO 9001:2015 Standards - Scenario 15] Clause 8 of ISO 9001:2015 mandates that organizations establish clear operational planning and control. What is a key requirement for managing non-conforming outputs under this clause?', 15, 1, true),
  ('85aac63b-c573-b9f9-1e10-d9035987bdea'::uuid, '722191d6-dbc7-f961-0b3e-b4168c60824b'::uuid, '[Six Sigma DMAIC & SPC - Scenario 16] A manufacturing process shows 7 consecutive data points falling on one side of the mean line on a Control Chart, even though all points are within upper and lower control limits. What does this indicate according to SPC rule sets?', 16, 1, true),
  ('d1d3412a-a449-ec60-3472-eed1d02bad5e'::uuid, '722191d6-dbc7-f961-0b3e-b4168c60824b'::uuid, '[Quality Assurance vs. Quality Control - Scenario 17] An auditor evaluates a software engineering team. The auditor checks whether code review checklists and peer testing protocols are being consistently followed during development. Is this QA or QC?', 17, 1, true),
  ('fc6be37e-e83f-0217-4aca-ee3bd2ada6b4'::uuid, '722191d6-dbc7-f961-0b3e-b4168c60824b'::uuid, '[Lean Manufacturing & Waste Elimination - Scenario 18] In Lean production methodologies (TPS), an assembly line stops immediately when a worker pulls an Andon cord upon detecting a component defect. What principle is being demonstrated?', 18, 1, true),
  ('c2bd77f4-4b16-efa1-2525-f4cb554295b6'::uuid, '722191d6-dbc7-f961-0b3e-b4168c60824b'::uuid, '[Root Cause Analysis Tools - Scenario 19] A quality engineering team uses a Fishbone (Ishikawa) diagram during a defect investigation. What is the main objective of this tool?', 19, 1, true),
  ('66552515-10cf-0f1b-8621-28df843ed449'::uuid, '722191d6-dbc7-f961-0b3e-b4168c60824b'::uuid, '[ISO 9001:2015 Standards - Scenario 20] Clause 8 of ISO 9001:2015 mandates that organizations establish clear operational planning and control. What is a key requirement for managing non-conforming outputs under this clause?', 20, 1, true),
  ('1e516775-c211-a5a4-2a65-f99564ee80e6'::uuid, '722191d6-dbc7-f961-0b3e-b4168c60824b'::uuid, '[Six Sigma DMAIC & SPC - Scenario 21] A manufacturing process shows 7 consecutive data points falling on one side of the mean line on a Control Chart, even though all points are within upper and lower control limits. What does this indicate according to SPC rule sets?', 21, 1, true),
  ('e101912d-fb7a-3797-f877-e4943396a88b'::uuid, '722191d6-dbc7-f961-0b3e-b4168c60824b'::uuid, '[Quality Assurance vs. Quality Control - Scenario 22] An auditor evaluates a software engineering team. The auditor checks whether code review checklists and peer testing protocols are being consistently followed during development. Is this QA or QC?', 22, 1, true),
  ('055dbcc4-7f45-6b3f-23cd-ec6b849b9d1d'::uuid, '722191d6-dbc7-f961-0b3e-b4168c60824b'::uuid, '[Lean Manufacturing & Waste Elimination - Scenario 23] In Lean production methodologies (TPS), an assembly line stops immediately when a worker pulls an Andon cord upon detecting a component defect. What principle is being demonstrated?', 23, 1, true),
  ('fdcf4467-907e-cc28-dc49-4795357d77a8'::uuid, '722191d6-dbc7-f961-0b3e-b4168c60824b'::uuid, '[Root Cause Analysis Tools - Scenario 24] A quality engineering team uses a Fishbone (Ishikawa) diagram during a defect investigation. What is the main objective of this tool?', 24, 1, true),
  ('b828c67d-b753-e6e3-1df3-8976b18ef112'::uuid, '722191d6-dbc7-f961-0b3e-b4168c60824b'::uuid, '[ISO 9001:2015 Standards - Scenario 25] Clause 8 of ISO 9001:2015 mandates that organizations establish clear operational planning and control. What is a key requirement for managing non-conforming outputs under this clause?', 25, 1, true),
  ('76b3aecd-c0d7-7668-0261-59849e8fcb25'::uuid, '722191d6-dbc7-f961-0b3e-b4168c60824b'::uuid, '[Six Sigma DMAIC & SPC - Scenario 26] A manufacturing process shows 7 consecutive data points falling on one side of the mean line on a Control Chart, even though all points are within upper and lower control limits. What does this indicate according to SPC rule sets?', 26, 1, true),
  ('08f4e90f-3640-340b-80d6-04df621d14fb'::uuid, '722191d6-dbc7-f961-0b3e-b4168c60824b'::uuid, '[Quality Assurance vs. Quality Control - Scenario 27] An auditor evaluates a software engineering team. The auditor checks whether code review checklists and peer testing protocols are being consistently followed during development. Is this QA or QC?', 27, 1, true),
  ('9beaf5f4-edb9-781c-781a-bf6d091ad943'::uuid, '722191d6-dbc7-f961-0b3e-b4168c60824b'::uuid, '[Lean Manufacturing & Waste Elimination - Scenario 28] In Lean production methodologies (TPS), an assembly line stops immediately when a worker pulls an Andon cord upon detecting a component defect. What principle is being demonstrated?', 28, 1, true),
  ('8fb5f997-fb20-cdd9-34d4-52a10dd7da7b'::uuid, '722191d6-dbc7-f961-0b3e-b4168c60824b'::uuid, '[Root Cause Analysis Tools - Scenario 29] A quality engineering team uses a Fishbone (Ishikawa) diagram during a defect investigation. What is the main objective of this tool?', 29, 1, true),
  ('a4ed49c1-611f-f707-c536-c4c47cf66a94'::uuid, '722191d6-dbc7-f961-0b3e-b4168c60824b'::uuid, '[ISO 9001:2015 Standards - Scenario 30] Clause 8 of ISO 9001:2015 mandates that organizations establish clear operational planning and control. What is a key requirement for managing non-conforming outputs under this clause?', 30, 1, true),
  ('02334045-a448-5a61-9900-68e1f784564d'::uuid, '722191d6-dbc7-f961-0b3e-b4168c60824b'::uuid, '[Six Sigma DMAIC & SPC - Scenario 31] A manufacturing process shows 7 consecutive data points falling on one side of the mean line on a Control Chart, even though all points are within upper and lower control limits. What does this indicate according to SPC rule sets?', 31, 1, true),
  ('1d1a309d-03ce-382f-4f96-f4e471e164c8'::uuid, '722191d6-dbc7-f961-0b3e-b4168c60824b'::uuid, '[Quality Assurance vs. Quality Control - Scenario 32] An auditor evaluates a software engineering team. The auditor checks whether code review checklists and peer testing protocols are being consistently followed during development. Is this QA or QC?', 32, 1, true),
  ('f106eda5-97ed-a785-24af-0e42eb441d4e'::uuid, '722191d6-dbc7-f961-0b3e-b4168c60824b'::uuid, '[Lean Manufacturing & Waste Elimination - Scenario 33] In Lean production methodologies (TPS), an assembly line stops immediately when a worker pulls an Andon cord upon detecting a component defect. What principle is being demonstrated?', 33, 1, true),
  ('0735f87f-5ad0-3d78-8838-2785a141cf4b'::uuid, '722191d6-dbc7-f961-0b3e-b4168c60824b'::uuid, '[Root Cause Analysis Tools - Scenario 34] A quality engineering team uses a Fishbone (Ishikawa) diagram during a defect investigation. What is the main objective of this tool?', 34, 1, true),
  ('09adaa3e-59df-3a0d-c06d-bcd0a37e7438'::uuid, '722191d6-dbc7-f961-0b3e-b4168c60824b'::uuid, '[ISO 9001:2015 Standards - Scenario 35] Clause 8 of ISO 9001:2015 mandates that organizations establish clear operational planning and control. What is a key requirement for managing non-conforming outputs under this clause?', 35, 1, true),
  ('3213f3be-3b3e-9b08-619b-e4afca07552a'::uuid, '722191d6-dbc7-f961-0b3e-b4168c60824b'::uuid, '[Six Sigma DMAIC & SPC - Scenario 36] A manufacturing process shows 7 consecutive data points falling on one side of the mean line on a Control Chart, even though all points are within upper and lower control limits. What does this indicate according to SPC rule sets?', 36, 1, true),
  ('30c54191-07c4-1724-ab54-d2ce9c344b2e'::uuid, '722191d6-dbc7-f961-0b3e-b4168c60824b'::uuid, '[Quality Assurance vs. Quality Control - Scenario 37] An auditor evaluates a software engineering team. The auditor checks whether code review checklists and peer testing protocols are being consistently followed during development. Is this QA or QC?', 37, 1, true),
  ('a201a825-6456-7194-569b-1c87148a66fc'::uuid, '722191d6-dbc7-f961-0b3e-b4168c60824b'::uuid, '[Lean Manufacturing & Waste Elimination - Scenario 38] In Lean production methodologies (TPS), an assembly line stops immediately when a worker pulls an Andon cord upon detecting a component defect. What principle is being demonstrated?', 38, 1, true),
  ('d15c35cf-c71b-04e6-b4c9-423165ff2ae1'::uuid, '722191d6-dbc7-f961-0b3e-b4168c60824b'::uuid, '[Root Cause Analysis Tools - Scenario 39] A quality engineering team uses a Fishbone (Ishikawa) diagram during a defect investigation. What is the main objective of this tool?', 39, 1, true),
  ('447b04f6-0796-06b3-2b8f-cd4a38c1d68d'::uuid, '722191d6-dbc7-f961-0b3e-b4168c60824b'::uuid, '[ISO 9001:2015 Standards - Scenario 40] Clause 8 of ISO 9001:2015 mandates that organizations establish clear operational planning and control. What is a key requirement for managing non-conforming outputs under this clause?', 40, 1, true),
  ('dd4ec44a-016f-6750-f9b5-4de1e2b4e34a'::uuid, '722191d6-dbc7-f961-0b3e-b4168c60824b'::uuid, '[Six Sigma DMAIC & SPC - Scenario 41] A manufacturing process shows 7 consecutive data points falling on one side of the mean line on a Control Chart, even though all points are within upper and lower control limits. What does this indicate according to SPC rule sets?', 41, 1, true),
  ('424a8e2f-27af-84a4-f94d-a340877ac289'::uuid, '722191d6-dbc7-f961-0b3e-b4168c60824b'::uuid, '[Quality Assurance vs. Quality Control - Scenario 42] An auditor evaluates a software engineering team. The auditor checks whether code review checklists and peer testing protocols are being consistently followed during development. Is this QA or QC?', 42, 1, true),
  ('0de52155-1b90-a1ad-72bc-56005084ebb3'::uuid, '722191d6-dbc7-f961-0b3e-b4168c60824b'::uuid, '[Lean Manufacturing & Waste Elimination - Scenario 43] In Lean production methodologies (TPS), an assembly line stops immediately when a worker pulls an Andon cord upon detecting a component defect. What principle is being demonstrated?', 43, 1, true),
  ('3388abd8-dbdd-eb06-14f6-b29e7161a3c1'::uuid, '722191d6-dbc7-f961-0b3e-b4168c60824b'::uuid, '[Root Cause Analysis Tools - Scenario 44] A quality engineering team uses a Fishbone (Ishikawa) diagram during a defect investigation. What is the main objective of this tool?', 44, 1, true),
  ('c37b9469-17ef-1b1a-3bfa-fed5eea7ce4e'::uuid, '722191d6-dbc7-f961-0b3e-b4168c60824b'::uuid, '[ISO 9001:2015 Standards - Scenario 45] Clause 8 of ISO 9001:2015 mandates that organizations establish clear operational planning and control. What is a key requirement for managing non-conforming outputs under this clause?', 45, 1, true),
  ('fc586376-bc55-f4e8-1280-675a46109915'::uuid, '722191d6-dbc7-f961-0b3e-b4168c60824b'::uuid, '[Six Sigma DMAIC & SPC - Scenario 46] A manufacturing process shows 7 consecutive data points falling on one side of the mean line on a Control Chart, even though all points are within upper and lower control limits. What does this indicate according to SPC rule sets?', 46, 1, true),
  ('216b5dac-9414-42ec-3a52-caee6a49ef45'::uuid, '722191d6-dbc7-f961-0b3e-b4168c60824b'::uuid, '[Quality Assurance vs. Quality Control - Scenario 47] An auditor evaluates a software engineering team. The auditor checks whether code review checklists and peer testing protocols are being consistently followed during development. Is this QA or QC?', 47, 1, true),
  ('73118e77-6c3b-d41e-d52b-0588cbc00df9'::uuid, '722191d6-dbc7-f961-0b3e-b4168c60824b'::uuid, '[Lean Manufacturing & Waste Elimination - Scenario 48] In Lean production methodologies (TPS), an assembly line stops immediately when a worker pulls an Andon cord upon detecting a component defect. What principle is being demonstrated?', 48, 1, true),
  ('ef2838d0-90cc-5bb6-3612-63e7880546f9'::uuid, '722191d6-dbc7-f961-0b3e-b4168c60824b'::uuid, '[Root Cause Analysis Tools - Scenario 49] A quality engineering team uses a Fishbone (Ishikawa) diagram during a defect investigation. What is the main objective of this tool?', 49, 1, true),
  ('56993694-06a6-8887-a338-1ad70065a982'::uuid, '722191d6-dbc7-f961-0b3e-b4168c60824b'::uuid, '[ISO 9001:2015 Standards - Scenario 50] Clause 8 of ISO 9001:2015 mandates that organizations establish clear operational planning and control. What is a key requirement for managing non-conforming outputs under this clause?', 50, 1, true),
  ('00c4eaf7-9e73-9dd4-b8d3-1854454658bf'::uuid, '722191d6-dbc7-f961-0b3e-b4168c60824b'::uuid, '[Six Sigma DMAIC & SPC - Scenario 51] A manufacturing process shows 7 consecutive data points falling on one side of the mean line on a Control Chart, even though all points are within upper and lower control limits. What does this indicate according to SPC rule sets?', 51, 1, true),
  ('0eee3015-f748-0a35-256d-8c0a247e0e23'::uuid, '722191d6-dbc7-f961-0b3e-b4168c60824b'::uuid, '[Quality Assurance vs. Quality Control - Scenario 52] An auditor evaluates a software engineering team. The auditor checks whether code review checklists and peer testing protocols are being consistently followed during development. Is this QA or QC?', 52, 1, true),
  ('58706abb-adb7-fc34-923e-9d08a57fdb4b'::uuid, '722191d6-dbc7-f961-0b3e-b4168c60824b'::uuid, '[Lean Manufacturing & Waste Elimination - Scenario 53] In Lean production methodologies (TPS), an assembly line stops immediately when a worker pulls an Andon cord upon detecting a component defect. What principle is being demonstrated?', 53, 1, true),
  ('8ee0e449-59d9-cdad-be3d-f6292b703235'::uuid, '722191d6-dbc7-f961-0b3e-b4168c60824b'::uuid, '[Root Cause Analysis Tools - Scenario 54] A quality engineering team uses a Fishbone (Ishikawa) diagram during a defect investigation. What is the main objective of this tool?', 54, 1, true),
  ('09296d02-1e9b-94a1-f1b0-ac368e5244d4'::uuid, '722191d6-dbc7-f961-0b3e-b4168c60824b'::uuid, '[ISO 9001:2015 Standards - Scenario 55] Clause 8 of ISO 9001:2015 mandates that organizations establish clear operational planning and control. What is a key requirement for managing non-conforming outputs under this clause?', 55, 1, true),
  ('b400460f-0058-b436-607a-6854b5792411'::uuid, '722191d6-dbc7-f961-0b3e-b4168c60824b'::uuid, '[Six Sigma DMAIC & SPC - Scenario 56] A manufacturing process shows 7 consecutive data points falling on one side of the mean line on a Control Chart, even though all points are within upper and lower control limits. What does this indicate according to SPC rule sets?', 56, 1, true),
  ('009373f7-3b33-250d-9239-9f9a09e57ff8'::uuid, '722191d6-dbc7-f961-0b3e-b4168c60824b'::uuid, '[Quality Assurance vs. Quality Control - Scenario 57] An auditor evaluates a software engineering team. The auditor checks whether code review checklists and peer testing protocols are being consistently followed during development. Is this QA or QC?', 57, 1, true),
  ('1e3b780e-4e6c-a087-f092-83d84e66969b'::uuid, '722191d6-dbc7-f961-0b3e-b4168c60824b'::uuid, '[Lean Manufacturing & Waste Elimination - Scenario 58] In Lean production methodologies (TPS), an assembly line stops immediately when a worker pulls an Andon cord upon detecting a component defect. What principle is being demonstrated?', 58, 1, true),
  ('3f538738-1a1e-d0cf-4e31-7b07f9d3288b'::uuid, '722191d6-dbc7-f961-0b3e-b4168c60824b'::uuid, '[Root Cause Analysis Tools - Scenario 59] A quality engineering team uses a Fishbone (Ishikawa) diagram during a defect investigation. What is the main objective of this tool?', 59, 1, true),
  ('2fea4890-9a0b-36ec-524b-c260c0006b1e'::uuid, '722191d6-dbc7-f961-0b3e-b4168c60824b'::uuid, '[ISO 9001:2015 Standards - Scenario 60] Clause 8 of ISO 9001:2015 mandates that organizations establish clear operational planning and control. What is a key requirement for managing non-conforming outputs under this clause?', 60, 1, true),
  ('7aafc459-7c0e-a06c-249d-504b7f1b3274'::uuid, '722191d6-dbc7-f961-0b3e-b4168c60824b'::uuid, '[Six Sigma DMAIC & SPC - Scenario 61] A manufacturing process shows 7 consecutive data points falling on one side of the mean line on a Control Chart, even though all points are within upper and lower control limits. What does this indicate according to SPC rule sets?', 61, 1, true),
  ('08af82a8-6886-84c9-34a9-074aca9a42c2'::uuid, '722191d6-dbc7-f961-0b3e-b4168c60824b'::uuid, '[Quality Assurance vs. Quality Control - Scenario 62] An auditor evaluates a software engineering team. The auditor checks whether code review checklists and peer testing protocols are being consistently followed during development. Is this QA or QC?', 62, 1, true),
  ('56a3c762-dbcb-769d-cafd-68c57605ddab'::uuid, '722191d6-dbc7-f961-0b3e-b4168c60824b'::uuid, '[Lean Manufacturing & Waste Elimination - Scenario 63] In Lean production methodologies (TPS), an assembly line stops immediately when a worker pulls an Andon cord upon detecting a component defect. What principle is being demonstrated?', 63, 1, true),
  ('3842bc5a-a7b2-f01b-10c5-594f991b2561'::uuid, '722191d6-dbc7-f961-0b3e-b4168c60824b'::uuid, '[Root Cause Analysis Tools - Scenario 64] A quality engineering team uses a Fishbone (Ishikawa) diagram during a defect investigation. What is the main objective of this tool?', 64, 1, true),
  ('cc61389b-0554-464d-e2bb-54848af0cccd'::uuid, '722191d6-dbc7-f961-0b3e-b4168c60824b'::uuid, '[ISO 9001:2015 Standards - Scenario 65] Clause 8 of ISO 9001:2015 mandates that organizations establish clear operational planning and control. What is a key requirement for managing non-conforming outputs under this clause?', 65, 1, true),
  ('0057e509-8dd8-0d0f-6f69-f4709b29077a'::uuid, '722191d6-dbc7-f961-0b3e-b4168c60824b'::uuid, '[Six Sigma DMAIC & SPC - Scenario 66] A manufacturing process shows 7 consecutive data points falling on one side of the mean line on a Control Chart, even though all points are within upper and lower control limits. What does this indicate according to SPC rule sets?', 66, 1, true),
  ('d0a74510-adfd-e4d4-801e-82f79911cf1f'::uuid, '722191d6-dbc7-f961-0b3e-b4168c60824b'::uuid, '[Quality Assurance vs. Quality Control - Scenario 67] An auditor evaluates a software engineering team. The auditor checks whether code review checklists and peer testing protocols are being consistently followed during development. Is this QA or QC?', 67, 1, true),
  ('5e2102fa-8d00-3685-75db-7cdc845101f1'::uuid, '722191d6-dbc7-f961-0b3e-b4168c60824b'::uuid, '[Lean Manufacturing & Waste Elimination - Scenario 68] In Lean production methodologies (TPS), an assembly line stops immediately when a worker pulls an Andon cord upon detecting a component defect. What principle is being demonstrated?', 68, 1, true),
  ('e3626e7d-8186-c161-c291-95b555d204b4'::uuid, '722191d6-dbc7-f961-0b3e-b4168c60824b'::uuid, '[Root Cause Analysis Tools - Scenario 69] A quality engineering team uses a Fishbone (Ishikawa) diagram during a defect investigation. What is the main objective of this tool?', 69, 1, true),
  ('6cd1d53a-6c68-adbc-6d40-beb439d73c1f'::uuid, '722191d6-dbc7-f961-0b3e-b4168c60824b'::uuid, '[ISO 9001:2015 Standards - Scenario 70] Clause 8 of ISO 9001:2015 mandates that organizations establish clear operational planning and control. What is a key requirement for managing non-conforming outputs under this clause?', 70, 1, true),
  ('c215dca6-529a-7ce3-872a-e15c623c2d81'::uuid, '722191d6-dbc7-f961-0b3e-b4168c60824b'::uuid, '[Six Sigma DMAIC & SPC - Scenario 71] A manufacturing process shows 7 consecutive data points falling on one side of the mean line on a Control Chart, even though all points are within upper and lower control limits. What does this indicate according to SPC rule sets?', 71, 1, true),
  ('97a3496b-ca2f-8563-65e0-5560a2f7cb65'::uuid, '722191d6-dbc7-f961-0b3e-b4168c60824b'::uuid, '[Quality Assurance vs. Quality Control - Scenario 72] An auditor evaluates a software engineering team. The auditor checks whether code review checklists and peer testing protocols are being consistently followed during development. Is this QA or QC?', 72, 1, true),
  ('3801b3ac-6543-2b2a-98fa-9701e5e96739'::uuid, '722191d6-dbc7-f961-0b3e-b4168c60824b'::uuid, '[Lean Manufacturing & Waste Elimination - Scenario 73] In Lean production methodologies (TPS), an assembly line stops immediately when a worker pulls an Andon cord upon detecting a component defect. What principle is being demonstrated?', 73, 1, true),
  ('a2329142-b7f5-9e8f-49ba-89834cdec65b'::uuid, '722191d6-dbc7-f961-0b3e-b4168c60824b'::uuid, '[Root Cause Analysis Tools - Scenario 74] A quality engineering team uses a Fishbone (Ishikawa) diagram during a defect investigation. What is the main objective of this tool?', 74, 1, true),
  ('ab1a6c9b-908e-477a-ecaa-8c40755d4d2e'::uuid, '722191d6-dbc7-f961-0b3e-b4168c60824b'::uuid, '[ISO 9001:2015 Standards - Scenario 75] Clause 8 of ISO 9001:2015 mandates that organizations establish clear operational planning and control. What is a key requirement for managing non-conforming outputs under this clause?', 75, 1, true)
on conflict (id) do update
set examination_id = excluded.examination_id,
    question_text = excluded.question_text,
    position = excluded.position,
    points = excluded.points,
    is_active = true,
    updated_at = now();

insert into public.question_options (id, question_id, option_text, position)
values
  ('68194815-7853-0d83-6708-f241e9de31a4'::uuid, '9da4b1ba-1aca-cd8d-e40d-e552aa689b1b'::uuid, 'A non-random process shift (Rule of Seven) requiring root-cause investigation for assignable cause variation.', 1),
  ('46c3cbba-200f-8b8e-ea67-6604714394b5'::uuid, '9da4b1ba-1aca-cd8d-e40d-e552aa689b1b'::uuid, 'Normal random process variation that should be ignored.', 2),
  ('1061b455-60d5-e2dc-f5f0-5dd5862f08ad'::uuid, '9da4b1ba-1aca-cd8d-e40d-e552aa689b1b'::uuid, 'Immediate proof that the manufacturing machine has reached 6 Sigma perfection.', 3),
  ('e62e8caf-e29a-aff5-7750-a6e90f97c661'::uuid, '9da4b1ba-1aca-cd8d-e40d-e552aa689b1b'::uuid, 'A failure of the statistical software calculating the control limits.', 4),
  ('b801496a-1064-4c66-5bc8-63dfb41e1e2e'::uuid, '990d5cf2-c1f1-3373-6a63-eb6f3a15394d'::uuid, 'Quality Control (QC) because it measures final product bug counts in production.', 1),
  ('2650ae2a-88f2-6b49-3a93-cf5d39347bbc'::uuid, '990d5cf2-c1f1-3373-6a63-eb6f3a15394d'::uuid, 'Quality Assurance (QA) because it focuses on process adherence to prevent defect creation.', 2),
  ('0903042a-f771-c48a-5e41-b022d95eb158'::uuid, '990d5cf2-c1f1-3373-6a63-eb6f3a15394d'::uuid, 'Neither QA nor QC; this is strictly financial auditing.', 3),
  ('853e9dfb-7560-2d9f-a714-ccbcb367e5ba'::uuid, '990d5cf2-c1f1-3373-6a63-eb6f3a15394d'::uuid, 'Total Productive Maintenance (TPM).', 4),
  ('3cf82fa1-7b50-1bc8-d444-dc3c111edf10'::uuid, '085c25ea-fcc0-7cd0-ec63-57d90d128a5f'::uuid, 'Kanban pull scheduling.', 1),
  ('81e3a15f-ac28-9e14-ce88-f8b4073abd92'::uuid, '085c25ea-fcc0-7cd0-ec63-57d90d128a5f'::uuid, 'Heijunka production leveling.', 2),
  ('74b5ef0e-0547-6003-1de7-44cc36a0a6e9'::uuid, '085c25ea-fcc0-7cd0-ec63-57d90d128a5f'::uuid, 'Jidoka (Autonomation / Quality at the source).', 3),
  ('698c0800-0b8c-d990-49b2-c6ebe4aea51e'::uuid, '085c25ea-fcc0-7cd0-ec63-57d90d128a5f'::uuid, '5S Workplace Standardization.', 4),
  ('2fc2bc0a-9f1b-df7d-6ba6-61ca8a6dffaf'::uuid, '4040d6a7-0837-d1e1-7d8e-adea7a80a050'::uuid, 'Plotting project activity schedules on a time-phased Gantt chart.', 1),
  ('a0c97565-f7c0-4c6d-5233-615507bcfc0c'::uuid, '4040d6a7-0837-d1e1-7d8e-adea7a80a050'::uuid, 'Calculating cumulative project cost performance index (CPI).', 2),
  ('d747fe4d-d7a4-5175-c074-257b412c304d'::uuid, '4040d6a7-0837-d1e1-7d8e-adea7a80a050'::uuid, 'Automating customer support ticket escalations.', 3),
  ('7381fafc-727c-3f78-05ed-e1f824777cf8'::uuid, '4040d6a7-0837-d1e1-7d8e-adea7a80a050'::uuid, 'Systematically categorizing potential causes of a quality problem into major categories (e.g., 6Ms).', 4),
  ('f36c8b0e-d357-6b02-c4fe-76274c59ac85'::uuid, 'a617ea09-1b45-31c5-c34a-c1fb3e5d6493'::uuid, 'Identifying, segregating, and controlling non-conforming items to prevent unauthorized use or delivery.', 1),
  ('6459b297-86a8-7815-cdee-431cf9bcf28d'::uuid, 'a617ea09-1b45-31c5-c34a-c1fb3e5d6493'::uuid, 'Selling non-conforming products at full market price without customer notification.', 2),
  ('ddb047d5-cabb-131e-bb27-ec3700cda72d'::uuid, 'a617ea09-1b45-31c5-c34a-c1fb3e5d6493'::uuid, 'Deleting quality records associated with failed inspection tests.', 3),
  ('364670dc-d2f0-71bc-e07f-399430522c8f'::uuid, 'a617ea09-1b45-31c5-c34a-c1fb3e5d6493'::uuid, 'Terminating the employment of any assembly technician involved in a single defect.', 4),
  ('e979cc20-ac12-abe3-10c4-9d7e707f1dd9'::uuid, 'f9604d57-da88-293f-75fa-e4c5723db117'::uuid, 'Normal random process variation that should be ignored.', 1),
  ('e6aeffdb-fead-7dd0-fb96-2fd335eb72f4'::uuid, 'f9604d57-da88-293f-75fa-e4c5723db117'::uuid, 'A non-random process shift (Rule of Seven) requiring root-cause investigation for assignable cause variation.', 2),
  ('97f90fe1-9d96-5d9d-3886-aa6e55683190'::uuid, 'f9604d57-da88-293f-75fa-e4c5723db117'::uuid, 'Immediate proof that the manufacturing machine has reached 6 Sigma perfection.', 3),
  ('16fa8642-3da1-ddcb-c6ce-5d7882edf15a'::uuid, 'f9604d57-da88-293f-75fa-e4c5723db117'::uuid, 'A failure of the statistical software calculating the control limits.', 4),
  ('842b1d5f-6e4b-7289-1c42-5f001629a4b0'::uuid, 'a4aa6af7-8d7d-5e7a-3be6-6080c38bc94c'::uuid, 'Quality Control (QC) because it measures final product bug counts in production.', 1),
  ('e7df358f-443a-71ba-01b6-399b2d64580f'::uuid, 'a4aa6af7-8d7d-5e7a-3be6-6080c38bc94c'::uuid, 'Neither QA nor QC; this is strictly financial auditing.', 2),
  ('7f46bd6e-2c86-53ed-33e4-fc9c2d848908'::uuid, 'a4aa6af7-8d7d-5e7a-3be6-6080c38bc94c'::uuid, 'Quality Assurance (QA) because it focuses on process adherence to prevent defect creation.', 3),
  ('7439fa49-1c03-9b2c-7dd6-2a241acdd30b'::uuid, 'a4aa6af7-8d7d-5e7a-3be6-6080c38bc94c'::uuid, 'Total Productive Maintenance (TPM).', 4),
  ('210ce933-2aab-f94d-1456-fd8587eab101'::uuid, 'c52fb796-b6ff-f955-3a11-6976a764e5c5'::uuid, 'Kanban pull scheduling.', 1),
  ('708181e0-f30f-efac-2e82-9d298cb19326'::uuid, 'c52fb796-b6ff-f955-3a11-6976a764e5c5'::uuid, 'Heijunka production leveling.', 2),
  ('5d470338-507f-e432-762e-23f231eff9fa'::uuid, 'c52fb796-b6ff-f955-3a11-6976a764e5c5'::uuid, '5S Workplace Standardization.', 3),
  ('a7358967-6d1f-d0ea-a003-5a03c6a159cc'::uuid, 'c52fb796-b6ff-f955-3a11-6976a764e5c5'::uuid, 'Jidoka (Autonomation / Quality at the source).', 4),
  ('455f6b12-a597-2a2f-8505-23e7496a026e'::uuid, 'd499a356-41ad-11d9-0e70-ae2444c9491e'::uuid, 'Systematically categorizing potential causes of a quality problem into major categories (e.g., 6Ms).', 1),
  ('ee8cd787-b7fd-cfbf-7d75-f2a2724bc045'::uuid, 'd499a356-41ad-11d9-0e70-ae2444c9491e'::uuid, 'Plotting project activity schedules on a time-phased Gantt chart.', 2),
  ('c8e6eebb-9278-9c8f-43ba-502c681241f6'::uuid, 'd499a356-41ad-11d9-0e70-ae2444c9491e'::uuid, 'Calculating cumulative project cost performance index (CPI).', 3),
  ('f2758458-8771-487c-5d59-ee049d308b0c'::uuid, 'd499a356-41ad-11d9-0e70-ae2444c9491e'::uuid, 'Automating customer support ticket escalations.', 4),
  ('6a9b211a-84f9-4cde-6f02-158ae039aa83'::uuid, '19002e66-8eb5-34a7-d0d6-6742953e8b56'::uuid, 'Selling non-conforming products at full market price without customer notification.', 1),
  ('d69e82fa-5bcc-e388-b386-e2dab52bd464'::uuid, '19002e66-8eb5-34a7-d0d6-6742953e8b56'::uuid, 'Identifying, segregating, and controlling non-conforming items to prevent unauthorized use or delivery.', 2),
  ('4b025eb4-cb39-ecd6-16a4-d8b4476d7a85'::uuid, '19002e66-8eb5-34a7-d0d6-6742953e8b56'::uuid, 'Deleting quality records associated with failed inspection tests.', 3),
  ('24addc1e-6b37-2f0c-c657-5606b5e27f36'::uuid, '19002e66-8eb5-34a7-d0d6-6742953e8b56'::uuid, 'Terminating the employment of any assembly technician involved in a single defect.', 4),
  ('4f267459-2582-0e42-fa20-fd7fd3ceef95'::uuid, '61e90d30-07b5-ba7f-f958-0261337d9131'::uuid, 'Normal random process variation that should be ignored.', 1),
  ('489ae730-2cfa-32e7-45f7-dcd205fe2754'::uuid, '61e90d30-07b5-ba7f-f958-0261337d9131'::uuid, 'Immediate proof that the manufacturing machine has reached 6 Sigma perfection.', 2),
  ('1996b561-52c3-2acf-6f5d-12c3040aadeb'::uuid, '61e90d30-07b5-ba7f-f958-0261337d9131'::uuid, 'A non-random process shift (Rule of Seven) requiring root-cause investigation for assignable cause variation.', 3),
  ('6a251a17-0e7a-ae3e-cd9e-29d9dbbc9581'::uuid, '61e90d30-07b5-ba7f-f958-0261337d9131'::uuid, 'A failure of the statistical software calculating the control limits.', 4),
  ('76dffe66-a9c1-9f2d-5abb-5f6eee8b4d0d'::uuid, '7807be2b-980a-425a-78c0-3c2e8f5d258e'::uuid, 'Quality Control (QC) because it measures final product bug counts in production.', 1),
  ('ee69b312-5bdf-61b1-1b32-aa806e537797'::uuid, '7807be2b-980a-425a-78c0-3c2e8f5d258e'::uuid, 'Neither QA nor QC; this is strictly financial auditing.', 2),
  ('aa64b81a-91fc-ff24-62e3-501eaaf80b2a'::uuid, '7807be2b-980a-425a-78c0-3c2e8f5d258e'::uuid, 'Total Productive Maintenance (TPM).', 3),
  ('0b5f2c21-31f5-2ffa-ac79-770e328a74bd'::uuid, '7807be2b-980a-425a-78c0-3c2e8f5d258e'::uuid, 'Quality Assurance (QA) because it focuses on process adherence to prevent defect creation.', 4),
  ('a36a87bf-12ad-36d2-43bd-92d0948315b9'::uuid, '8f9b5992-2398-e735-e352-a0fc399c4e0c'::uuid, 'Jidoka (Autonomation / Quality at the source).', 1),
  ('1b5cb79e-0da8-1f6a-6131-f7e7df55a014'::uuid, '8f9b5992-2398-e735-e352-a0fc399c4e0c'::uuid, 'Kanban pull scheduling.', 2),
  ('e2c86cd5-8bc1-ac37-780f-172d8640f1e7'::uuid, '8f9b5992-2398-e735-e352-a0fc399c4e0c'::uuid, 'Heijunka production leveling.', 3),
  ('af95cb84-b25e-91aa-5791-ef284cc266c2'::uuid, '8f9b5992-2398-e735-e352-a0fc399c4e0c'::uuid, '5S Workplace Standardization.', 4),
  ('b839ce4c-364a-a87b-4cee-4089cc777ffe'::uuid, 'd53dec61-68c5-b444-7b20-ff170b03257a'::uuid, 'Plotting project activity schedules on a time-phased Gantt chart.', 1),
  ('19596dd2-7218-d6bc-3278-1287054a7e5f'::uuid, 'd53dec61-68c5-b444-7b20-ff170b03257a'::uuid, 'Systematically categorizing potential causes of a quality problem into major categories (e.g., 6Ms).', 2),
  ('dae1ff55-1139-c285-97db-199b34838b0b'::uuid, 'd53dec61-68c5-b444-7b20-ff170b03257a'::uuid, 'Calculating cumulative project cost performance index (CPI).', 3),
  ('41ef1309-03e7-a122-a4c5-b3e15c2c8eb5'::uuid, 'd53dec61-68c5-b444-7b20-ff170b03257a'::uuid, 'Automating customer support ticket escalations.', 4),
  ('8514c561-7de6-2d54-8425-f5e34784c1ff'::uuid, '78ad95b7-d17e-57b4-80b7-3ca84332a071'::uuid, 'Selling non-conforming products at full market price without customer notification.', 1),
  ('02729a2d-7c14-4403-85a6-286aa758b487'::uuid, '78ad95b7-d17e-57b4-80b7-3ca84332a071'::uuid, 'Deleting quality records associated with failed inspection tests.', 2),
  ('c0d961b4-5159-0d6c-574b-39711536cc20'::uuid, '78ad95b7-d17e-57b4-80b7-3ca84332a071'::uuid, 'Identifying, segregating, and controlling non-conforming items to prevent unauthorized use or delivery.', 3),
  ('5d2d511f-9ccc-872a-305e-9181c6a48931'::uuid, '78ad95b7-d17e-57b4-80b7-3ca84332a071'::uuid, 'Terminating the employment of any assembly technician involved in a single defect.', 4),
  ('e6f61499-05e7-4e37-8574-e391c6fe51cf'::uuid, '85aac63b-c573-b9f9-1e10-d9035987bdea'::uuid, 'Normal random process variation that should be ignored.', 1),
  ('ab2a4e36-9432-0f50-45f9-ad6141cdf897'::uuid, '85aac63b-c573-b9f9-1e10-d9035987bdea'::uuid, 'Immediate proof that the manufacturing machine has reached 6 Sigma perfection.', 2),
  ('d9c583a6-e487-2af4-2bc8-d4fb4136f931'::uuid, '85aac63b-c573-b9f9-1e10-d9035987bdea'::uuid, 'A failure of the statistical software calculating the control limits.', 3),
  ('eb0e73ef-a935-d057-fdad-0e8d1ccadb1b'::uuid, '85aac63b-c573-b9f9-1e10-d9035987bdea'::uuid, 'A non-random process shift (Rule of Seven) requiring root-cause investigation for assignable cause variation.', 4),
  ('77200e14-52e1-ff89-cc8c-5f354e853fe7'::uuid, 'd1d3412a-a449-ec60-3472-eed1d02bad5e'::uuid, 'Quality Assurance (QA) because it focuses on process adherence to prevent defect creation.', 1),
  ('301309ce-7d07-d3b8-6d01-03c99b68ef34'::uuid, 'd1d3412a-a449-ec60-3472-eed1d02bad5e'::uuid, 'Quality Control (QC) because it measures final product bug counts in production.', 2),
  ('e35e068a-c8ab-4e3c-f448-371565fe32b3'::uuid, 'd1d3412a-a449-ec60-3472-eed1d02bad5e'::uuid, 'Neither QA nor QC; this is strictly financial auditing.', 3),
  ('9ad0610d-e1c3-8445-f8cf-0dd5988cc8e7'::uuid, 'd1d3412a-a449-ec60-3472-eed1d02bad5e'::uuid, 'Total Productive Maintenance (TPM).', 4),
  ('27f4663e-2046-2b10-839c-8766dd4daa08'::uuid, 'fc6be37e-e83f-0217-4aca-ee3bd2ada6b4'::uuid, 'Kanban pull scheduling.', 1),
  ('8c40eeb1-226e-d638-7c2f-0902cca8b5a2'::uuid, 'fc6be37e-e83f-0217-4aca-ee3bd2ada6b4'::uuid, 'Jidoka (Autonomation / Quality at the source).', 2),
  ('da573a60-6baf-5269-5058-9266af93a4e9'::uuid, 'fc6be37e-e83f-0217-4aca-ee3bd2ada6b4'::uuid, 'Heijunka production leveling.', 3),
  ('2dc38a8b-da6b-d2be-3507-f0484d9aaf12'::uuid, 'fc6be37e-e83f-0217-4aca-ee3bd2ada6b4'::uuid, '5S Workplace Standardization.', 4),
  ('999d67c7-6883-fc4d-999f-d986c03f5056'::uuid, 'c2bd77f4-4b16-efa1-2525-f4cb554295b6'::uuid, 'Plotting project activity schedules on a time-phased Gantt chart.', 1),
  ('473dcd28-33b4-ea33-46d5-fed7039549cc'::uuid, 'c2bd77f4-4b16-efa1-2525-f4cb554295b6'::uuid, 'Calculating cumulative project cost performance index (CPI).', 2),
  ('0dfe4175-96db-2b8c-3dbc-dd62d1a73677'::uuid, 'c2bd77f4-4b16-efa1-2525-f4cb554295b6'::uuid, 'Systematically categorizing potential causes of a quality problem into major categories (e.g., 6Ms).', 3),
  ('f46289ac-158a-0094-0ee9-6cfe160382cd'::uuid, 'c2bd77f4-4b16-efa1-2525-f4cb554295b6'::uuid, 'Automating customer support ticket escalations.', 4),
  ('c9a5f115-0705-d2c2-3dc1-12170d76b54b'::uuid, '66552515-10cf-0f1b-8621-28df843ed449'::uuid, 'Selling non-conforming products at full market price without customer notification.', 1),
  ('43061eee-5ca2-cbc1-a51d-16afe4025808'::uuid, '66552515-10cf-0f1b-8621-28df843ed449'::uuid, 'Deleting quality records associated with failed inspection tests.', 2),
  ('a3dfb8f3-b569-ccdb-3a6b-2567be089943'::uuid, '66552515-10cf-0f1b-8621-28df843ed449'::uuid, 'Terminating the employment of any assembly technician involved in a single defect.', 3),
  ('60ecfd2a-868a-d23f-95f4-51f6c87f7016'::uuid, '66552515-10cf-0f1b-8621-28df843ed449'::uuid, 'Identifying, segregating, and controlling non-conforming items to prevent unauthorized use or delivery.', 4),
  ('630f5c30-e4f2-3e12-6a1c-7c61fab7cc6a'::uuid, '1e516775-c211-a5a4-2a65-f99564ee80e6'::uuid, 'A non-random process shift (Rule of Seven) requiring root-cause investigation for assignable cause variation.', 1),
  ('d83ec34d-025b-6465-9175-b068bcca7dfe'::uuid, '1e516775-c211-a5a4-2a65-f99564ee80e6'::uuid, 'Normal random process variation that should be ignored.', 2),
  ('135a0c3b-3087-a2fb-86df-f1c0d3a19762'::uuid, '1e516775-c211-a5a4-2a65-f99564ee80e6'::uuid, 'Immediate proof that the manufacturing machine has reached 6 Sigma perfection.', 3),
  ('fbffadd9-8f8a-aec7-f7cf-4932c75a5c2d'::uuid, '1e516775-c211-a5a4-2a65-f99564ee80e6'::uuid, 'A failure of the statistical software calculating the control limits.', 4),
  ('75b6e280-72ac-cd13-6562-7826217bf87b'::uuid, 'e101912d-fb7a-3797-f877-e4943396a88b'::uuid, 'Quality Control (QC) because it measures final product bug counts in production.', 1),
  ('0f6cf8ee-34f4-3413-77a9-46508b1aa22a'::uuid, 'e101912d-fb7a-3797-f877-e4943396a88b'::uuid, 'Quality Assurance (QA) because it focuses on process adherence to prevent defect creation.', 2),
  ('812e4bf1-d509-eb78-1598-257a641c3406'::uuid, 'e101912d-fb7a-3797-f877-e4943396a88b'::uuid, 'Neither QA nor QC; this is strictly financial auditing.', 3),
  ('9f68ead8-0317-b6b2-3ffe-417c8aeec007'::uuid, 'e101912d-fb7a-3797-f877-e4943396a88b'::uuid, 'Total Productive Maintenance (TPM).', 4),
  ('a0b2ad70-5aee-efe9-f39d-9cb2b9ba2e89'::uuid, '055dbcc4-7f45-6b3f-23cd-ec6b849b9d1d'::uuid, 'Kanban pull scheduling.', 1),
  ('236cc6f5-5708-9910-138c-87f626a8cacd'::uuid, '055dbcc4-7f45-6b3f-23cd-ec6b849b9d1d'::uuid, 'Heijunka production leveling.', 2),
  ('ca786f54-7e1c-d07d-f63d-a67b28567d2f'::uuid, '055dbcc4-7f45-6b3f-23cd-ec6b849b9d1d'::uuid, 'Jidoka (Autonomation / Quality at the source).', 3),
  ('68263919-3f60-8f9b-7f89-16cc80113d58'::uuid, '055dbcc4-7f45-6b3f-23cd-ec6b849b9d1d'::uuid, '5S Workplace Standardization.', 4),
  ('6842cfba-038b-a64a-b345-bc5a883e2977'::uuid, 'fdcf4467-907e-cc28-dc49-4795357d77a8'::uuid, 'Plotting project activity schedules on a time-phased Gantt chart.', 1),
  ('8428820c-4169-2e13-5799-34210b46e64d'::uuid, 'fdcf4467-907e-cc28-dc49-4795357d77a8'::uuid, 'Calculating cumulative project cost performance index (CPI).', 2),
  ('a724611a-fe9e-a3ad-a4d9-e9702037f45b'::uuid, 'fdcf4467-907e-cc28-dc49-4795357d77a8'::uuid, 'Automating customer support ticket escalations.', 3),
  ('2ddae195-13cc-cbaa-8bcd-3f42814d033e'::uuid, 'fdcf4467-907e-cc28-dc49-4795357d77a8'::uuid, 'Systematically categorizing potential causes of a quality problem into major categories (e.g., 6Ms).', 4),
  ('a34db52d-9105-d771-e354-c506ed036262'::uuid, 'b828c67d-b753-e6e3-1df3-8976b18ef112'::uuid, 'Identifying, segregating, and controlling non-conforming items to prevent unauthorized use or delivery.', 1),
  ('3f964a6c-2c1d-43ed-5659-b4d8dacb769a'::uuid, 'b828c67d-b753-e6e3-1df3-8976b18ef112'::uuid, 'Selling non-conforming products at full market price without customer notification.', 2),
  ('4789fc4e-814a-5e74-8279-ed15cce27de7'::uuid, 'b828c67d-b753-e6e3-1df3-8976b18ef112'::uuid, 'Deleting quality records associated with failed inspection tests.', 3),
  ('76dbe5e6-4665-d5e3-45f4-fbef8735bc90'::uuid, 'b828c67d-b753-e6e3-1df3-8976b18ef112'::uuid, 'Terminating the employment of any assembly technician involved in a single defect.', 4),
  ('4962d7fc-442c-4226-35d5-9020d2bd3753'::uuid, '76b3aecd-c0d7-7668-0261-59849e8fcb25'::uuid, 'Normal random process variation that should be ignored.', 1),
  ('a49eb6b6-1149-7028-1f99-2348ef137d4f'::uuid, '76b3aecd-c0d7-7668-0261-59849e8fcb25'::uuid, 'A non-random process shift (Rule of Seven) requiring root-cause investigation for assignable cause variation.', 2),
  ('1ad78367-aea3-9701-9f15-ef7a092e9ded'::uuid, '76b3aecd-c0d7-7668-0261-59849e8fcb25'::uuid, 'Immediate proof that the manufacturing machine has reached 6 Sigma perfection.', 3),
  ('efda3a17-6578-dd5a-df12-673b8630852a'::uuid, '76b3aecd-c0d7-7668-0261-59849e8fcb25'::uuid, 'A failure of the statistical software calculating the control limits.', 4),
  ('54d54fe7-a1b3-21cc-ad5d-d7dd376cb309'::uuid, '08f4e90f-3640-340b-80d6-04df621d14fb'::uuid, 'Quality Control (QC) because it measures final product bug counts in production.', 1),
  ('5e5226c1-c90d-b4ec-10b3-8e8a747de94f'::uuid, '08f4e90f-3640-340b-80d6-04df621d14fb'::uuid, 'Neither QA nor QC; this is strictly financial auditing.', 2),
  ('28f1ca35-2d69-264a-d403-a4744a6df686'::uuid, '08f4e90f-3640-340b-80d6-04df621d14fb'::uuid, 'Quality Assurance (QA) because it focuses on process adherence to prevent defect creation.', 3),
  ('0b36ec17-2937-c75a-b07e-d1bb98c68a94'::uuid, '08f4e90f-3640-340b-80d6-04df621d14fb'::uuid, 'Total Productive Maintenance (TPM).', 4),
  ('fc4920c5-4956-e22a-cf38-6aa25bfeb385'::uuid, '9beaf5f4-edb9-781c-781a-bf6d091ad943'::uuid, 'Kanban pull scheduling.', 1),
  ('44b1fb42-df59-cfa2-30a3-66725058fb05'::uuid, '9beaf5f4-edb9-781c-781a-bf6d091ad943'::uuid, 'Heijunka production leveling.', 2),
  ('5883073d-4a07-225a-33f4-a95e7e7bc8fb'::uuid, '9beaf5f4-edb9-781c-781a-bf6d091ad943'::uuid, '5S Workplace Standardization.', 3),
  ('4ac218ee-5eb5-05d6-5647-aaf33abb818e'::uuid, '9beaf5f4-edb9-781c-781a-bf6d091ad943'::uuid, 'Jidoka (Autonomation / Quality at the source).', 4),
  ('eaefb790-f0a3-184c-7ac3-d26cab4606de'::uuid, '8fb5f997-fb20-cdd9-34d4-52a10dd7da7b'::uuid, 'Systematically categorizing potential causes of a quality problem into major categories (e.g., 6Ms).', 1),
  ('40f18c37-d466-07ae-c8e0-b21b79f40cb1'::uuid, '8fb5f997-fb20-cdd9-34d4-52a10dd7da7b'::uuid, 'Plotting project activity schedules on a time-phased Gantt chart.', 2),
  ('312ebe57-91a3-214f-f6f9-e582ddfe135e'::uuid, '8fb5f997-fb20-cdd9-34d4-52a10dd7da7b'::uuid, 'Calculating cumulative project cost performance index (CPI).', 3),
  ('12901e3f-4b25-4b7e-1a47-f313cd083c2a'::uuid, '8fb5f997-fb20-cdd9-34d4-52a10dd7da7b'::uuid, 'Automating customer support ticket escalations.', 4),
  ('605b7454-61c8-64b3-0280-f1d496afa3bc'::uuid, 'a4ed49c1-611f-f707-c536-c4c47cf66a94'::uuid, 'Selling non-conforming products at full market price without customer notification.', 1),
  ('3d864c85-7732-d887-cb84-58293a8c2cf5'::uuid, 'a4ed49c1-611f-f707-c536-c4c47cf66a94'::uuid, 'Identifying, segregating, and controlling non-conforming items to prevent unauthorized use or delivery.', 2),
  ('2e2190f7-df3e-8148-c120-d360cac5ffce'::uuid, 'a4ed49c1-611f-f707-c536-c4c47cf66a94'::uuid, 'Deleting quality records associated with failed inspection tests.', 3),
  ('f8d32057-7a33-ad4d-49c4-7de048578045'::uuid, 'a4ed49c1-611f-f707-c536-c4c47cf66a94'::uuid, 'Terminating the employment of any assembly technician involved in a single defect.', 4),
  ('eadca28e-2441-543c-63a4-7b74566fb113'::uuid, '02334045-a448-5a61-9900-68e1f784564d'::uuid, 'Normal random process variation that should be ignored.', 1),
  ('fe9ac34f-fe32-f05b-24da-ff4ff1a0ee5d'::uuid, '02334045-a448-5a61-9900-68e1f784564d'::uuid, 'Immediate proof that the manufacturing machine has reached 6 Sigma perfection.', 2),
  ('ad346768-af01-1cc4-1904-b66d2543c649'::uuid, '02334045-a448-5a61-9900-68e1f784564d'::uuid, 'A non-random process shift (Rule of Seven) requiring root-cause investigation for assignable cause variation.', 3),
  ('06940982-a285-2b26-6647-2574a8cd50e7'::uuid, '02334045-a448-5a61-9900-68e1f784564d'::uuid, 'A failure of the statistical software calculating the control limits.', 4),
  ('a942dadb-bdff-bca9-77d6-d58558f817e1'::uuid, '1d1a309d-03ce-382f-4f96-f4e471e164c8'::uuid, 'Quality Control (QC) because it measures final product bug counts in production.', 1),
  ('b4d4101b-2a1e-1d41-5b26-fe3697535fc7'::uuid, '1d1a309d-03ce-382f-4f96-f4e471e164c8'::uuid, 'Neither QA nor QC; this is strictly financial auditing.', 2),
  ('91432870-d698-ae50-a03a-4ce9f1cba3f6'::uuid, '1d1a309d-03ce-382f-4f96-f4e471e164c8'::uuid, 'Total Productive Maintenance (TPM).', 3),
  ('5602aa28-45ea-a78c-d4b9-8f434a4c4237'::uuid, '1d1a309d-03ce-382f-4f96-f4e471e164c8'::uuid, 'Quality Assurance (QA) because it focuses on process adherence to prevent defect creation.', 4),
  ('83b478a5-ba0a-894b-b65e-04dfb5064655'::uuid, 'f106eda5-97ed-a785-24af-0e42eb441d4e'::uuid, 'Jidoka (Autonomation / Quality at the source).', 1),
  ('1dba3df6-0587-2683-ca28-278d4c1bcfc0'::uuid, 'f106eda5-97ed-a785-24af-0e42eb441d4e'::uuid, 'Kanban pull scheduling.', 2),
  ('63d5bd24-335c-6d49-c1ea-cf6e05bdea0a'::uuid, 'f106eda5-97ed-a785-24af-0e42eb441d4e'::uuid, 'Heijunka production leveling.', 3),
  ('83df08e8-baac-4f4e-349b-c6727166974a'::uuid, 'f106eda5-97ed-a785-24af-0e42eb441d4e'::uuid, '5S Workplace Standardization.', 4),
  ('81505037-a730-c8c1-cf04-60f0ef949048'::uuid, '0735f87f-5ad0-3d78-8838-2785a141cf4b'::uuid, 'Plotting project activity schedules on a time-phased Gantt chart.', 1),
  ('4a1907b0-d54a-ffb0-ef5e-3c8ccd7e29d8'::uuid, '0735f87f-5ad0-3d78-8838-2785a141cf4b'::uuid, 'Systematically categorizing potential causes of a quality problem into major categories (e.g., 6Ms).', 2),
  ('66d4ba8a-97da-be09-acdb-467288bb15fa'::uuid, '0735f87f-5ad0-3d78-8838-2785a141cf4b'::uuid, 'Calculating cumulative project cost performance index (CPI).', 3),
  ('ffea6908-5922-50fa-8181-dae9ec5d4635'::uuid, '0735f87f-5ad0-3d78-8838-2785a141cf4b'::uuid, 'Automating customer support ticket escalations.', 4),
  ('5c3e1af9-498f-a187-d25b-95fcbe1ec22c'::uuid, '09adaa3e-59df-3a0d-c06d-bcd0a37e7438'::uuid, 'Selling non-conforming products at full market price without customer notification.', 1),
  ('cb9016d6-f27c-3b7d-9a55-d3f30e758849'::uuid, '09adaa3e-59df-3a0d-c06d-bcd0a37e7438'::uuid, 'Deleting quality records associated with failed inspection tests.', 2),
  ('ff069049-905d-5cba-5217-877a5b13c5ab'::uuid, '09adaa3e-59df-3a0d-c06d-bcd0a37e7438'::uuid, 'Identifying, segregating, and controlling non-conforming items to prevent unauthorized use or delivery.', 3),
  ('14268749-3171-19f6-0be7-a498b7360ba3'::uuid, '09adaa3e-59df-3a0d-c06d-bcd0a37e7438'::uuid, 'Terminating the employment of any assembly technician involved in a single defect.', 4),
  ('4eb9e534-2bbb-1a8f-4750-5fe5816d0d08'::uuid, '3213f3be-3b3e-9b08-619b-e4afca07552a'::uuid, 'Normal random process variation that should be ignored.', 1),
  ('c50f3cfc-9795-dfcf-05f6-1e6a1acb8157'::uuid, '3213f3be-3b3e-9b08-619b-e4afca07552a'::uuid, 'Immediate proof that the manufacturing machine has reached 6 Sigma perfection.', 2),
  ('b41b2f1b-42c6-4274-d35d-dd2710cfa896'::uuid, '3213f3be-3b3e-9b08-619b-e4afca07552a'::uuid, 'A failure of the statistical software calculating the control limits.', 3),
  ('fe3743c5-147d-e865-6696-f0e6017e36fe'::uuid, '3213f3be-3b3e-9b08-619b-e4afca07552a'::uuid, 'A non-random process shift (Rule of Seven) requiring root-cause investigation for assignable cause variation.', 4),
  ('db007944-bf8f-6e88-4035-c35f6fee8e7e'::uuid, '30c54191-07c4-1724-ab54-d2ce9c344b2e'::uuid, 'Quality Assurance (QA) because it focuses on process adherence to prevent defect creation.', 1),
  ('bc7d8632-0675-bf07-8fa9-7053f5496016'::uuid, '30c54191-07c4-1724-ab54-d2ce9c344b2e'::uuid, 'Quality Control (QC) because it measures final product bug counts in production.', 2),
  ('f8bb02e1-54c6-736e-45bb-25d2ba6b38f1'::uuid, '30c54191-07c4-1724-ab54-d2ce9c344b2e'::uuid, 'Neither QA nor QC; this is strictly financial auditing.', 3),
  ('28385324-8cdf-b07f-1d3e-8481eab94163'::uuid, '30c54191-07c4-1724-ab54-d2ce9c344b2e'::uuid, 'Total Productive Maintenance (TPM).', 4),
  ('85ccc853-1bda-6d98-e17d-eee9852fec53'::uuid, 'a201a825-6456-7194-569b-1c87148a66fc'::uuid, 'Kanban pull scheduling.', 1),
  ('38e80087-6fba-8d2f-1988-38857ac0e40f'::uuid, 'a201a825-6456-7194-569b-1c87148a66fc'::uuid, 'Jidoka (Autonomation / Quality at the source).', 2),
  ('26863f70-a13e-a55b-5a91-f2ac6f5845a7'::uuid, 'a201a825-6456-7194-569b-1c87148a66fc'::uuid, 'Heijunka production leveling.', 3),
  ('508d36cf-4cbc-6665-5889-2412f90b72d6'::uuid, 'a201a825-6456-7194-569b-1c87148a66fc'::uuid, '5S Workplace Standardization.', 4),
  ('79925510-92f3-a50a-65b9-de494db88afe'::uuid, 'd15c35cf-c71b-04e6-b4c9-423165ff2ae1'::uuid, 'Plotting project activity schedules on a time-phased Gantt chart.', 1),
  ('e657a09c-72dd-c6f8-7b7a-51520b3d5caa'::uuid, 'd15c35cf-c71b-04e6-b4c9-423165ff2ae1'::uuid, 'Calculating cumulative project cost performance index (CPI).', 2),
  ('d1ea8f6c-4ba8-6264-2271-a57e54f8d2cb'::uuid, 'd15c35cf-c71b-04e6-b4c9-423165ff2ae1'::uuid, 'Systematically categorizing potential causes of a quality problem into major categories (e.g., 6Ms).', 3),
  ('2a0be7ed-c619-7cdf-f644-9a927a196241'::uuid, 'd15c35cf-c71b-04e6-b4c9-423165ff2ae1'::uuid, 'Automating customer support ticket escalations.', 4),
  ('18c9e816-adee-bee4-b181-6aa4b009f966'::uuid, '447b04f6-0796-06b3-2b8f-cd4a38c1d68d'::uuid, 'Selling non-conforming products at full market price without customer notification.', 1),
  ('9d123b2b-f97d-f8cb-9c41-c330a6086d24'::uuid, '447b04f6-0796-06b3-2b8f-cd4a38c1d68d'::uuid, 'Deleting quality records associated with failed inspection tests.', 2),
  ('691b4056-5420-af8c-a557-0774bb59a91c'::uuid, '447b04f6-0796-06b3-2b8f-cd4a38c1d68d'::uuid, 'Terminating the employment of any assembly technician involved in a single defect.', 3),
  ('3c12704d-30c2-c113-301d-67db00542a7d'::uuid, '447b04f6-0796-06b3-2b8f-cd4a38c1d68d'::uuid, 'Identifying, segregating, and controlling non-conforming items to prevent unauthorized use or delivery.', 4),
  ('b61f6f5d-a410-a737-3301-33159787e0cf'::uuid, 'dd4ec44a-016f-6750-f9b5-4de1e2b4e34a'::uuid, 'A non-random process shift (Rule of Seven) requiring root-cause investigation for assignable cause variation.', 1),
  ('eb21ac36-7bd8-6350-757a-78b4fe5bb2fc'::uuid, 'dd4ec44a-016f-6750-f9b5-4de1e2b4e34a'::uuid, 'Normal random process variation that should be ignored.', 2),
  ('cf4e7a93-2802-144d-dc16-c7ec9b98aa70'::uuid, 'dd4ec44a-016f-6750-f9b5-4de1e2b4e34a'::uuid, 'Immediate proof that the manufacturing machine has reached 6 Sigma perfection.', 3),
  ('e53db18e-c30a-6430-a6ec-bdd57a147a81'::uuid, 'dd4ec44a-016f-6750-f9b5-4de1e2b4e34a'::uuid, 'A failure of the statistical software calculating the control limits.', 4),
  ('b03d3caa-f7ba-e884-ff7c-3817c9d0dd5b'::uuid, '424a8e2f-27af-84a4-f94d-a340877ac289'::uuid, 'Quality Control (QC) because it measures final product bug counts in production.', 1),
  ('4c039f9f-5f88-c6c4-e7ae-01178064cfea'::uuid, '424a8e2f-27af-84a4-f94d-a340877ac289'::uuid, 'Quality Assurance (QA) because it focuses on process adherence to prevent defect creation.', 2),
  ('e5ab87bc-e845-a1b3-2a9b-d726aedfe6e6'::uuid, '424a8e2f-27af-84a4-f94d-a340877ac289'::uuid, 'Neither QA nor QC; this is strictly financial auditing.', 3),
  ('c6adb154-45fd-0428-6168-9666c3f83108'::uuid, '424a8e2f-27af-84a4-f94d-a340877ac289'::uuid, 'Total Productive Maintenance (TPM).', 4),
  ('8798693f-1fe9-236f-f865-299c36e47ddf'::uuid, '0de52155-1b90-a1ad-72bc-56005084ebb3'::uuid, 'Kanban pull scheduling.', 1),
  ('43c9e5a4-e990-4c5b-cfeb-3e567ce5c429'::uuid, '0de52155-1b90-a1ad-72bc-56005084ebb3'::uuid, 'Heijunka production leveling.', 2),
  ('8c597a87-e577-50f6-6389-d399381fe661'::uuid, '0de52155-1b90-a1ad-72bc-56005084ebb3'::uuid, 'Jidoka (Autonomation / Quality at the source).', 3),
  ('e352afef-92ea-622e-48fc-c7da9b0c730b'::uuid, '0de52155-1b90-a1ad-72bc-56005084ebb3'::uuid, '5S Workplace Standardization.', 4),
  ('794a2208-40bb-6cb7-36fc-bc174f7eb69c'::uuid, '3388abd8-dbdd-eb06-14f6-b29e7161a3c1'::uuid, 'Plotting project activity schedules on a time-phased Gantt chart.', 1),
  ('76f28c39-6bdb-8895-c9ba-b4c38f971260'::uuid, '3388abd8-dbdd-eb06-14f6-b29e7161a3c1'::uuid, 'Calculating cumulative project cost performance index (CPI).', 2),
  ('10c680a4-cb30-287b-14b0-2937c2afcb82'::uuid, '3388abd8-dbdd-eb06-14f6-b29e7161a3c1'::uuid, 'Automating customer support ticket escalations.', 3),
  ('0a85cad7-1282-b99a-0f11-1f061c364ea2'::uuid, '3388abd8-dbdd-eb06-14f6-b29e7161a3c1'::uuid, 'Systematically categorizing potential causes of a quality problem into major categories (e.g., 6Ms).', 4),
  ('ca062b60-fdd0-35ac-22d1-e507a6c56df3'::uuid, 'c37b9469-17ef-1b1a-3bfa-fed5eea7ce4e'::uuid, 'Identifying, segregating, and controlling non-conforming items to prevent unauthorized use or delivery.', 1),
  ('a3a6148b-3da1-ffdd-b735-17d48e00cf32'::uuid, 'c37b9469-17ef-1b1a-3bfa-fed5eea7ce4e'::uuid, 'Selling non-conforming products at full market price without customer notification.', 2),
  ('3db6156b-fe15-d7b7-3542-268624736c5e'::uuid, 'c37b9469-17ef-1b1a-3bfa-fed5eea7ce4e'::uuid, 'Deleting quality records associated with failed inspection tests.', 3),
  ('73fe373a-6861-49ac-3328-107837e2495a'::uuid, 'c37b9469-17ef-1b1a-3bfa-fed5eea7ce4e'::uuid, 'Terminating the employment of any assembly technician involved in a single defect.', 4),
  ('827956c4-8937-42cc-9eae-e9d52e3d1943'::uuid, 'fc586376-bc55-f4e8-1280-675a46109915'::uuid, 'Normal random process variation that should be ignored.', 1),
  ('cf54e4da-375b-6d8b-29bf-c3a3c7899845'::uuid, 'fc586376-bc55-f4e8-1280-675a46109915'::uuid, 'A non-random process shift (Rule of Seven) requiring root-cause investigation for assignable cause variation.', 2),
  ('24f50cbe-e4b2-2705-7b9b-a4a803a8533e'::uuid, 'fc586376-bc55-f4e8-1280-675a46109915'::uuid, 'Immediate proof that the manufacturing machine has reached 6 Sigma perfection.', 3),
  ('0b988f09-d607-c758-aa0c-3099c654f299'::uuid, 'fc586376-bc55-f4e8-1280-675a46109915'::uuid, 'A failure of the statistical software calculating the control limits.', 4),
  ('b34004d1-afb4-0b30-6c62-ec5a7bb0026f'::uuid, '216b5dac-9414-42ec-3a52-caee6a49ef45'::uuid, 'Quality Control (QC) because it measures final product bug counts in production.', 1),
  ('203f2f62-a0d2-cb67-bd1a-6bd224646932'::uuid, '216b5dac-9414-42ec-3a52-caee6a49ef45'::uuid, 'Neither QA nor QC; this is strictly financial auditing.', 2),
  ('2c096522-3421-21e9-ed50-19c4843444c2'::uuid, '216b5dac-9414-42ec-3a52-caee6a49ef45'::uuid, 'Quality Assurance (QA) because it focuses on process adherence to prevent defect creation.', 3),
  ('347b0071-28f2-3597-dfd2-14b1cd3c81ac'::uuid, '216b5dac-9414-42ec-3a52-caee6a49ef45'::uuid, 'Total Productive Maintenance (TPM).', 4),
  ('1e61ce9c-de97-90dc-815c-f3fe89764440'::uuid, '73118e77-6c3b-d41e-d52b-0588cbc00df9'::uuid, 'Kanban pull scheduling.', 1),
  ('d429c0cb-745d-da70-3372-fc4317dac77a'::uuid, '73118e77-6c3b-d41e-d52b-0588cbc00df9'::uuid, 'Heijunka production leveling.', 2),
  ('ce027ed2-cafb-fedf-0a68-a516039f0fc2'::uuid, '73118e77-6c3b-d41e-d52b-0588cbc00df9'::uuid, '5S Workplace Standardization.', 3),
  ('c1f69a2e-3bad-23b8-19b9-a7ff1c671f34'::uuid, '73118e77-6c3b-d41e-d52b-0588cbc00df9'::uuid, 'Jidoka (Autonomation / Quality at the source).', 4),
  ('f2841ed6-baae-5433-e139-eaa45f969a93'::uuid, 'ef2838d0-90cc-5bb6-3612-63e7880546f9'::uuid, 'Systematically categorizing potential causes of a quality problem into major categories (e.g., 6Ms).', 1),
  ('2908a706-0a59-9f20-de7a-c8c6bb2f6534'::uuid, 'ef2838d0-90cc-5bb6-3612-63e7880546f9'::uuid, 'Plotting project activity schedules on a time-phased Gantt chart.', 2),
  ('eace48bc-335b-ec97-6bda-50237240d350'::uuid, 'ef2838d0-90cc-5bb6-3612-63e7880546f9'::uuid, 'Calculating cumulative project cost performance index (CPI).', 3),
  ('1e3be0c2-b63a-3960-ebb3-635d13677a8d'::uuid, 'ef2838d0-90cc-5bb6-3612-63e7880546f9'::uuid, 'Automating customer support ticket escalations.', 4),
  ('cfb53eb0-190f-12f7-5355-3d060cb2e849'::uuid, '56993694-06a6-8887-a338-1ad70065a982'::uuid, 'Selling non-conforming products at full market price without customer notification.', 1),
  ('3328a66e-ba53-695e-ebf9-45b4eb0d6651'::uuid, '56993694-06a6-8887-a338-1ad70065a982'::uuid, 'Identifying, segregating, and controlling non-conforming items to prevent unauthorized use or delivery.', 2),
  ('d7bde248-ca9b-72b2-2a63-bea119912b49'::uuid, '56993694-06a6-8887-a338-1ad70065a982'::uuid, 'Deleting quality records associated with failed inspection tests.', 3),
  ('3bb5bcba-f1a6-217b-8b40-98738e58faf9'::uuid, '56993694-06a6-8887-a338-1ad70065a982'::uuid, 'Terminating the employment of any assembly technician involved in a single defect.', 4),
  ('cd786829-5359-a84f-9533-8e904cf1e862'::uuid, '00c4eaf7-9e73-9dd4-b8d3-1854454658bf'::uuid, 'Normal random process variation that should be ignored.', 1),
  ('cbfeed8f-832c-972e-1e1b-51cbd55808cf'::uuid, '00c4eaf7-9e73-9dd4-b8d3-1854454658bf'::uuid, 'Immediate proof that the manufacturing machine has reached 6 Sigma perfection.', 2),
  ('86265e39-b7ec-d2ac-1c95-2e34de2fc324'::uuid, '00c4eaf7-9e73-9dd4-b8d3-1854454658bf'::uuid, 'A non-random process shift (Rule of Seven) requiring root-cause investigation for assignable cause variation.', 3),
  ('99b4dfd5-93fd-6d11-6890-bbdc8df7edeb'::uuid, '00c4eaf7-9e73-9dd4-b8d3-1854454658bf'::uuid, 'A failure of the statistical software calculating the control limits.', 4),
  ('a386419a-fcbe-0b98-be4d-0c119a8177da'::uuid, '0eee3015-f748-0a35-256d-8c0a247e0e23'::uuid, 'Quality Control (QC) because it measures final product bug counts in production.', 1),
  ('701cc058-6d2f-0022-388f-a67591a8f7c8'::uuid, '0eee3015-f748-0a35-256d-8c0a247e0e23'::uuid, 'Neither QA nor QC; this is strictly financial auditing.', 2),
  ('a9159615-9c50-80bf-07c3-adde1c64e4e0'::uuid, '0eee3015-f748-0a35-256d-8c0a247e0e23'::uuid, 'Total Productive Maintenance (TPM).', 3),
  ('1d372916-bd2a-63fa-74e8-b3f1d243656a'::uuid, '0eee3015-f748-0a35-256d-8c0a247e0e23'::uuid, 'Quality Assurance (QA) because it focuses on process adherence to prevent defect creation.', 4),
  ('ccfc1ef5-287c-75ef-9de6-d23142036bb0'::uuid, '58706abb-adb7-fc34-923e-9d08a57fdb4b'::uuid, 'Jidoka (Autonomation / Quality at the source).', 1),
  ('00c556cb-826a-80d0-8132-91faf3f877b2'::uuid, '58706abb-adb7-fc34-923e-9d08a57fdb4b'::uuid, 'Kanban pull scheduling.', 2),
  ('5c2919e0-440f-04b4-63df-617d10f640aa'::uuid, '58706abb-adb7-fc34-923e-9d08a57fdb4b'::uuid, 'Heijunka production leveling.', 3),
  ('a66b6889-6edb-94e5-81f1-29cce06d3a89'::uuid, '58706abb-adb7-fc34-923e-9d08a57fdb4b'::uuid, '5S Workplace Standardization.', 4),
  ('ab9d064a-1d2e-c40d-e054-0ed9597dd5c8'::uuid, '8ee0e449-59d9-cdad-be3d-f6292b703235'::uuid, 'Plotting project activity schedules on a time-phased Gantt chart.', 1),
  ('21d3c3b1-efea-d7c0-0d04-58555405dc0c'::uuid, '8ee0e449-59d9-cdad-be3d-f6292b703235'::uuid, 'Systematically categorizing potential causes of a quality problem into major categories (e.g., 6Ms).', 2),
  ('4c02b312-243c-1441-c8e1-5e0e80dccb08'::uuid, '8ee0e449-59d9-cdad-be3d-f6292b703235'::uuid, 'Calculating cumulative project cost performance index (CPI).', 3),
  ('468620ac-8b54-c624-7975-f4043fe9aa05'::uuid, '8ee0e449-59d9-cdad-be3d-f6292b703235'::uuid, 'Automating customer support ticket escalations.', 4),
  ('46462bd8-6ef6-8508-f062-a4a44d6e8e79'::uuid, '09296d02-1e9b-94a1-f1b0-ac368e5244d4'::uuid, 'Selling non-conforming products at full market price without customer notification.', 1),
  ('d5016402-c4bd-eb72-6d8f-e4e9cd271469'::uuid, '09296d02-1e9b-94a1-f1b0-ac368e5244d4'::uuid, 'Deleting quality records associated with failed inspection tests.', 2),
  ('cf5b6306-318d-8082-62f3-a1e8575d9e86'::uuid, '09296d02-1e9b-94a1-f1b0-ac368e5244d4'::uuid, 'Identifying, segregating, and controlling non-conforming items to prevent unauthorized use or delivery.', 3),
  ('9b835c1f-87e2-d214-897e-424fc26fde4e'::uuid, '09296d02-1e9b-94a1-f1b0-ac368e5244d4'::uuid, 'Terminating the employment of any assembly technician involved in a single defect.', 4),
  ('3cb0d864-da7b-b53a-341c-a21ab694a1f3'::uuid, 'b400460f-0058-b436-607a-6854b5792411'::uuid, 'Normal random process variation that should be ignored.', 1),
  ('82452ed5-0498-a21b-49d5-767282588c33'::uuid, 'b400460f-0058-b436-607a-6854b5792411'::uuid, 'Immediate proof that the manufacturing machine has reached 6 Sigma perfection.', 2),
  ('bd3243ec-182a-0991-d8a0-80e337b0be05'::uuid, 'b400460f-0058-b436-607a-6854b5792411'::uuid, 'A failure of the statistical software calculating the control limits.', 3),
  ('f27b2022-54c3-98da-907d-19cd03f6f2b3'::uuid, 'b400460f-0058-b436-607a-6854b5792411'::uuid, 'A non-random process shift (Rule of Seven) requiring root-cause investigation for assignable cause variation.', 4),
  ('dee7e749-20c6-d464-6dd0-ae72980451a0'::uuid, '009373f7-3b33-250d-9239-9f9a09e57ff8'::uuid, 'Quality Assurance (QA) because it focuses on process adherence to prevent defect creation.', 1),
  ('74374e9b-ada9-a964-2cd2-0e92210aee5a'::uuid, '009373f7-3b33-250d-9239-9f9a09e57ff8'::uuid, 'Quality Control (QC) because it measures final product bug counts in production.', 2),
  ('eb812f76-882d-7e28-82c2-2d0bbb9185b9'::uuid, '009373f7-3b33-250d-9239-9f9a09e57ff8'::uuid, 'Neither QA nor QC; this is strictly financial auditing.', 3),
  ('9f771680-f55e-dfee-9a96-77bd4280fda3'::uuid, '009373f7-3b33-250d-9239-9f9a09e57ff8'::uuid, 'Total Productive Maintenance (TPM).', 4),
  ('96029614-fa94-7f2c-ea39-fe5954acf40a'::uuid, '1e3b780e-4e6c-a087-f092-83d84e66969b'::uuid, 'Kanban pull scheduling.', 1),
  ('a069abf4-346d-d60a-af94-a5811cbc0db6'::uuid, '1e3b780e-4e6c-a087-f092-83d84e66969b'::uuid, 'Jidoka (Autonomation / Quality at the source).', 2),
  ('54be6acd-9b92-fcc4-d9c0-049baffa24e3'::uuid, '1e3b780e-4e6c-a087-f092-83d84e66969b'::uuid, 'Heijunka production leveling.', 3),
  ('5278c643-b354-e6b4-63c8-747288f9007c'::uuid, '1e3b780e-4e6c-a087-f092-83d84e66969b'::uuid, '5S Workplace Standardization.', 4),
  ('df7b8a3f-4114-7f9e-8a66-598c81cba509'::uuid, '3f538738-1a1e-d0cf-4e31-7b07f9d3288b'::uuid, 'Plotting project activity schedules on a time-phased Gantt chart.', 1),
  ('b4eb4ad3-c079-1113-af0e-96f66cef8b9b'::uuid, '3f538738-1a1e-d0cf-4e31-7b07f9d3288b'::uuid, 'Calculating cumulative project cost performance index (CPI).', 2),
  ('bc39f83f-1bbc-98db-425c-fcf2fe54e02a'::uuid, '3f538738-1a1e-d0cf-4e31-7b07f9d3288b'::uuid, 'Systematically categorizing potential causes of a quality problem into major categories (e.g., 6Ms).', 3),
  ('f491b6f0-8fc8-da6c-a61d-2d54fcae570f'::uuid, '3f538738-1a1e-d0cf-4e31-7b07f9d3288b'::uuid, 'Automating customer support ticket escalations.', 4),
  ('3fbc0798-6cf3-0d3e-cf49-e6f6f8ae65ce'::uuid, '2fea4890-9a0b-36ec-524b-c260c0006b1e'::uuid, 'Selling non-conforming products at full market price without customer notification.', 1),
  ('15fa15ea-3f85-23af-be1f-cc91de742206'::uuid, '2fea4890-9a0b-36ec-524b-c260c0006b1e'::uuid, 'Deleting quality records associated with failed inspection tests.', 2),
  ('d101bec8-5f1e-bbe7-7452-c1252bf3bcad'::uuid, '2fea4890-9a0b-36ec-524b-c260c0006b1e'::uuid, 'Terminating the employment of any assembly technician involved in a single defect.', 3),
  ('fd68eb82-79e4-7599-bde8-0a4d42fd638c'::uuid, '2fea4890-9a0b-36ec-524b-c260c0006b1e'::uuid, 'Identifying, segregating, and controlling non-conforming items to prevent unauthorized use or delivery.', 4),
  ('3919378b-0042-a95e-2baf-18ea0beb612f'::uuid, '7aafc459-7c0e-a06c-249d-504b7f1b3274'::uuid, 'A non-random process shift (Rule of Seven) requiring root-cause investigation for assignable cause variation.', 1),
  ('ac694ece-798f-b317-6904-ef0f16f3ca53'::uuid, '7aafc459-7c0e-a06c-249d-504b7f1b3274'::uuid, 'Normal random process variation that should be ignored.', 2),
  ('93bde2b4-da9a-bebd-635d-5e0be915ff9d'::uuid, '7aafc459-7c0e-a06c-249d-504b7f1b3274'::uuid, 'Immediate proof that the manufacturing machine has reached 6 Sigma perfection.', 3),
  ('5e16519f-67d5-92f4-c7e5-c2e3adba5c5b'::uuid, '7aafc459-7c0e-a06c-249d-504b7f1b3274'::uuid, 'A failure of the statistical software calculating the control limits.', 4),
  ('88d06c5b-194c-7724-222a-54981c598037'::uuid, '08af82a8-6886-84c9-34a9-074aca9a42c2'::uuid, 'Quality Control (QC) because it measures final product bug counts in production.', 1),
  ('73e1c551-b85d-cf9c-847e-be55a885dacb'::uuid, '08af82a8-6886-84c9-34a9-074aca9a42c2'::uuid, 'Quality Assurance (QA) because it focuses on process adherence to prevent defect creation.', 2),
  ('22eab415-f618-391b-f6f8-bf998759a640'::uuid, '08af82a8-6886-84c9-34a9-074aca9a42c2'::uuid, 'Neither QA nor QC; this is strictly financial auditing.', 3),
  ('cd9e9568-17d7-0adc-7704-6dc8b71450cc'::uuid, '08af82a8-6886-84c9-34a9-074aca9a42c2'::uuid, 'Total Productive Maintenance (TPM).', 4),
  ('4ca87a48-5262-618b-587c-f9a1fff50aff'::uuid, '56a3c762-dbcb-769d-cafd-68c57605ddab'::uuid, 'Kanban pull scheduling.', 1),
  ('e1e8de38-8c61-b01a-830a-5dfba44cab53'::uuid, '56a3c762-dbcb-769d-cafd-68c57605ddab'::uuid, 'Heijunka production leveling.', 2),
  ('82e71e67-124a-20aa-51ef-99b9c268172f'::uuid, '56a3c762-dbcb-769d-cafd-68c57605ddab'::uuid, 'Jidoka (Autonomation / Quality at the source).', 3),
  ('ceed1ae5-3c83-12a1-2d4c-65ad323a0a54'::uuid, '56a3c762-dbcb-769d-cafd-68c57605ddab'::uuid, '5S Workplace Standardization.', 4),
  ('06f33448-61be-8eda-5bdf-f37c6713e5c7'::uuid, '3842bc5a-a7b2-f01b-10c5-594f991b2561'::uuid, 'Plotting project activity schedules on a time-phased Gantt chart.', 1),
  ('abb974b9-afac-5c81-f56a-269df27e64fc'::uuid, '3842bc5a-a7b2-f01b-10c5-594f991b2561'::uuid, 'Calculating cumulative project cost performance index (CPI).', 2),
  ('5feb81f3-a53a-3d60-4ec1-a8e8479b0fc5'::uuid, '3842bc5a-a7b2-f01b-10c5-594f991b2561'::uuid, 'Automating customer support ticket escalations.', 3),
  ('f6017dce-1d79-c832-640d-48a5fe1f57d7'::uuid, '3842bc5a-a7b2-f01b-10c5-594f991b2561'::uuid, 'Systematically categorizing potential causes of a quality problem into major categories (e.g., 6Ms).', 4),
  ('2b5abaac-330d-3f33-e99c-f5971edac352'::uuid, 'cc61389b-0554-464d-e2bb-54848af0cccd'::uuid, 'Identifying, segregating, and controlling non-conforming items to prevent unauthorized use or delivery.', 1),
  ('b70a7067-df0b-faf1-086a-db2ad2f9e087'::uuid, 'cc61389b-0554-464d-e2bb-54848af0cccd'::uuid, 'Selling non-conforming products at full market price without customer notification.', 2),
  ('2021e0c4-b77a-7c58-5b2e-7d49800ad397'::uuid, 'cc61389b-0554-464d-e2bb-54848af0cccd'::uuid, 'Deleting quality records associated with failed inspection tests.', 3),
  ('aa38e247-f775-0823-d113-98a9a9ab08ff'::uuid, 'cc61389b-0554-464d-e2bb-54848af0cccd'::uuid, 'Terminating the employment of any assembly technician involved in a single defect.', 4),
  ('38134e6e-f4d2-65ad-8821-29c87a04a38d'::uuid, '0057e509-8dd8-0d0f-6f69-f4709b29077a'::uuid, 'Normal random process variation that should be ignored.', 1),
  ('e6338197-db76-c715-e176-c95a90047741'::uuid, '0057e509-8dd8-0d0f-6f69-f4709b29077a'::uuid, 'A non-random process shift (Rule of Seven) requiring root-cause investigation for assignable cause variation.', 2),
  ('ddd9a7d0-56ab-1522-35d5-adb1c0f962ba'::uuid, '0057e509-8dd8-0d0f-6f69-f4709b29077a'::uuid, 'Immediate proof that the manufacturing machine has reached 6 Sigma perfection.', 3),
  ('b3b587b4-9dfb-14bf-5471-a1bf2c1041e0'::uuid, '0057e509-8dd8-0d0f-6f69-f4709b29077a'::uuid, 'A failure of the statistical software calculating the control limits.', 4),
  ('c64e5e51-4113-ea8b-294d-469338287598'::uuid, 'd0a74510-adfd-e4d4-801e-82f79911cf1f'::uuid, 'Quality Control (QC) because it measures final product bug counts in production.', 1),
  ('7d3d95c6-2334-f743-4ca9-dc929d4633f6'::uuid, 'd0a74510-adfd-e4d4-801e-82f79911cf1f'::uuid, 'Neither QA nor QC; this is strictly financial auditing.', 2),
  ('40fd5a19-e108-ba83-5be6-3875eca5fbea'::uuid, 'd0a74510-adfd-e4d4-801e-82f79911cf1f'::uuid, 'Quality Assurance (QA) because it focuses on process adherence to prevent defect creation.', 3),
  ('20d24966-839a-0699-0d6f-e0e0d6cf91a5'::uuid, 'd0a74510-adfd-e4d4-801e-82f79911cf1f'::uuid, 'Total Productive Maintenance (TPM).', 4),
  ('1594ab32-9109-08f4-304b-4930d1d2b9ec'::uuid, '5e2102fa-8d00-3685-75db-7cdc845101f1'::uuid, 'Kanban pull scheduling.', 1),
  ('3317c5c6-0c02-b925-ef90-7a87887c93e5'::uuid, '5e2102fa-8d00-3685-75db-7cdc845101f1'::uuid, 'Heijunka production leveling.', 2),
  ('3592bd0e-7cad-f105-be11-4d53759761c0'::uuid, '5e2102fa-8d00-3685-75db-7cdc845101f1'::uuid, '5S Workplace Standardization.', 3),
  ('ae427f93-93fb-7a76-df29-b90edadcbe84'::uuid, '5e2102fa-8d00-3685-75db-7cdc845101f1'::uuid, 'Jidoka (Autonomation / Quality at the source).', 4),
  ('4639ee30-32f8-9b5d-6b1e-19a79705c096'::uuid, 'e3626e7d-8186-c161-c291-95b555d204b4'::uuid, 'Systematically categorizing potential causes of a quality problem into major categories (e.g., 6Ms).', 1),
  ('68de893e-111c-2fb8-e95f-2eae7c7cb492'::uuid, 'e3626e7d-8186-c161-c291-95b555d204b4'::uuid, 'Plotting project activity schedules on a time-phased Gantt chart.', 2),
  ('248edfbf-1587-4a03-8795-cda8c689d3f1'::uuid, 'e3626e7d-8186-c161-c291-95b555d204b4'::uuid, 'Calculating cumulative project cost performance index (CPI).', 3),
  ('af156833-b3ff-074b-52aa-88cef3c078de'::uuid, 'e3626e7d-8186-c161-c291-95b555d204b4'::uuid, 'Automating customer support ticket escalations.', 4),
  ('988c0416-1dd2-dba0-2d93-365984d296ee'::uuid, '6cd1d53a-6c68-adbc-6d40-beb439d73c1f'::uuid, 'Selling non-conforming products at full market price without customer notification.', 1),
  ('61a64804-79b4-f81d-eff1-b953b2882911'::uuid, '6cd1d53a-6c68-adbc-6d40-beb439d73c1f'::uuid, 'Identifying, segregating, and controlling non-conforming items to prevent unauthorized use or delivery.', 2),
  ('d908f8da-d8ec-b7c7-032e-1c59812d470e'::uuid, '6cd1d53a-6c68-adbc-6d40-beb439d73c1f'::uuid, 'Deleting quality records associated with failed inspection tests.', 3),
  ('f08ab58a-442c-753c-71ab-2f265b1cfe1e'::uuid, '6cd1d53a-6c68-adbc-6d40-beb439d73c1f'::uuid, 'Terminating the employment of any assembly technician involved in a single defect.', 4),
  ('aa19a6e6-0e5f-5085-79b1-b40549884363'::uuid, 'c215dca6-529a-7ce3-872a-e15c623c2d81'::uuid, 'Normal random process variation that should be ignored.', 1),
  ('3b2928ba-cf74-2331-dbdc-5de9491570ef'::uuid, 'c215dca6-529a-7ce3-872a-e15c623c2d81'::uuid, 'Immediate proof that the manufacturing machine has reached 6 Sigma perfection.', 2),
  ('9e07b8bc-bc86-2833-517c-eddefd40b4f6'::uuid, 'c215dca6-529a-7ce3-872a-e15c623c2d81'::uuid, 'A non-random process shift (Rule of Seven) requiring root-cause investigation for assignable cause variation.', 3),
  ('66f45599-5cda-0d56-bed7-660b0f2ffd08'::uuid, 'c215dca6-529a-7ce3-872a-e15c623c2d81'::uuid, 'A failure of the statistical software calculating the control limits.', 4),
  ('52562f72-35b2-15cd-f430-ef5bbb37dc5e'::uuid, '97a3496b-ca2f-8563-65e0-5560a2f7cb65'::uuid, 'Quality Control (QC) because it measures final product bug counts in production.', 1),
  ('5c61d387-85e4-bbc9-8080-728229002d75'::uuid, '97a3496b-ca2f-8563-65e0-5560a2f7cb65'::uuid, 'Neither QA nor QC; this is strictly financial auditing.', 2),
  ('f8953f1e-032e-8986-490b-0e048ae9ecc8'::uuid, '97a3496b-ca2f-8563-65e0-5560a2f7cb65'::uuid, 'Total Productive Maintenance (TPM).', 3),
  ('b1e69116-e786-87d7-8b6e-c947802e28db'::uuid, '97a3496b-ca2f-8563-65e0-5560a2f7cb65'::uuid, 'Quality Assurance (QA) because it focuses on process adherence to prevent defect creation.', 4),
  ('5a6e6fd4-d57e-e1da-20ce-a9d7dff30b9d'::uuid, '3801b3ac-6543-2b2a-98fa-9701e5e96739'::uuid, 'Jidoka (Autonomation / Quality at the source).', 1),
  ('c735383f-32ae-4a8c-bc09-12a8788db662'::uuid, '3801b3ac-6543-2b2a-98fa-9701e5e96739'::uuid, 'Kanban pull scheduling.', 2),
  ('2f61d560-03ee-cde7-0a0e-e5c1ec8ac0a1'::uuid, '3801b3ac-6543-2b2a-98fa-9701e5e96739'::uuid, 'Heijunka production leveling.', 3),
  ('3b6a57e3-6d3c-2b36-bf0f-c4554c4da933'::uuid, '3801b3ac-6543-2b2a-98fa-9701e5e96739'::uuid, '5S Workplace Standardization.', 4),
  ('2801d442-3ad6-d27d-a094-19e421e47f2c'::uuid, 'a2329142-b7f5-9e8f-49ba-89834cdec65b'::uuid, 'Plotting project activity schedules on a time-phased Gantt chart.', 1),
  ('b44f09c0-38d2-8b26-0b49-1bcdbf9d8f39'::uuid, 'a2329142-b7f5-9e8f-49ba-89834cdec65b'::uuid, 'Systematically categorizing potential causes of a quality problem into major categories (e.g., 6Ms).', 2),
  ('a7dfe178-b650-4a32-c887-ae9bd0595b95'::uuid, 'a2329142-b7f5-9e8f-49ba-89834cdec65b'::uuid, 'Calculating cumulative project cost performance index (CPI).', 3),
  ('231b1155-ec15-62bf-2aac-2b85a9a8afb3'::uuid, 'a2329142-b7f5-9e8f-49ba-89834cdec65b'::uuid, 'Automating customer support ticket escalations.', 4),
  ('9cf40b58-c274-5776-fbd5-8d33a69f2d80'::uuid, 'ab1a6c9b-908e-477a-ecaa-8c40755d4d2e'::uuid, 'Selling non-conforming products at full market price without customer notification.', 1),
  ('b8221207-ebec-715e-70c1-584b5c38ee37'::uuid, 'ab1a6c9b-908e-477a-ecaa-8c40755d4d2e'::uuid, 'Deleting quality records associated with failed inspection tests.', 2),
  ('b609b9bc-c8ab-8df7-0e45-3e1ba61b5da5'::uuid, 'ab1a6c9b-908e-477a-ecaa-8c40755d4d2e'::uuid, 'Identifying, segregating, and controlling non-conforming items to prevent unauthorized use or delivery.', 3),
  ('e58cef80-2a77-6c55-bf02-ccdccb4ed8ab'::uuid, 'ab1a6c9b-908e-477a-ecaa-8c40755d4d2e'::uuid, 'Terminating the employment of any assembly technician involved in a single defect.', 4)
on conflict (id) do update
set question_id = excluded.question_id,
    option_text = excluded.option_text,
    position = excluded.position;

insert into public.question_answer_keys (question_id, correct_option_id)
values
  ('9da4b1ba-1aca-cd8d-e40d-e552aa689b1b'::uuid, '68194815-7853-0d83-6708-f241e9de31a4'::uuid),
  ('990d5cf2-c1f1-3373-6a63-eb6f3a15394d'::uuid, '2650ae2a-88f2-6b49-3a93-cf5d39347bbc'::uuid),
  ('085c25ea-fcc0-7cd0-ec63-57d90d128a5f'::uuid, '74b5ef0e-0547-6003-1de7-44cc36a0a6e9'::uuid),
  ('4040d6a7-0837-d1e1-7d8e-adea7a80a050'::uuid, '7381fafc-727c-3f78-05ed-e1f824777cf8'::uuid),
  ('a617ea09-1b45-31c5-c34a-c1fb3e5d6493'::uuid, 'f36c8b0e-d357-6b02-c4fe-76274c59ac85'::uuid),
  ('f9604d57-da88-293f-75fa-e4c5723db117'::uuid, 'e6aeffdb-fead-7dd0-fb96-2fd335eb72f4'::uuid),
  ('a4aa6af7-8d7d-5e7a-3be6-6080c38bc94c'::uuid, '7f46bd6e-2c86-53ed-33e4-fc9c2d848908'::uuid),
  ('c52fb796-b6ff-f955-3a11-6976a764e5c5'::uuid, 'a7358967-6d1f-d0ea-a003-5a03c6a159cc'::uuid),
  ('d499a356-41ad-11d9-0e70-ae2444c9491e'::uuid, '455f6b12-a597-2a2f-8505-23e7496a026e'::uuid),
  ('19002e66-8eb5-34a7-d0d6-6742953e8b56'::uuid, 'd69e82fa-5bcc-e388-b386-e2dab52bd464'::uuid),
  ('61e90d30-07b5-ba7f-f958-0261337d9131'::uuid, '1996b561-52c3-2acf-6f5d-12c3040aadeb'::uuid),
  ('7807be2b-980a-425a-78c0-3c2e8f5d258e'::uuid, '0b5f2c21-31f5-2ffa-ac79-770e328a74bd'::uuid),
  ('8f9b5992-2398-e735-e352-a0fc399c4e0c'::uuid, 'a36a87bf-12ad-36d2-43bd-92d0948315b9'::uuid),
  ('d53dec61-68c5-b444-7b20-ff170b03257a'::uuid, '19596dd2-7218-d6bc-3278-1287054a7e5f'::uuid),
  ('78ad95b7-d17e-57b4-80b7-3ca84332a071'::uuid, 'c0d961b4-5159-0d6c-574b-39711536cc20'::uuid),
  ('85aac63b-c573-b9f9-1e10-d9035987bdea'::uuid, 'eb0e73ef-a935-d057-fdad-0e8d1ccadb1b'::uuid),
  ('d1d3412a-a449-ec60-3472-eed1d02bad5e'::uuid, '77200e14-52e1-ff89-cc8c-5f354e853fe7'::uuid),
  ('fc6be37e-e83f-0217-4aca-ee3bd2ada6b4'::uuid, '8c40eeb1-226e-d638-7c2f-0902cca8b5a2'::uuid),
  ('c2bd77f4-4b16-efa1-2525-f4cb554295b6'::uuid, '0dfe4175-96db-2b8c-3dbc-dd62d1a73677'::uuid),
  ('66552515-10cf-0f1b-8621-28df843ed449'::uuid, '60ecfd2a-868a-d23f-95f4-51f6c87f7016'::uuid),
  ('1e516775-c211-a5a4-2a65-f99564ee80e6'::uuid, '630f5c30-e4f2-3e12-6a1c-7c61fab7cc6a'::uuid),
  ('e101912d-fb7a-3797-f877-e4943396a88b'::uuid, '0f6cf8ee-34f4-3413-77a9-46508b1aa22a'::uuid),
  ('055dbcc4-7f45-6b3f-23cd-ec6b849b9d1d'::uuid, 'ca786f54-7e1c-d07d-f63d-a67b28567d2f'::uuid),
  ('fdcf4467-907e-cc28-dc49-4795357d77a8'::uuid, '2ddae195-13cc-cbaa-8bcd-3f42814d033e'::uuid),
  ('b828c67d-b753-e6e3-1df3-8976b18ef112'::uuid, 'a34db52d-9105-d771-e354-c506ed036262'::uuid),
  ('76b3aecd-c0d7-7668-0261-59849e8fcb25'::uuid, 'a49eb6b6-1149-7028-1f99-2348ef137d4f'::uuid),
  ('08f4e90f-3640-340b-80d6-04df621d14fb'::uuid, '28f1ca35-2d69-264a-d403-a4744a6df686'::uuid),
  ('9beaf5f4-edb9-781c-781a-bf6d091ad943'::uuid, '4ac218ee-5eb5-05d6-5647-aaf33abb818e'::uuid),
  ('8fb5f997-fb20-cdd9-34d4-52a10dd7da7b'::uuid, 'eaefb790-f0a3-184c-7ac3-d26cab4606de'::uuid),
  ('a4ed49c1-611f-f707-c536-c4c47cf66a94'::uuid, '3d864c85-7732-d887-cb84-58293a8c2cf5'::uuid),
  ('02334045-a448-5a61-9900-68e1f784564d'::uuid, 'ad346768-af01-1cc4-1904-b66d2543c649'::uuid),
  ('1d1a309d-03ce-382f-4f96-f4e471e164c8'::uuid, '5602aa28-45ea-a78c-d4b9-8f434a4c4237'::uuid),
  ('f106eda5-97ed-a785-24af-0e42eb441d4e'::uuid, '83b478a5-ba0a-894b-b65e-04dfb5064655'::uuid),
  ('0735f87f-5ad0-3d78-8838-2785a141cf4b'::uuid, '4a1907b0-d54a-ffb0-ef5e-3c8ccd7e29d8'::uuid),
  ('09adaa3e-59df-3a0d-c06d-bcd0a37e7438'::uuid, 'ff069049-905d-5cba-5217-877a5b13c5ab'::uuid),
  ('3213f3be-3b3e-9b08-619b-e4afca07552a'::uuid, 'fe3743c5-147d-e865-6696-f0e6017e36fe'::uuid),
  ('30c54191-07c4-1724-ab54-d2ce9c344b2e'::uuid, 'db007944-bf8f-6e88-4035-c35f6fee8e7e'::uuid),
  ('a201a825-6456-7194-569b-1c87148a66fc'::uuid, '38e80087-6fba-8d2f-1988-38857ac0e40f'::uuid),
  ('d15c35cf-c71b-04e6-b4c9-423165ff2ae1'::uuid, 'd1ea8f6c-4ba8-6264-2271-a57e54f8d2cb'::uuid),
  ('447b04f6-0796-06b3-2b8f-cd4a38c1d68d'::uuid, '3c12704d-30c2-c113-301d-67db00542a7d'::uuid),
  ('dd4ec44a-016f-6750-f9b5-4de1e2b4e34a'::uuid, 'b61f6f5d-a410-a737-3301-33159787e0cf'::uuid),
  ('424a8e2f-27af-84a4-f94d-a340877ac289'::uuid, '4c039f9f-5f88-c6c4-e7ae-01178064cfea'::uuid),
  ('0de52155-1b90-a1ad-72bc-56005084ebb3'::uuid, '8c597a87-e577-50f6-6389-d399381fe661'::uuid),
  ('3388abd8-dbdd-eb06-14f6-b29e7161a3c1'::uuid, '0a85cad7-1282-b99a-0f11-1f061c364ea2'::uuid),
  ('c37b9469-17ef-1b1a-3bfa-fed5eea7ce4e'::uuid, 'ca062b60-fdd0-35ac-22d1-e507a6c56df3'::uuid),
  ('fc586376-bc55-f4e8-1280-675a46109915'::uuid, 'cf54e4da-375b-6d8b-29bf-c3a3c7899845'::uuid),
  ('216b5dac-9414-42ec-3a52-caee6a49ef45'::uuid, '2c096522-3421-21e9-ed50-19c4843444c2'::uuid),
  ('73118e77-6c3b-d41e-d52b-0588cbc00df9'::uuid, 'c1f69a2e-3bad-23b8-19b9-a7ff1c671f34'::uuid),
  ('ef2838d0-90cc-5bb6-3612-63e7880546f9'::uuid, 'f2841ed6-baae-5433-e139-eaa45f969a93'::uuid),
  ('56993694-06a6-8887-a338-1ad70065a982'::uuid, '3328a66e-ba53-695e-ebf9-45b4eb0d6651'::uuid),
  ('00c4eaf7-9e73-9dd4-b8d3-1854454658bf'::uuid, '86265e39-b7ec-d2ac-1c95-2e34de2fc324'::uuid),
  ('0eee3015-f748-0a35-256d-8c0a247e0e23'::uuid, '1d372916-bd2a-63fa-74e8-b3f1d243656a'::uuid),
  ('58706abb-adb7-fc34-923e-9d08a57fdb4b'::uuid, 'ccfc1ef5-287c-75ef-9de6-d23142036bb0'::uuid),
  ('8ee0e449-59d9-cdad-be3d-f6292b703235'::uuid, '21d3c3b1-efea-d7c0-0d04-58555405dc0c'::uuid),
  ('09296d02-1e9b-94a1-f1b0-ac368e5244d4'::uuid, 'cf5b6306-318d-8082-62f3-a1e8575d9e86'::uuid),
  ('b400460f-0058-b436-607a-6854b5792411'::uuid, 'f27b2022-54c3-98da-907d-19cd03f6f2b3'::uuid),
  ('009373f7-3b33-250d-9239-9f9a09e57ff8'::uuid, 'dee7e749-20c6-d464-6dd0-ae72980451a0'::uuid),
  ('1e3b780e-4e6c-a087-f092-83d84e66969b'::uuid, 'a069abf4-346d-d60a-af94-a5811cbc0db6'::uuid),
  ('3f538738-1a1e-d0cf-4e31-7b07f9d3288b'::uuid, 'bc39f83f-1bbc-98db-425c-fcf2fe54e02a'::uuid),
  ('2fea4890-9a0b-36ec-524b-c260c0006b1e'::uuid, 'fd68eb82-79e4-7599-bde8-0a4d42fd638c'::uuid),
  ('7aafc459-7c0e-a06c-249d-504b7f1b3274'::uuid, '3919378b-0042-a95e-2baf-18ea0beb612f'::uuid),
  ('08af82a8-6886-84c9-34a9-074aca9a42c2'::uuid, '73e1c551-b85d-cf9c-847e-be55a885dacb'::uuid),
  ('56a3c762-dbcb-769d-cafd-68c57605ddab'::uuid, '82e71e67-124a-20aa-51ef-99b9c268172f'::uuid),
  ('3842bc5a-a7b2-f01b-10c5-594f991b2561'::uuid, 'f6017dce-1d79-c832-640d-48a5fe1f57d7'::uuid),
  ('cc61389b-0554-464d-e2bb-54848af0cccd'::uuid, '2b5abaac-330d-3f33-e99c-f5971edac352'::uuid),
  ('0057e509-8dd8-0d0f-6f69-f4709b29077a'::uuid, 'e6338197-db76-c715-e176-c95a90047741'::uuid),
  ('d0a74510-adfd-e4d4-801e-82f79911cf1f'::uuid, '40fd5a19-e108-ba83-5be6-3875eca5fbea'::uuid),
  ('5e2102fa-8d00-3685-75db-7cdc845101f1'::uuid, 'ae427f93-93fb-7a76-df29-b90edadcbe84'::uuid),
  ('e3626e7d-8186-c161-c291-95b555d204b4'::uuid, '4639ee30-32f8-9b5d-6b1e-19a79705c096'::uuid),
  ('6cd1d53a-6c68-adbc-6d40-beb439d73c1f'::uuid, '61a64804-79b4-f81d-eff1-b953b2882911'::uuid),
  ('c215dca6-529a-7ce3-872a-e15c623c2d81'::uuid, '9e07b8bc-bc86-2833-517c-eddefd40b4f6'::uuid),
  ('97a3496b-ca2f-8563-65e0-5560a2f7cb65'::uuid, 'b1e69116-e786-87d7-8b6e-c947802e28db'::uuid),
  ('3801b3ac-6543-2b2a-98fa-9701e5e96739'::uuid, '5a6e6fd4-d57e-e1da-20ce-a9d7dff30b9d'::uuid),
  ('a2329142-b7f5-9e8f-49ba-89834cdec65b'::uuid, 'b44f09c0-38d2-8b26-0b49-1bcdbf9d8f39'::uuid),
  ('ab1a6c9b-908e-477a-ecaa-8c40755d4d2e'::uuid, 'b609b9bc-c8ab-8df7-0e45-3e1ba61b5da5'::uuid)
on conflict (question_id) do update
set correct_option_id = excluded.correct_option_id,
    updated_at = now();

update public.exam_prices
set is_default = false, updated_at = now()
where examination_id = '722191d6-dbc7-f961-0b3e-b4168c60824b'::uuid
  and currency <> 'NGN'
  and is_default = true;

insert into public.exam_prices (
  id, examination_id, currency, amount_minor, country_codes,
  is_default, is_active, effective_from, effective_to
) values (
  'f99c3479-f52c-e0d9-d269-df38320e1b36'::uuid,
  '722191d6-dbc7-f961-0b3e-b4168c60824b'::uuid,
  'NGN',
  2500000,
  array['NG']::text[],
  true,
  true,
  now(),
  null
)
on conflict (examination_id, currency) do update
set amount_minor = 2500000,
    country_codes = array['NG']::text[],
    is_default = true,
    is_active = true,
    effective_from = least(public.exam_prices.effective_from, now()),
    effective_to = null,
    updated_at = now();

-- PCM: Procurement and Contract Management (PCM)
insert into public.programmes (id, code, name, description, is_active)
values (
  'febfb7e1-9db0-112c-9886-314fe8d1d2e6'::uuid,
  'PCM',
  'Procurement and Contract Management (PCM)',
  '75 Questions. Focus: Contract Type Selection (FFP, CPIF, T&M), Make-or-Buy Analysis, Vendor Negotiations, Scope Modifications, and Lien Waivers.',
  true
)
on conflict (code) do update
set name = excluded.name,
    description = excluded.description,
    is_active = true,
    updated_at = now();

insert into public.examinations (
  id, programme_id, title, instructions, duration_minutes, pass_mark,
  status, max_attempts, randomize_questions, randomize_options,
  allow_self_enrollment, requires_payment
) values (
  '7816b3d7-602f-ddb0-345d-1a921c5a3fa6'::uuid,
  (select id from public.programmes where code = 'PCM'),
  'Procurement and Contract Management (PCM)',
  'Answer every question. This examination is timed and protected by IIPM examination integrity controls. Payment, an approved scholarship coupon or an administrator assignment is required before launch.',
  120,
  70,
  'published',
  1,
  true,
  true,
  false,
  true
)
on conflict (id) do update
set programme_id = excluded.programme_id,
    title = excluded.title,
    instructions = excluded.instructions,
    duration_minutes = excluded.duration_minutes,
    pass_mark = excluded.pass_mark,
    status = excluded.status,
    max_attempts = excluded.max_attempts,
    randomize_questions = excluded.randomize_questions,
    randomize_options = excluded.randomize_options,
    allow_self_enrollment = false,
    requires_payment = true,
    updated_at = now();

with ranked_existing as (
  select id, row_number() over (order by id) as replacement_position
  from public.questions
  where examination_id = '7816b3d7-602f-ddb0-345d-1a921c5a3fa6'::uuid
)
update public.questions q
set is_active = false,
    position = 100000 + ranked_existing.replacement_position,
    updated_at = now()
from ranked_existing
where q.id = ranked_existing.id;

insert into public.questions (id, examination_id, question_text, position, points, is_active)
values
  ('3a8dbdfa-e489-043b-ff31-6cd6a66502d0'::uuid, '7816b3d7-602f-ddb0-345d-1a921c5a3fa6'::uuid, '[Contract Type Selection - Scenario 1] An organization needs to hire a research consultancy for an innovative project with highly uncertain scope and unknown technical duration. Which contract structure protects the buyer while incentivizing performance?', 1, 1, true),
  ('7d49d1d7-f09c-5843-ea7f-4e0abfd45038'::uuid, '7816b3d7-602f-ddb0-345d-1a921c5a3fa6'::uuid, '[Make-or-Buy Analysis - Scenario 2] During procurement planning, a enterprise software firm evaluates whether to build an internal customer portal or buy a SaaS solution. Internal build costs $200k upfront plus $10k/year maintenance. SaaS costs $50k/year. What is the financial break-even horizon?', 2, 1, true),
  ('6d103ddc-74a4-b985-9c0d-f7ba478dc712'::uuid, '7816b3d7-602f-ddb0-345d-1a921c5a3fa6'::uuid, '[Vendor Negotiation & Bidding - Scenario 3] During RFP evaluation for an infrastructure contractor, a buyer receives four bids. One bid is 40% lower than industry benchmarks. What is the most prudent procurement action?', 3, 1, true),
  ('d60ec768-b82d-d55d-0acd-884cb8a6f8e8'::uuid, '7816b3d7-602f-ddb0-345d-1a921c5a3fa6'::uuid, '[Contract Administration & Changes - Scenario 4] A vendor executes a minor requested scope change directly based on verbal instructions from a project engineer, without a signed Change Order. Upon invoice submission, the buyer''s procurement officer refuses payment. Why?', 4, 1, true),
  ('3ea4f3ca-a935-30db-59b6-d42e0a13a978'::uuid, '7816b3d7-602f-ddb0-345d-1a921c5a3fa6'::uuid, '[Contract Closeout & Dispute Resolution - Scenario 5] At the conclusion of a major construction contract, what document must be secured from the contractor before releasing final retention payments?', 5, 1, true),
  ('476d3ee9-ed76-0892-2110-18787cf5cf3d'::uuid, '7816b3d7-602f-ddb0-345d-1a921c5a3fa6'::uuid, '[Contract Type Selection - Scenario 6] An organization needs to hire a research consultancy for an innovative project with highly uncertain scope and unknown technical duration. Which contract structure protects the buyer while incentivizing performance?', 6, 1, true),
  ('205d36e9-32d2-0eff-e6ae-f961777b8e92'::uuid, '7816b3d7-602f-ddb0-345d-1a921c5a3fa6'::uuid, '[Make-or-Buy Analysis - Scenario 7] During procurement planning, a enterprise software firm evaluates whether to build an internal customer portal or buy a SaaS solution. Internal build costs $200k upfront plus $10k/year maintenance. SaaS costs $50k/year. What is the financial break-even horizon?', 7, 1, true),
  ('06cd9eaf-20dc-1cb8-6c8f-0ad8ce2016e7'::uuid, '7816b3d7-602f-ddb0-345d-1a921c5a3fa6'::uuid, '[Vendor Negotiation & Bidding - Scenario 8] During RFP evaluation for an infrastructure contractor, a buyer receives four bids. One bid is 40% lower than industry benchmarks. What is the most prudent procurement action?', 8, 1, true),
  ('ae1ee5fd-c746-3c6e-2aae-90a2d8661d32'::uuid, '7816b3d7-602f-ddb0-345d-1a921c5a3fa6'::uuid, '[Contract Administration & Changes - Scenario 9] A vendor executes a minor requested scope change directly based on verbal instructions from a project engineer, without a signed Change Order. Upon invoice submission, the buyer''s procurement officer refuses payment. Why?', 9, 1, true),
  ('1489b14c-c8aa-1b4a-fce1-5f037cbaccdb'::uuid, '7816b3d7-602f-ddb0-345d-1a921c5a3fa6'::uuid, '[Contract Closeout & Dispute Resolution - Scenario 10] At the conclusion of a major construction contract, what document must be secured from the contractor before releasing final retention payments?', 10, 1, true),
  ('2763b7cb-7f68-0e54-ee4a-ef5c2a28a5b8'::uuid, '7816b3d7-602f-ddb0-345d-1a921c5a3fa6'::uuid, '[Contract Type Selection - Scenario 11] An organization needs to hire a research consultancy for an innovative project with highly uncertain scope and unknown technical duration. Which contract structure protects the buyer while incentivizing performance?', 11, 1, true),
  ('2f2ae01d-f9f2-74c5-82e7-74a4f5b117fb'::uuid, '7816b3d7-602f-ddb0-345d-1a921c5a3fa6'::uuid, '[Make-or-Buy Analysis - Scenario 12] During procurement planning, a enterprise software firm evaluates whether to build an internal customer portal or buy a SaaS solution. Internal build costs $200k upfront plus $10k/year maintenance. SaaS costs $50k/year. What is the financial break-even horizon?', 12, 1, true),
  ('6cd36d47-b27f-6842-6559-f9701f680d49'::uuid, '7816b3d7-602f-ddb0-345d-1a921c5a3fa6'::uuid, '[Vendor Negotiation & Bidding - Scenario 13] During RFP evaluation for an infrastructure contractor, a buyer receives four bids. One bid is 40% lower than industry benchmarks. What is the most prudent procurement action?', 13, 1, true),
  ('c4c1cae0-816c-1c11-2b05-a026f7dfc2e9'::uuid, '7816b3d7-602f-ddb0-345d-1a921c5a3fa6'::uuid, '[Contract Administration & Changes - Scenario 14] A vendor executes a minor requested scope change directly based on verbal instructions from a project engineer, without a signed Change Order. Upon invoice submission, the buyer''s procurement officer refuses payment. Why?', 14, 1, true),
  ('b644bd4a-073d-8124-4075-7e38d050082c'::uuid, '7816b3d7-602f-ddb0-345d-1a921c5a3fa6'::uuid, '[Contract Closeout & Dispute Resolution - Scenario 15] At the conclusion of a major construction contract, what document must be secured from the contractor before releasing final retention payments?', 15, 1, true),
  ('c5818bac-ba4c-9ea1-b35f-8ab4dc3288dc'::uuid, '7816b3d7-602f-ddb0-345d-1a921c5a3fa6'::uuid, '[Contract Type Selection - Scenario 16] An organization needs to hire a research consultancy for an innovative project with highly uncertain scope and unknown technical duration. Which contract structure protects the buyer while incentivizing performance?', 16, 1, true),
  ('39ff0a0d-7ae9-3dfc-d15e-d2ed76669c58'::uuid, '7816b3d7-602f-ddb0-345d-1a921c5a3fa6'::uuid, '[Make-or-Buy Analysis - Scenario 17] During procurement planning, a enterprise software firm evaluates whether to build an internal customer portal or buy a SaaS solution. Internal build costs $200k upfront plus $10k/year maintenance. SaaS costs $50k/year. What is the financial break-even horizon?', 17, 1, true),
  ('467b482c-c64b-2c66-c690-3a6c05918867'::uuid, '7816b3d7-602f-ddb0-345d-1a921c5a3fa6'::uuid, '[Vendor Negotiation & Bidding - Scenario 18] During RFP evaluation for an infrastructure contractor, a buyer receives four bids. One bid is 40% lower than industry benchmarks. What is the most prudent procurement action?', 18, 1, true),
  ('2fe132b3-086a-de91-e946-78ae8aafb0fa'::uuid, '7816b3d7-602f-ddb0-345d-1a921c5a3fa6'::uuid, '[Contract Administration & Changes - Scenario 19] A vendor executes a minor requested scope change directly based on verbal instructions from a project engineer, without a signed Change Order. Upon invoice submission, the buyer''s procurement officer refuses payment. Why?', 19, 1, true),
  ('11ad892f-cb8f-cf07-c4cf-89e2b6d129e7'::uuid, '7816b3d7-602f-ddb0-345d-1a921c5a3fa6'::uuid, '[Contract Closeout & Dispute Resolution - Scenario 20] At the conclusion of a major construction contract, what document must be secured from the contractor before releasing final retention payments?', 20, 1, true),
  ('c47903bf-664a-97d8-df94-1a868a62625e'::uuid, '7816b3d7-602f-ddb0-345d-1a921c5a3fa6'::uuid, '[Contract Type Selection - Scenario 21] An organization needs to hire a research consultancy for an innovative project with highly uncertain scope and unknown technical duration. Which contract structure protects the buyer while incentivizing performance?', 21, 1, true),
  ('eb9d8207-cf97-ed4d-b75f-bf0e66b3bdec'::uuid, '7816b3d7-602f-ddb0-345d-1a921c5a3fa6'::uuid, '[Make-or-Buy Analysis - Scenario 22] During procurement planning, a enterprise software firm evaluates whether to build an internal customer portal or buy a SaaS solution. Internal build costs $200k upfront plus $10k/year maintenance. SaaS costs $50k/year. What is the financial break-even horizon?', 22, 1, true),
  ('0b295353-2698-c306-1da0-d5a6dce2362d'::uuid, '7816b3d7-602f-ddb0-345d-1a921c5a3fa6'::uuid, '[Vendor Negotiation & Bidding - Scenario 23] During RFP evaluation for an infrastructure contractor, a buyer receives four bids. One bid is 40% lower than industry benchmarks. What is the most prudent procurement action?', 23, 1, true),
  ('446a824d-68e1-0cc6-cb3a-1d3936c4cbb7'::uuid, '7816b3d7-602f-ddb0-345d-1a921c5a3fa6'::uuid, '[Contract Administration & Changes - Scenario 24] A vendor executes a minor requested scope change directly based on verbal instructions from a project engineer, without a signed Change Order. Upon invoice submission, the buyer''s procurement officer refuses payment. Why?', 24, 1, true),
  ('ba84c3fe-961a-63ad-0f95-80ef63e5d5c6'::uuid, '7816b3d7-602f-ddb0-345d-1a921c5a3fa6'::uuid, '[Contract Closeout & Dispute Resolution - Scenario 25] At the conclusion of a major construction contract, what document must be secured from the contractor before releasing final retention payments?', 25, 1, true),
  ('89e14245-3866-0966-2a94-67ab489ae552'::uuid, '7816b3d7-602f-ddb0-345d-1a921c5a3fa6'::uuid, '[Contract Type Selection - Scenario 26] An organization needs to hire a research consultancy for an innovative project with highly uncertain scope and unknown technical duration. Which contract structure protects the buyer while incentivizing performance?', 26, 1, true),
  ('718f0388-b180-e3ce-5824-3143fad467fa'::uuid, '7816b3d7-602f-ddb0-345d-1a921c5a3fa6'::uuid, '[Make-or-Buy Analysis - Scenario 27] During procurement planning, a enterprise software firm evaluates whether to build an internal customer portal or buy a SaaS solution. Internal build costs $200k upfront plus $10k/year maintenance. SaaS costs $50k/year. What is the financial break-even horizon?', 27, 1, true),
  ('28eb9bb8-5d02-7cf5-ba9d-77c899a05162'::uuid, '7816b3d7-602f-ddb0-345d-1a921c5a3fa6'::uuid, '[Vendor Negotiation & Bidding - Scenario 28] During RFP evaluation for an infrastructure contractor, a buyer receives four bids. One bid is 40% lower than industry benchmarks. What is the most prudent procurement action?', 28, 1, true),
  ('1954fc0e-eacf-1a86-6b4f-1578c16bc903'::uuid, '7816b3d7-602f-ddb0-345d-1a921c5a3fa6'::uuid, '[Contract Administration & Changes - Scenario 29] A vendor executes a minor requested scope change directly based on verbal instructions from a project engineer, without a signed Change Order. Upon invoice submission, the buyer''s procurement officer refuses payment. Why?', 29, 1, true),
  ('6d058070-b7c0-03cc-2e24-173ee73fe922'::uuid, '7816b3d7-602f-ddb0-345d-1a921c5a3fa6'::uuid, '[Contract Closeout & Dispute Resolution - Scenario 30] At the conclusion of a major construction contract, what document must be secured from the contractor before releasing final retention payments?', 30, 1, true),
  ('0b45d18f-99c3-3ee7-ece0-0093172740b3'::uuid, '7816b3d7-602f-ddb0-345d-1a921c5a3fa6'::uuid, '[Contract Type Selection - Scenario 31] An organization needs to hire a research consultancy for an innovative project with highly uncertain scope and unknown technical duration. Which contract structure protects the buyer while incentivizing performance?', 31, 1, true),
  ('32d9352e-9f95-0d80-2272-d6f930706e0c'::uuid, '7816b3d7-602f-ddb0-345d-1a921c5a3fa6'::uuid, '[Make-or-Buy Analysis - Scenario 32] During procurement planning, a enterprise software firm evaluates whether to build an internal customer portal or buy a SaaS solution. Internal build costs $200k upfront plus $10k/year maintenance. SaaS costs $50k/year. What is the financial break-even horizon?', 32, 1, true),
  ('ee59c27c-98b4-47df-4639-71fc53d28c90'::uuid, '7816b3d7-602f-ddb0-345d-1a921c5a3fa6'::uuid, '[Vendor Negotiation & Bidding - Scenario 33] During RFP evaluation for an infrastructure contractor, a buyer receives four bids. One bid is 40% lower than industry benchmarks. What is the most prudent procurement action?', 33, 1, true),
  ('8aac25a6-a8f6-e108-b9c9-eb9bfd888e6a'::uuid, '7816b3d7-602f-ddb0-345d-1a921c5a3fa6'::uuid, '[Contract Administration & Changes - Scenario 34] A vendor executes a minor requested scope change directly based on verbal instructions from a project engineer, without a signed Change Order. Upon invoice submission, the buyer''s procurement officer refuses payment. Why?', 34, 1, true),
  ('8c78898d-e800-c419-b900-00df50670f12'::uuid, '7816b3d7-602f-ddb0-345d-1a921c5a3fa6'::uuid, '[Contract Closeout & Dispute Resolution - Scenario 35] At the conclusion of a major construction contract, what document must be secured from the contractor before releasing final retention payments?', 35, 1, true),
  ('8e208abb-ed93-c495-70a4-9a3945cda4eb'::uuid, '7816b3d7-602f-ddb0-345d-1a921c5a3fa6'::uuid, '[Contract Type Selection - Scenario 36] An organization needs to hire a research consultancy for an innovative project with highly uncertain scope and unknown technical duration. Which contract structure protects the buyer while incentivizing performance?', 36, 1, true),
  ('e845c847-49c0-287a-deb0-3d1d47fc68af'::uuid, '7816b3d7-602f-ddb0-345d-1a921c5a3fa6'::uuid, '[Make-or-Buy Analysis - Scenario 37] During procurement planning, a enterprise software firm evaluates whether to build an internal customer portal or buy a SaaS solution. Internal build costs $200k upfront plus $10k/year maintenance. SaaS costs $50k/year. What is the financial break-even horizon?', 37, 1, true),
  ('07805e46-5959-3b81-d7de-1164020aab62'::uuid, '7816b3d7-602f-ddb0-345d-1a921c5a3fa6'::uuid, '[Vendor Negotiation & Bidding - Scenario 38] During RFP evaluation for an infrastructure contractor, a buyer receives four bids. One bid is 40% lower than industry benchmarks. What is the most prudent procurement action?', 38, 1, true),
  ('6a70dbc1-aff9-8cb6-61c3-d9f032db84bd'::uuid, '7816b3d7-602f-ddb0-345d-1a921c5a3fa6'::uuid, '[Contract Administration & Changes - Scenario 39] A vendor executes a minor requested scope change directly based on verbal instructions from a project engineer, without a signed Change Order. Upon invoice submission, the buyer''s procurement officer refuses payment. Why?', 39, 1, true),
  ('0004b569-17b8-c35b-d46a-fabf052000d6'::uuid, '7816b3d7-602f-ddb0-345d-1a921c5a3fa6'::uuid, '[Contract Closeout & Dispute Resolution - Scenario 40] At the conclusion of a major construction contract, what document must be secured from the contractor before releasing final retention payments?', 40, 1, true),
  ('40fc3068-1580-d60c-f955-87edcf25996f'::uuid, '7816b3d7-602f-ddb0-345d-1a921c5a3fa6'::uuid, '[Contract Type Selection - Scenario 41] An organization needs to hire a research consultancy for an innovative project with highly uncertain scope and unknown technical duration. Which contract structure protects the buyer while incentivizing performance?', 41, 1, true),
  ('411646c0-701e-a2fe-31bf-8d75e072adc5'::uuid, '7816b3d7-602f-ddb0-345d-1a921c5a3fa6'::uuid, '[Make-or-Buy Analysis - Scenario 42] During procurement planning, a enterprise software firm evaluates whether to build an internal customer portal or buy a SaaS solution. Internal build costs $200k upfront plus $10k/year maintenance. SaaS costs $50k/year. What is the financial break-even horizon?', 42, 1, true),
  ('db7a6602-0373-a5cd-fa6e-12c2f25566dd'::uuid, '7816b3d7-602f-ddb0-345d-1a921c5a3fa6'::uuid, '[Vendor Negotiation & Bidding - Scenario 43] During RFP evaluation for an infrastructure contractor, a buyer receives four bids. One bid is 40% lower than industry benchmarks. What is the most prudent procurement action?', 43, 1, true),
  ('0a28c17b-9fa1-e8c2-2942-7135428437da'::uuid, '7816b3d7-602f-ddb0-345d-1a921c5a3fa6'::uuid, '[Contract Administration & Changes - Scenario 44] A vendor executes a minor requested scope change directly based on verbal instructions from a project engineer, without a signed Change Order. Upon invoice submission, the buyer''s procurement officer refuses payment. Why?', 44, 1, true),
  ('fc9d1869-aa6a-232a-41be-728571bd4625'::uuid, '7816b3d7-602f-ddb0-345d-1a921c5a3fa6'::uuid, '[Contract Closeout & Dispute Resolution - Scenario 45] At the conclusion of a major construction contract, what document must be secured from the contractor before releasing final retention payments?', 45, 1, true),
  ('0f5bec4e-8439-ccb5-e0f5-79afbc42b7f9'::uuid, '7816b3d7-602f-ddb0-345d-1a921c5a3fa6'::uuid, '[Contract Type Selection - Scenario 46] An organization needs to hire a research consultancy for an innovative project with highly uncertain scope and unknown technical duration. Which contract structure protects the buyer while incentivizing performance?', 46, 1, true),
  ('f86ee64d-e44a-0da1-c3c0-c74adaeff00c'::uuid, '7816b3d7-602f-ddb0-345d-1a921c5a3fa6'::uuid, '[Make-or-Buy Analysis - Scenario 47] During procurement planning, a enterprise software firm evaluates whether to build an internal customer portal or buy a SaaS solution. Internal build costs $200k upfront plus $10k/year maintenance. SaaS costs $50k/year. What is the financial break-even horizon?', 47, 1, true),
  ('f89eeb19-e0a4-9ed2-26cc-a0cc421375ff'::uuid, '7816b3d7-602f-ddb0-345d-1a921c5a3fa6'::uuid, '[Vendor Negotiation & Bidding - Scenario 48] During RFP evaluation for an infrastructure contractor, a buyer receives four bids. One bid is 40% lower than industry benchmarks. What is the most prudent procurement action?', 48, 1, true),
  ('07953838-4939-8528-ae49-9bf54fb54df9'::uuid, '7816b3d7-602f-ddb0-345d-1a921c5a3fa6'::uuid, '[Contract Administration & Changes - Scenario 49] A vendor executes a minor requested scope change directly based on verbal instructions from a project engineer, without a signed Change Order. Upon invoice submission, the buyer''s procurement officer refuses payment. Why?', 49, 1, true),
  ('63459dae-8caa-5774-00ba-76045b7c9e59'::uuid, '7816b3d7-602f-ddb0-345d-1a921c5a3fa6'::uuid, '[Contract Closeout & Dispute Resolution - Scenario 50] At the conclusion of a major construction contract, what document must be secured from the contractor before releasing final retention payments?', 50, 1, true),
  ('adaac881-49e0-0999-ed63-f09ef929910d'::uuid, '7816b3d7-602f-ddb0-345d-1a921c5a3fa6'::uuid, '[Contract Type Selection - Scenario 51] An organization needs to hire a research consultancy for an innovative project with highly uncertain scope and unknown technical duration. Which contract structure protects the buyer while incentivizing performance?', 51, 1, true),
  ('657211af-b6c0-dd48-b061-68cc49c0d927'::uuid, '7816b3d7-602f-ddb0-345d-1a921c5a3fa6'::uuid, '[Make-or-Buy Analysis - Scenario 52] During procurement planning, a enterprise software firm evaluates whether to build an internal customer portal or buy a SaaS solution. Internal build costs $200k upfront plus $10k/year maintenance. SaaS costs $50k/year. What is the financial break-even horizon?', 52, 1, true),
  ('8f1cf5b3-9492-b052-0142-82814fac3e79'::uuid, '7816b3d7-602f-ddb0-345d-1a921c5a3fa6'::uuid, '[Vendor Negotiation & Bidding - Scenario 53] During RFP evaluation for an infrastructure contractor, a buyer receives four bids. One bid is 40% lower than industry benchmarks. What is the most prudent procurement action?', 53, 1, true),
  ('5e2e6003-cc5b-4f04-9b16-160cd0d4fe7e'::uuid, '7816b3d7-602f-ddb0-345d-1a921c5a3fa6'::uuid, '[Contract Administration & Changes - Scenario 54] A vendor executes a minor requested scope change directly based on verbal instructions from a project engineer, without a signed Change Order. Upon invoice submission, the buyer''s procurement officer refuses payment. Why?', 54, 1, true),
  ('27ba8383-01f3-2acc-abfc-c0a3d3ef29ca'::uuid, '7816b3d7-602f-ddb0-345d-1a921c5a3fa6'::uuid, '[Contract Closeout & Dispute Resolution - Scenario 55] At the conclusion of a major construction contract, what document must be secured from the contractor before releasing final retention payments?', 55, 1, true),
  ('39803bed-5314-8168-5c82-982b8c8d2a6f'::uuid, '7816b3d7-602f-ddb0-345d-1a921c5a3fa6'::uuid, '[Contract Type Selection - Scenario 56] An organization needs to hire a research consultancy for an innovative project with highly uncertain scope and unknown technical duration. Which contract structure protects the buyer while incentivizing performance?', 56, 1, true),
  ('14762fc7-a09c-79eb-2a85-c32bed28540d'::uuid, '7816b3d7-602f-ddb0-345d-1a921c5a3fa6'::uuid, '[Make-or-Buy Analysis - Scenario 57] During procurement planning, a enterprise software firm evaluates whether to build an internal customer portal or buy a SaaS solution. Internal build costs $200k upfront plus $10k/year maintenance. SaaS costs $50k/year. What is the financial break-even horizon?', 57, 1, true),
  ('8768960d-2ba3-01ea-4f80-5635225a2592'::uuid, '7816b3d7-602f-ddb0-345d-1a921c5a3fa6'::uuid, '[Vendor Negotiation & Bidding - Scenario 58] During RFP evaluation for an infrastructure contractor, a buyer receives four bids. One bid is 40% lower than industry benchmarks. What is the most prudent procurement action?', 58, 1, true),
  ('fc368fc4-ef41-25f4-f979-e31b961ca517'::uuid, '7816b3d7-602f-ddb0-345d-1a921c5a3fa6'::uuid, '[Contract Administration & Changes - Scenario 59] A vendor executes a minor requested scope change directly based on verbal instructions from a project engineer, without a signed Change Order. Upon invoice submission, the buyer''s procurement officer refuses payment. Why?', 59, 1, true),
  ('2214b488-c865-b79c-c2bc-0d9c44bb6655'::uuid, '7816b3d7-602f-ddb0-345d-1a921c5a3fa6'::uuid, '[Contract Closeout & Dispute Resolution - Scenario 60] At the conclusion of a major construction contract, what document must be secured from the contractor before releasing final retention payments?', 60, 1, true),
  ('814fa42f-cc1c-5512-c800-f5d43d71784a'::uuid, '7816b3d7-602f-ddb0-345d-1a921c5a3fa6'::uuid, '[Contract Type Selection - Scenario 61] An organization needs to hire a research consultancy for an innovative project with highly uncertain scope and unknown technical duration. Which contract structure protects the buyer while incentivizing performance?', 61, 1, true),
  ('9442c7d1-a74c-7ce1-0cae-70c9bcc99376'::uuid, '7816b3d7-602f-ddb0-345d-1a921c5a3fa6'::uuid, '[Make-or-Buy Analysis - Scenario 62] During procurement planning, a enterprise software firm evaluates whether to build an internal customer portal or buy a SaaS solution. Internal build costs $200k upfront plus $10k/year maintenance. SaaS costs $50k/year. What is the financial break-even horizon?', 62, 1, true),
  ('f47b2115-bc09-f783-7812-ece8e6d456a7'::uuid, '7816b3d7-602f-ddb0-345d-1a921c5a3fa6'::uuid, '[Vendor Negotiation & Bidding - Scenario 63] During RFP evaluation for an infrastructure contractor, a buyer receives four bids. One bid is 40% lower than industry benchmarks. What is the most prudent procurement action?', 63, 1, true),
  ('249cf0ed-ed25-f1a9-50fe-264d771064d2'::uuid, '7816b3d7-602f-ddb0-345d-1a921c5a3fa6'::uuid, '[Contract Administration & Changes - Scenario 64] A vendor executes a minor requested scope change directly based on verbal instructions from a project engineer, without a signed Change Order. Upon invoice submission, the buyer''s procurement officer refuses payment. Why?', 64, 1, true),
  ('99dc2e73-4d46-a4da-29da-47f39005995d'::uuid, '7816b3d7-602f-ddb0-345d-1a921c5a3fa6'::uuid, '[Contract Closeout & Dispute Resolution - Scenario 65] At the conclusion of a major construction contract, what document must be secured from the contractor before releasing final retention payments?', 65, 1, true),
  ('f4a565a6-75e9-8752-8e1d-638fb527c495'::uuid, '7816b3d7-602f-ddb0-345d-1a921c5a3fa6'::uuid, '[Contract Type Selection - Scenario 66] An organization needs to hire a research consultancy for an innovative project with highly uncertain scope and unknown technical duration. Which contract structure protects the buyer while incentivizing performance?', 66, 1, true),
  ('3310d6ed-c5f6-5638-91b1-44ab6a15764c'::uuid, '7816b3d7-602f-ddb0-345d-1a921c5a3fa6'::uuid, '[Make-or-Buy Analysis - Scenario 67] During procurement planning, a enterprise software firm evaluates whether to build an internal customer portal or buy a SaaS solution. Internal build costs $200k upfront plus $10k/year maintenance. SaaS costs $50k/year. What is the financial break-even horizon?', 67, 1, true),
  ('533dd829-672d-d2de-5519-3b8084b3da1f'::uuid, '7816b3d7-602f-ddb0-345d-1a921c5a3fa6'::uuid, '[Vendor Negotiation & Bidding - Scenario 68] During RFP evaluation for an infrastructure contractor, a buyer receives four bids. One bid is 40% lower than industry benchmarks. What is the most prudent procurement action?', 68, 1, true),
  ('a64e27bb-fbd3-38bf-4a35-37d1138c17fb'::uuid, '7816b3d7-602f-ddb0-345d-1a921c5a3fa6'::uuid, '[Contract Administration & Changes - Scenario 69] A vendor executes a minor requested scope change directly based on verbal instructions from a project engineer, without a signed Change Order. Upon invoice submission, the buyer''s procurement officer refuses payment. Why?', 69, 1, true),
  ('a8871729-38b0-291b-00e3-db7a83d46f24'::uuid, '7816b3d7-602f-ddb0-345d-1a921c5a3fa6'::uuid, '[Contract Closeout & Dispute Resolution - Scenario 70] At the conclusion of a major construction contract, what document must be secured from the contractor before releasing final retention payments?', 70, 1, true),
  ('841fbf97-5d0d-9234-6b32-2de883f36f72'::uuid, '7816b3d7-602f-ddb0-345d-1a921c5a3fa6'::uuid, '[Contract Type Selection - Scenario 71] An organization needs to hire a research consultancy for an innovative project with highly uncertain scope and unknown technical duration. Which contract structure protects the buyer while incentivizing performance?', 71, 1, true),
  ('aa08df18-d7ac-776f-25a7-b1dd9754cf56'::uuid, '7816b3d7-602f-ddb0-345d-1a921c5a3fa6'::uuid, '[Make-or-Buy Analysis - Scenario 72] During procurement planning, a enterprise software firm evaluates whether to build an internal customer portal or buy a SaaS solution. Internal build costs $200k upfront plus $10k/year maintenance. SaaS costs $50k/year. What is the financial break-even horizon?', 72, 1, true),
  ('54a53bbe-f1c1-4253-3efe-82ed0c8fda1a'::uuid, '7816b3d7-602f-ddb0-345d-1a921c5a3fa6'::uuid, '[Vendor Negotiation & Bidding - Scenario 73] During RFP evaluation for an infrastructure contractor, a buyer receives four bids. One bid is 40% lower than industry benchmarks. What is the most prudent procurement action?', 73, 1, true),
  ('c4aeb529-e795-282c-77a3-87fc303f4aa9'::uuid, '7816b3d7-602f-ddb0-345d-1a921c5a3fa6'::uuid, '[Contract Administration & Changes - Scenario 74] A vendor executes a minor requested scope change directly based on verbal instructions from a project engineer, without a signed Change Order. Upon invoice submission, the buyer''s procurement officer refuses payment. Why?', 74, 1, true),
  ('2dbb3a9e-6aa1-8e99-2383-e443099733ac'::uuid, '7816b3d7-602f-ddb0-345d-1a921c5a3fa6'::uuid, '[Contract Closeout & Dispute Resolution - Scenario 75] At the conclusion of a major construction contract, what document must be secured from the contractor before releasing final retention payments?', 75, 1, true)
on conflict (id) do update
set examination_id = excluded.examination_id,
    question_text = excluded.question_text,
    position = excluded.position,
    points = excluded.points,
    is_active = true,
    updated_at = now();

insert into public.question_options (id, question_id, option_text, position)
values
  ('09303749-52ea-f724-e9fb-549bccecdc86'::uuid, '3a8dbdfa-e489-043b-ff31-6cd6a66502d0'::uuid, 'Cost Plus Incentive Fee (CPIF) or Time and Materials (T&M) with a strict Ceiling Price.', 1),
  ('c09d1e1b-66a7-f9a0-d728-93be002afc64'::uuid, '3a8dbdfa-e489-043b-ff31-6cd6a66502d0'::uuid, 'Firm Fixed Price (FFP) without any scope adjustment clause.', 2),
  ('414eafb9-5884-8c39-f008-368452efeab9'::uuid, '3a8dbdfa-e489-043b-ff31-6cd6a66502d0'::uuid, 'Unfunded Purchase Order with vague payment terms.', 3),
  ('bab31293-e84f-ed41-17c6-013e20e0f178'::uuid, '3a8dbdfa-e489-043b-ff31-6cd6a66502d0'::uuid, 'Fixed Price with Economic Price Adjustment linked solely to CPI index.', 4),
  ('c8466d28-392f-6f5e-35bd-4fb28a6d208b'::uuid, '7d49d1d7-f09c-5843-ea7f-4e0abfd45038'::uuid, '1 year.', 1),
  ('77c130a6-e1ba-c3ba-6779-49aadb18975a'::uuid, '7d49d1d7-f09c-5843-ea7f-4e0abfd45038'::uuid, '5 years.', 2),
  ('42730a24-e81a-edcd-d716-346d9b19f8e2'::uuid, '7d49d1d7-f09c-5843-ea7f-4e0abfd45038'::uuid, '10 years.', 3),
  ('28bfd5f6-dc26-d9c9-b7e0-db1151df2649'::uuid, '7d49d1d7-f09c-5843-ea7f-4e0abfd45038'::uuid, '20 years.', 4),
  ('dd7c6b62-f27c-54e8-2b75-c65ab1554083'::uuid, '6d103ddc-74a4-b985-9c0d-f7ba478dc712'::uuid, 'Award the contract immediately without reviewing technical capabilities.', 1),
  ('6b194dfc-0047-4d1f-65e2-1801c046148f'::uuid, '6d103ddc-74a4-b985-9c0d-f7ba478dc712'::uuid, 'Disqualify all four vendors and cancel the infrastructure initiative.', 2),
  ('add83671-661b-ed4a-58e1-46d6b80588a6'::uuid, '6d103ddc-74a4-b985-9c0d-f7ba478dc712'::uuid, 'Conduct a formal price-reasonableness audit and request clarification to ensure the bidder understood scope requirements.', 3),
  ('7dc64593-e39b-0cc6-a6b7-23a500a17072'::uuid, '6d103ddc-74a4-b985-9c0d-f7ba478dc712'::uuid, 'Force the second lowest bidder to match the abnormally low price.', 4),
  ('fefdfbc0-705d-af05-10a6-f6335bc035d0'::uuid, 'd60ec768-b82d-d55d-0acd-884cb8a6f8e8'::uuid, 'Project engineers are legally forbidden from talking to vendors.', 1),
  ('7e7e5b57-e015-82e1-88dd-68348aa99d02'::uuid, 'd60ec768-b82d-d55d-0acd-884cb8a6f8e8'::uuid, 'Scope changes are illegal under international trade law.', 2),
  ('0b85077e-f802-2116-0261-7e3d3fdc6538'::uuid, 'd60ec768-b82d-d55d-0acd-884cb8a6f8e8'::uuid, 'The vendor failed to submit a patent registration for the change.', 3),
  ('236df2ab-1536-7048-b531-f3b751818d78'::uuid, 'd60ec768-b82d-d55d-0acd-884cb8a6f8e8'::uuid, 'Only authorized procurement personnel/contracting officers hold legal authority to commit contract variations.', 4),
  ('7228116d-761f-1a3b-ed41-88e67657140f'::uuid, '3ea4f3ca-a935-30db-59b6-d42e0a13a978'::uuid, 'A formal Lien Waiver and Certificate of Final Completion releasing the buyer from future subcontractor claims.', 1),
  ('d9b9f474-4304-1f2b-279a-bf1e432f460d'::uuid, '3ea4f3ca-a935-30db-59b6-d42e0a13a978'::uuid, 'A copy of the contractor''s corporate annual tax return.', 2),
  ('aaa9ddf6-05c7-332f-b619-a84161557b42'::uuid, '3ea4f3ca-a935-30db-59b6-d42e0a13a978'::uuid, 'An informal email stating that everyone enjoyed working on the project.', 3),
  ('356d1d60-f1d0-2f7e-8566-90297f1dac02'::uuid, '3ea4f3ca-a935-30db-59b6-d42e0a13a978'::uuid, 'A verbal promise from the site foreman.', 4),
  ('93e23d2e-d913-44c4-f1f6-742377361221'::uuid, '476d3ee9-ed76-0892-2110-18787cf5cf3d'::uuid, 'Firm Fixed Price (FFP) without any scope adjustment clause.', 1),
  ('b12f2f1c-ef6a-0c4e-f109-6a1d68575948'::uuid, '476d3ee9-ed76-0892-2110-18787cf5cf3d'::uuid, 'Cost Plus Incentive Fee (CPIF) or Time and Materials (T&M) with a strict Ceiling Price.', 2),
  ('23e50da3-67c5-f588-832d-7029b804e36f'::uuid, '476d3ee9-ed76-0892-2110-18787cf5cf3d'::uuid, 'Unfunded Purchase Order with vague payment terms.', 3),
  ('a8febe30-03a9-b24e-d713-0cb0f36e0690'::uuid, '476d3ee9-ed76-0892-2110-18787cf5cf3d'::uuid, 'Fixed Price with Economic Price Adjustment linked solely to CPI index.', 4),
  ('25a94236-efe8-f1d9-154e-53d8c41e9eca'::uuid, '205d36e9-32d2-0eff-e6ae-f961777b8e92'::uuid, '1 year.', 1),
  ('6834fd4d-9107-65fe-f25a-e34634fb0091'::uuid, '205d36e9-32d2-0eff-e6ae-f961777b8e92'::uuid, '10 years.', 2),
  ('84d37a68-bc42-7b2f-3c0e-9649a2a62225'::uuid, '205d36e9-32d2-0eff-e6ae-f961777b8e92'::uuid, '5 years.', 3),
  ('592e1213-d4c4-1c77-535b-8a81f0fe9c2c'::uuid, '205d36e9-32d2-0eff-e6ae-f961777b8e92'::uuid, '20 years.', 4),
  ('a953ddc5-7532-0370-12fe-26b17a2a46e9'::uuid, '06cd9eaf-20dc-1cb8-6c8f-0ad8ce2016e7'::uuid, 'Award the contract immediately without reviewing technical capabilities.', 1),
  ('a5f98c10-4842-ba30-0eb9-12431994c3b5'::uuid, '06cd9eaf-20dc-1cb8-6c8f-0ad8ce2016e7'::uuid, 'Disqualify all four vendors and cancel the infrastructure initiative.', 2),
  ('9a770acf-fe1e-6de5-15a2-d68531966139'::uuid, '06cd9eaf-20dc-1cb8-6c8f-0ad8ce2016e7'::uuid, 'Force the second lowest bidder to match the abnormally low price.', 3),
  ('cf6221b0-0c5c-2557-b998-44b2bcec579f'::uuid, '06cd9eaf-20dc-1cb8-6c8f-0ad8ce2016e7'::uuid, 'Conduct a formal price-reasonableness audit and request clarification to ensure the bidder understood scope requirements.', 4),
  ('c5d1f310-d7f1-0468-7fe9-d9bf5cafe3d6'::uuid, 'ae1ee5fd-c746-3c6e-2aae-90a2d8661d32'::uuid, 'Only authorized procurement personnel/contracting officers hold legal authority to commit contract variations.', 1),
  ('f52e14a3-3db6-ef74-7809-dc353e269b87'::uuid, 'ae1ee5fd-c746-3c6e-2aae-90a2d8661d32'::uuid, 'Project engineers are legally forbidden from talking to vendors.', 2),
  ('04498b72-05bb-6fcb-9472-dadbc1a6a609'::uuid, 'ae1ee5fd-c746-3c6e-2aae-90a2d8661d32'::uuid, 'Scope changes are illegal under international trade law.', 3),
  ('e2a66bba-c41c-dee4-2541-153c26536072'::uuid, 'ae1ee5fd-c746-3c6e-2aae-90a2d8661d32'::uuid, 'The vendor failed to submit a patent registration for the change.', 4),
  ('36a0f260-13fe-08b7-ae79-324350bc5f75'::uuid, '1489b14c-c8aa-1b4a-fce1-5f037cbaccdb'::uuid, 'A copy of the contractor''s corporate annual tax return.', 1),
  ('bd00c60e-42d8-6c0f-f029-187901136832'::uuid, '1489b14c-c8aa-1b4a-fce1-5f037cbaccdb'::uuid, 'A formal Lien Waiver and Certificate of Final Completion releasing the buyer from future subcontractor claims.', 2),
  ('33a88fc3-962e-e311-df2e-2abfcd8bf497'::uuid, '1489b14c-c8aa-1b4a-fce1-5f037cbaccdb'::uuid, 'An informal email stating that everyone enjoyed working on the project.', 3),
  ('2223b6f5-cf39-49e1-8060-5454c42980ea'::uuid, '1489b14c-c8aa-1b4a-fce1-5f037cbaccdb'::uuid, 'A verbal promise from the site foreman.', 4),
  ('0952a4c4-7a97-5b29-05ad-d3c26641c2e5'::uuid, '2763b7cb-7f68-0e54-ee4a-ef5c2a28a5b8'::uuid, 'Firm Fixed Price (FFP) without any scope adjustment clause.', 1),
  ('7a762a76-96e5-8a40-4ac9-a0ec53a30afe'::uuid, '2763b7cb-7f68-0e54-ee4a-ef5c2a28a5b8'::uuid, 'Unfunded Purchase Order with vague payment terms.', 2),
  ('0a9072e8-0a0d-d9b7-e00e-9bd3928a7af8'::uuid, '2763b7cb-7f68-0e54-ee4a-ef5c2a28a5b8'::uuid, 'Cost Plus Incentive Fee (CPIF) or Time and Materials (T&M) with a strict Ceiling Price.', 3),
  ('69e820da-4b12-5647-dceb-1206406e539d'::uuid, '2763b7cb-7f68-0e54-ee4a-ef5c2a28a5b8'::uuid, 'Fixed Price with Economic Price Adjustment linked solely to CPI index.', 4),
  ('c2b865e7-afd5-0e3b-7437-d4c94fb90a92'::uuid, '2f2ae01d-f9f2-74c5-82e7-74a4f5b117fb'::uuid, '1 year.', 1),
  ('a51108b2-9498-6929-cf76-c96ecdf5200a'::uuid, '2f2ae01d-f9f2-74c5-82e7-74a4f5b117fb'::uuid, '10 years.', 2),
  ('1a189386-4f92-74ea-9fbb-8c6339fced3d'::uuid, '2f2ae01d-f9f2-74c5-82e7-74a4f5b117fb'::uuid, '20 years.', 3),
  ('cee01c23-5e59-bc02-5f99-bee35a64d1e6'::uuid, '2f2ae01d-f9f2-74c5-82e7-74a4f5b117fb'::uuid, '5 years.', 4),
  ('006c5039-1fb2-29f5-e2b2-70c6a5235a3e'::uuid, '6cd36d47-b27f-6842-6559-f9701f680d49'::uuid, 'Conduct a formal price-reasonableness audit and request clarification to ensure the bidder understood scope requirements.', 1),
  ('9f64b69e-7ae1-72c6-2184-ece4b411480d'::uuid, '6cd36d47-b27f-6842-6559-f9701f680d49'::uuid, 'Award the contract immediately without reviewing technical capabilities.', 2),
  ('d88dc55d-745a-036d-4752-dca4d8a3c7e1'::uuid, '6cd36d47-b27f-6842-6559-f9701f680d49'::uuid, 'Disqualify all four vendors and cancel the infrastructure initiative.', 3),
  ('2fb0bb60-048a-251e-9a37-6bdea0bb2ab6'::uuid, '6cd36d47-b27f-6842-6559-f9701f680d49'::uuid, 'Force the second lowest bidder to match the abnormally low price.', 4),
  ('9a54cb26-a0d1-f5d3-111d-3e7cb70e7f2c'::uuid, 'c4c1cae0-816c-1c11-2b05-a026f7dfc2e9'::uuid, 'Project engineers are legally forbidden from talking to vendors.', 1),
  ('43285bd3-37b3-008c-b830-112ff12542cb'::uuid, 'c4c1cae0-816c-1c11-2b05-a026f7dfc2e9'::uuid, 'Only authorized procurement personnel/contracting officers hold legal authority to commit contract variations.', 2),
  ('686dc0ba-f53f-a52f-c65e-75aac33510aa'::uuid, 'c4c1cae0-816c-1c11-2b05-a026f7dfc2e9'::uuid, 'Scope changes are illegal under international trade law.', 3),
  ('4c977072-615b-037a-67ea-dc0b39d73030'::uuid, 'c4c1cae0-816c-1c11-2b05-a026f7dfc2e9'::uuid, 'The vendor failed to submit a patent registration for the change.', 4),
  ('238861ac-8f96-b26c-c052-732e49055560'::uuid, 'b644bd4a-073d-8124-4075-7e38d050082c'::uuid, 'A copy of the contractor''s corporate annual tax return.', 1),
  ('b0d195ba-5b23-a344-500b-c30cf6fb5368'::uuid, 'b644bd4a-073d-8124-4075-7e38d050082c'::uuid, 'An informal email stating that everyone enjoyed working on the project.', 2),
  ('b6daacba-f898-497a-53e3-502184985794'::uuid, 'b644bd4a-073d-8124-4075-7e38d050082c'::uuid, 'A formal Lien Waiver and Certificate of Final Completion releasing the buyer from future subcontractor claims.', 3),
  ('9d96454c-1a4f-66ba-7ff9-55a3a89a3c3a'::uuid, 'b644bd4a-073d-8124-4075-7e38d050082c'::uuid, 'A verbal promise from the site foreman.', 4),
  ('913fe707-3069-54b6-ad7f-dfd682cbdf7a'::uuid, 'c5818bac-ba4c-9ea1-b35f-8ab4dc3288dc'::uuid, 'Firm Fixed Price (FFP) without any scope adjustment clause.', 1),
  ('5b8bb0cd-af7a-7e73-88df-9c53ae1b9a22'::uuid, 'c5818bac-ba4c-9ea1-b35f-8ab4dc3288dc'::uuid, 'Unfunded Purchase Order with vague payment terms.', 2),
  ('6ec80e77-115a-8e12-a70c-3b1e89f0acdf'::uuid, 'c5818bac-ba4c-9ea1-b35f-8ab4dc3288dc'::uuid, 'Fixed Price with Economic Price Adjustment linked solely to CPI index.', 3),
  ('d5e48f86-1bea-49d9-9e6d-3cb3bf11a38a'::uuid, 'c5818bac-ba4c-9ea1-b35f-8ab4dc3288dc'::uuid, 'Cost Plus Incentive Fee (CPIF) or Time and Materials (T&M) with a strict Ceiling Price.', 4),
  ('fcef4426-b70c-4ff5-55fb-932df1ba1172'::uuid, '39ff0a0d-7ae9-3dfc-d15e-d2ed76669c58'::uuid, '5 years.', 1),
  ('f6e4e34c-83ca-b6ba-c43b-ea70c4b49ea1'::uuid, '39ff0a0d-7ae9-3dfc-d15e-d2ed76669c58'::uuid, '1 year.', 2),
  ('34719ac9-c36b-0df2-fc7d-5e16e6dd4bc6'::uuid, '39ff0a0d-7ae9-3dfc-d15e-d2ed76669c58'::uuid, '10 years.', 3),
  ('580ee215-1118-bb35-0212-c206f5d25d7e'::uuid, '39ff0a0d-7ae9-3dfc-d15e-d2ed76669c58'::uuid, '20 years.', 4),
  ('8dd9ca2a-be03-5631-4453-b53edca5e4fc'::uuid, '467b482c-c64b-2c66-c690-3a6c05918867'::uuid, 'Award the contract immediately without reviewing technical capabilities.', 1),
  ('db8484b3-65e3-0f40-8a01-73b5f8471555'::uuid, '467b482c-c64b-2c66-c690-3a6c05918867'::uuid, 'Conduct a formal price-reasonableness audit and request clarification to ensure the bidder understood scope requirements.', 2),
  ('04367bf3-5c8a-3787-b6d6-91e39054be77'::uuid, '467b482c-c64b-2c66-c690-3a6c05918867'::uuid, 'Disqualify all four vendors and cancel the infrastructure initiative.', 3),
  ('a212202c-6811-2ed8-9002-4f3c8233224d'::uuid, '467b482c-c64b-2c66-c690-3a6c05918867'::uuid, 'Force the second lowest bidder to match the abnormally low price.', 4),
  ('6504cbb8-94c9-832f-0622-5825a586174c'::uuid, '2fe132b3-086a-de91-e946-78ae8aafb0fa'::uuid, 'Project engineers are legally forbidden from talking to vendors.', 1),
  ('fd05e33a-d8ca-bb59-b43e-e95370ea2c59'::uuid, '2fe132b3-086a-de91-e946-78ae8aafb0fa'::uuid, 'Scope changes are illegal under international trade law.', 2),
  ('d9d0e31d-1be8-234a-0d21-314d1f497153'::uuid, '2fe132b3-086a-de91-e946-78ae8aafb0fa'::uuid, 'Only authorized procurement personnel/contracting officers hold legal authority to commit contract variations.', 3),
  ('ca4e39c6-9915-5c10-4d4a-b2605d297b38'::uuid, '2fe132b3-086a-de91-e946-78ae8aafb0fa'::uuid, 'The vendor failed to submit a patent registration for the change.', 4),
  ('5c35c3de-6b9f-dfb3-fa7c-276e20f36738'::uuid, '11ad892f-cb8f-cf07-c4cf-89e2b6d129e7'::uuid, 'A copy of the contractor''s corporate annual tax return.', 1),
  ('558bca21-8174-84b6-2566-afa7f89eb15d'::uuid, '11ad892f-cb8f-cf07-c4cf-89e2b6d129e7'::uuid, 'An informal email stating that everyone enjoyed working on the project.', 2),
  ('58ed63cf-e06d-efe8-9063-48d4f8c63709'::uuid, '11ad892f-cb8f-cf07-c4cf-89e2b6d129e7'::uuid, 'A verbal promise from the site foreman.', 3),
  ('623942c4-9178-3b98-5100-9df5205e2569'::uuid, '11ad892f-cb8f-cf07-c4cf-89e2b6d129e7'::uuid, 'A formal Lien Waiver and Certificate of Final Completion releasing the buyer from future subcontractor claims.', 4),
  ('b210bdd0-38dc-1807-92c0-4bd20962aa69'::uuid, 'c47903bf-664a-97d8-df94-1a868a62625e'::uuid, 'Cost Plus Incentive Fee (CPIF) or Time and Materials (T&M) with a strict Ceiling Price.', 1),
  ('93c5fd32-296f-2af7-01cd-719c0788530a'::uuid, 'c47903bf-664a-97d8-df94-1a868a62625e'::uuid, 'Firm Fixed Price (FFP) without any scope adjustment clause.', 2),
  ('e609cea6-3c00-a875-c096-dafed7da0491'::uuid, 'c47903bf-664a-97d8-df94-1a868a62625e'::uuid, 'Unfunded Purchase Order with vague payment terms.', 3),
  ('f9a60ee2-df77-364c-d63b-f6d6803dddf9'::uuid, 'c47903bf-664a-97d8-df94-1a868a62625e'::uuid, 'Fixed Price with Economic Price Adjustment linked solely to CPI index.', 4),
  ('bd39bd04-a41b-8f17-55c5-96b2331dec0e'::uuid, 'eb9d8207-cf97-ed4d-b75f-bf0e66b3bdec'::uuid, '1 year.', 1),
  ('9114e4d5-709e-4221-6777-b3260270af14'::uuid, 'eb9d8207-cf97-ed4d-b75f-bf0e66b3bdec'::uuid, '5 years.', 2),
  ('8e0ba012-bb66-bba0-48b6-d7130dfc6cd3'::uuid, 'eb9d8207-cf97-ed4d-b75f-bf0e66b3bdec'::uuid, '10 years.', 3),
  ('5f2f946d-7baf-1fcf-a66f-f92c4d6aed0f'::uuid, 'eb9d8207-cf97-ed4d-b75f-bf0e66b3bdec'::uuid, '20 years.', 4),
  ('d6fb906f-a44d-ca1a-f201-80fd2a13c00f'::uuid, '0b295353-2698-c306-1da0-d5a6dce2362d'::uuid, 'Award the contract immediately without reviewing technical capabilities.', 1),
  ('8e7472df-6ab6-7282-636b-4a3fdc964a08'::uuid, '0b295353-2698-c306-1da0-d5a6dce2362d'::uuid, 'Disqualify all four vendors and cancel the infrastructure initiative.', 2),
  ('1a4c6f2f-1bbc-3faf-6670-915392478c16'::uuid, '0b295353-2698-c306-1da0-d5a6dce2362d'::uuid, 'Conduct a formal price-reasonableness audit and request clarification to ensure the bidder understood scope requirements.', 3),
  ('b01d48b6-4d73-f401-e036-838c736d3685'::uuid, '0b295353-2698-c306-1da0-d5a6dce2362d'::uuid, 'Force the second lowest bidder to match the abnormally low price.', 4),
  ('e6906a67-be22-7036-70f7-85805ed82740'::uuid, '446a824d-68e1-0cc6-cb3a-1d3936c4cbb7'::uuid, 'Project engineers are legally forbidden from talking to vendors.', 1),
  ('8bbf01ad-db77-092d-dcdd-c969d2d2d632'::uuid, '446a824d-68e1-0cc6-cb3a-1d3936c4cbb7'::uuid, 'Scope changes are illegal under international trade law.', 2),
  ('67254105-3c87-2582-f03e-dd228fb5ae9a'::uuid, '446a824d-68e1-0cc6-cb3a-1d3936c4cbb7'::uuid, 'The vendor failed to submit a patent registration for the change.', 3),
  ('aed3c707-9472-911b-f1b0-1b54abb7d3ce'::uuid, '446a824d-68e1-0cc6-cb3a-1d3936c4cbb7'::uuid, 'Only authorized procurement personnel/contracting officers hold legal authority to commit contract variations.', 4),
  ('b5006a80-f3b6-07dd-fa20-7c732e2ef9d0'::uuid, 'ba84c3fe-961a-63ad-0f95-80ef63e5d5c6'::uuid, 'A formal Lien Waiver and Certificate of Final Completion releasing the buyer from future subcontractor claims.', 1),
  ('517b573f-347c-9d73-f281-c53e23454989'::uuid, 'ba84c3fe-961a-63ad-0f95-80ef63e5d5c6'::uuid, 'A copy of the contractor''s corporate annual tax return.', 2),
  ('88ea69d1-4c17-b278-696f-b9bbee232f7f'::uuid, 'ba84c3fe-961a-63ad-0f95-80ef63e5d5c6'::uuid, 'An informal email stating that everyone enjoyed working on the project.', 3),
  ('24ef14db-961b-4e7d-c78d-d375e3997f38'::uuid, 'ba84c3fe-961a-63ad-0f95-80ef63e5d5c6'::uuid, 'A verbal promise from the site foreman.', 4),
  ('2013aa39-5d7f-21cc-a579-2a3131ba2d00'::uuid, '89e14245-3866-0966-2a94-67ab489ae552'::uuid, 'Firm Fixed Price (FFP) without any scope adjustment clause.', 1),
  ('65266cab-b07d-5874-8980-b7853b2acc79'::uuid, '89e14245-3866-0966-2a94-67ab489ae552'::uuid, 'Cost Plus Incentive Fee (CPIF) or Time and Materials (T&M) with a strict Ceiling Price.', 2),
  ('04faf9a3-96e2-a750-94e2-17b34c386934'::uuid, '89e14245-3866-0966-2a94-67ab489ae552'::uuid, 'Unfunded Purchase Order with vague payment terms.', 3),
  ('bfbe515f-3a93-b491-8014-f01029d94554'::uuid, '89e14245-3866-0966-2a94-67ab489ae552'::uuid, 'Fixed Price with Economic Price Adjustment linked solely to CPI index.', 4),
  ('a71d62c3-7e77-55e3-04ab-7c428045e0a6'::uuid, '718f0388-b180-e3ce-5824-3143fad467fa'::uuid, '1 year.', 1),
  ('9bde2f01-e34f-8e95-e9b5-0180ce50ce8c'::uuid, '718f0388-b180-e3ce-5824-3143fad467fa'::uuid, '10 years.', 2),
  ('88f5aa62-519a-5280-b886-038fe6096ef3'::uuid, '718f0388-b180-e3ce-5824-3143fad467fa'::uuid, '5 years.', 3),
  ('666786d7-5e81-cc45-f585-c68fe3e13fe0'::uuid, '718f0388-b180-e3ce-5824-3143fad467fa'::uuid, '20 years.', 4),
  ('70fcb0b5-934b-9613-f540-8729dd598d78'::uuid, '28eb9bb8-5d02-7cf5-ba9d-77c899a05162'::uuid, 'Award the contract immediately without reviewing technical capabilities.', 1),
  ('21ae67b9-4257-3eef-009b-282d26d3870b'::uuid, '28eb9bb8-5d02-7cf5-ba9d-77c899a05162'::uuid, 'Disqualify all four vendors and cancel the infrastructure initiative.', 2),
  ('f118d660-69e7-921c-ca65-bca1e210e1de'::uuid, '28eb9bb8-5d02-7cf5-ba9d-77c899a05162'::uuid, 'Force the second lowest bidder to match the abnormally low price.', 3),
  ('be6ade41-82a8-a2a3-0bd1-bdeefe3461ec'::uuid, '28eb9bb8-5d02-7cf5-ba9d-77c899a05162'::uuid, 'Conduct a formal price-reasonableness audit and request clarification to ensure the bidder understood scope requirements.', 4),
  ('66ff2599-5f87-9344-afde-e6451bcd541c'::uuid, '1954fc0e-eacf-1a86-6b4f-1578c16bc903'::uuid, 'Only authorized procurement personnel/contracting officers hold legal authority to commit contract variations.', 1),
  ('66620933-918b-29da-ecc0-687501e2a21f'::uuid, '1954fc0e-eacf-1a86-6b4f-1578c16bc903'::uuid, 'Project engineers are legally forbidden from talking to vendors.', 2),
  ('5ac3f284-1c87-8c63-df61-3861bffe9555'::uuid, '1954fc0e-eacf-1a86-6b4f-1578c16bc903'::uuid, 'Scope changes are illegal under international trade law.', 3),
  ('febdf60b-623f-3a5e-1aef-a90469e44bb6'::uuid, '1954fc0e-eacf-1a86-6b4f-1578c16bc903'::uuid, 'The vendor failed to submit a patent registration for the change.', 4),
  ('85292c0f-041b-67c1-5953-42a1f6f18125'::uuid, '6d058070-b7c0-03cc-2e24-173ee73fe922'::uuid, 'A copy of the contractor''s corporate annual tax return.', 1),
  ('734921b6-cc31-12e4-4812-53e168c2c07b'::uuid, '6d058070-b7c0-03cc-2e24-173ee73fe922'::uuid, 'A formal Lien Waiver and Certificate of Final Completion releasing the buyer from future subcontractor claims.', 2),
  ('7ad7b082-7f84-ba06-9f61-78d0f1ae194c'::uuid, '6d058070-b7c0-03cc-2e24-173ee73fe922'::uuid, 'An informal email stating that everyone enjoyed working on the project.', 3),
  ('db2b6137-c089-7a93-088e-e37f12ddfca1'::uuid, '6d058070-b7c0-03cc-2e24-173ee73fe922'::uuid, 'A verbal promise from the site foreman.', 4),
  ('81030e08-1375-ddaa-d973-b4434c771916'::uuid, '0b45d18f-99c3-3ee7-ece0-0093172740b3'::uuid, 'Firm Fixed Price (FFP) without any scope adjustment clause.', 1),
  ('45a062f9-c1ef-0b9e-65f5-20d282079105'::uuid, '0b45d18f-99c3-3ee7-ece0-0093172740b3'::uuid, 'Unfunded Purchase Order with vague payment terms.', 2),
  ('3d91efc2-cd56-94e7-0bf0-3026f13c205b'::uuid, '0b45d18f-99c3-3ee7-ece0-0093172740b3'::uuid, 'Cost Plus Incentive Fee (CPIF) or Time and Materials (T&M) with a strict Ceiling Price.', 3),
  ('4a265053-92c5-5eee-7734-abe1b78c42c4'::uuid, '0b45d18f-99c3-3ee7-ece0-0093172740b3'::uuid, 'Fixed Price with Economic Price Adjustment linked solely to CPI index.', 4),
  ('e89bb7ab-94bf-f207-743b-eb7277931b2f'::uuid, '32d9352e-9f95-0d80-2272-d6f930706e0c'::uuid, '1 year.', 1),
  ('b2491966-4cb9-86e0-78b4-864d0f3c7762'::uuid, '32d9352e-9f95-0d80-2272-d6f930706e0c'::uuid, '10 years.', 2),
  ('4418f0a6-6214-9175-f298-149f00fd94da'::uuid, '32d9352e-9f95-0d80-2272-d6f930706e0c'::uuid, '20 years.', 3),
  ('fa562ff3-8bcb-6784-ad35-1ff64e5063a9'::uuid, '32d9352e-9f95-0d80-2272-d6f930706e0c'::uuid, '5 years.', 4),
  ('9134e58f-8e83-1113-f9a1-6bdac3d12082'::uuid, 'ee59c27c-98b4-47df-4639-71fc53d28c90'::uuid, 'Conduct a formal price-reasonableness audit and request clarification to ensure the bidder understood scope requirements.', 1),
  ('0b84b329-0380-03fe-b1d6-0825d3a8a11b'::uuid, 'ee59c27c-98b4-47df-4639-71fc53d28c90'::uuid, 'Award the contract immediately without reviewing technical capabilities.', 2),
  ('51656ed5-01b8-e706-98f5-961e97b932d2'::uuid, 'ee59c27c-98b4-47df-4639-71fc53d28c90'::uuid, 'Disqualify all four vendors and cancel the infrastructure initiative.', 3),
  ('f8b03ef8-2552-77ca-f67f-829fd51f0ffd'::uuid, 'ee59c27c-98b4-47df-4639-71fc53d28c90'::uuid, 'Force the second lowest bidder to match the abnormally low price.', 4),
  ('474c7ef4-4c37-c14f-6755-c668c95ae987'::uuid, '8aac25a6-a8f6-e108-b9c9-eb9bfd888e6a'::uuid, 'Project engineers are legally forbidden from talking to vendors.', 1),
  ('4b023901-77cd-e449-9f82-353e3157808e'::uuid, '8aac25a6-a8f6-e108-b9c9-eb9bfd888e6a'::uuid, 'Only authorized procurement personnel/contracting officers hold legal authority to commit contract variations.', 2),
  ('907a5bfc-c8c0-8d0d-f5e8-755fb931850d'::uuid, '8aac25a6-a8f6-e108-b9c9-eb9bfd888e6a'::uuid, 'Scope changes are illegal under international trade law.', 3),
  ('aa9b5a2e-cdd2-003f-1e39-476b7881c36c'::uuid, '8aac25a6-a8f6-e108-b9c9-eb9bfd888e6a'::uuid, 'The vendor failed to submit a patent registration for the change.', 4),
  ('3c602675-aa6b-73ff-a871-0c920091ff49'::uuid, '8c78898d-e800-c419-b900-00df50670f12'::uuid, 'A copy of the contractor''s corporate annual tax return.', 1),
  ('cd41e957-be56-8eb2-fc21-624565004146'::uuid, '8c78898d-e800-c419-b900-00df50670f12'::uuid, 'An informal email stating that everyone enjoyed working on the project.', 2),
  ('f54863b4-4ba9-c915-7cc3-977d1d5c7271'::uuid, '8c78898d-e800-c419-b900-00df50670f12'::uuid, 'A formal Lien Waiver and Certificate of Final Completion releasing the buyer from future subcontractor claims.', 3),
  ('7821836a-3250-4ec0-b4bf-f1a2a87350c1'::uuid, '8c78898d-e800-c419-b900-00df50670f12'::uuid, 'A verbal promise from the site foreman.', 4),
  ('c38bd0f4-32f2-f76c-52e4-d9b8466366a5'::uuid, '8e208abb-ed93-c495-70a4-9a3945cda4eb'::uuid, 'Firm Fixed Price (FFP) without any scope adjustment clause.', 1),
  ('53ee3a1c-9b11-b8e7-5056-f653c1a6b41a'::uuid, '8e208abb-ed93-c495-70a4-9a3945cda4eb'::uuid, 'Unfunded Purchase Order with vague payment terms.', 2),
  ('63a4f935-431d-8413-9181-1a86111490a4'::uuid, '8e208abb-ed93-c495-70a4-9a3945cda4eb'::uuid, 'Fixed Price with Economic Price Adjustment linked solely to CPI index.', 3),
  ('c0ca9c21-3213-e4f3-24da-3c618b2c9a7b'::uuid, '8e208abb-ed93-c495-70a4-9a3945cda4eb'::uuid, 'Cost Plus Incentive Fee (CPIF) or Time and Materials (T&M) with a strict Ceiling Price.', 4),
  ('590f3a85-0cee-ab61-9412-789b26e179b8'::uuid, 'e845c847-49c0-287a-deb0-3d1d47fc68af'::uuid, '5 years.', 1),
  ('81ab2db1-2f7e-8d4b-0c7a-21f093f35ed5'::uuid, 'e845c847-49c0-287a-deb0-3d1d47fc68af'::uuid, '1 year.', 2),
  ('9487423b-9797-351c-c6a0-d9054f0f7d26'::uuid, 'e845c847-49c0-287a-deb0-3d1d47fc68af'::uuid, '10 years.', 3),
  ('ec406b6d-b567-0d6f-9fd1-06da21d0a28b'::uuid, 'e845c847-49c0-287a-deb0-3d1d47fc68af'::uuid, '20 years.', 4),
  ('25e42d10-d8c8-5215-9be5-f3b86f7767ba'::uuid, '07805e46-5959-3b81-d7de-1164020aab62'::uuid, 'Award the contract immediately without reviewing technical capabilities.', 1),
  ('1b5a18e4-7fed-e109-f99e-1e5b9ed1e210'::uuid, '07805e46-5959-3b81-d7de-1164020aab62'::uuid, 'Conduct a formal price-reasonableness audit and request clarification to ensure the bidder understood scope requirements.', 2),
  ('c48518ac-fb87-d7b7-22cb-d72f4a21209f'::uuid, '07805e46-5959-3b81-d7de-1164020aab62'::uuid, 'Disqualify all four vendors and cancel the infrastructure initiative.', 3),
  ('de65c04b-441b-fc7a-58be-c48803451f71'::uuid, '07805e46-5959-3b81-d7de-1164020aab62'::uuid, 'Force the second lowest bidder to match the abnormally low price.', 4),
  ('b78915d9-a68d-decf-baf1-b7a389444024'::uuid, '6a70dbc1-aff9-8cb6-61c3-d9f032db84bd'::uuid, 'Project engineers are legally forbidden from talking to vendors.', 1),
  ('d0417b97-43fd-cc0f-a9fe-49a8b06e59ac'::uuid, '6a70dbc1-aff9-8cb6-61c3-d9f032db84bd'::uuid, 'Scope changes are illegal under international trade law.', 2),
  ('fed80f7a-0045-d3e9-3e4a-e28b9aec5b2b'::uuid, '6a70dbc1-aff9-8cb6-61c3-d9f032db84bd'::uuid, 'Only authorized procurement personnel/contracting officers hold legal authority to commit contract variations.', 3),
  ('dccc3ab1-3e1f-4091-1a4b-8f8760bf6d60'::uuid, '6a70dbc1-aff9-8cb6-61c3-d9f032db84bd'::uuid, 'The vendor failed to submit a patent registration for the change.', 4),
  ('02f472fa-7288-26d1-b61a-369546bffc86'::uuid, '0004b569-17b8-c35b-d46a-fabf052000d6'::uuid, 'A copy of the contractor''s corporate annual tax return.', 1),
  ('dbc38747-3d6d-c2b1-a9b7-e4209e49d947'::uuid, '0004b569-17b8-c35b-d46a-fabf052000d6'::uuid, 'An informal email stating that everyone enjoyed working on the project.', 2),
  ('3f961663-2259-a95c-a88a-7b37b33e9f33'::uuid, '0004b569-17b8-c35b-d46a-fabf052000d6'::uuid, 'A verbal promise from the site foreman.', 3),
  ('548456df-3212-fab8-c2cc-72ca4315a547'::uuid, '0004b569-17b8-c35b-d46a-fabf052000d6'::uuid, 'A formal Lien Waiver and Certificate of Final Completion releasing the buyer from future subcontractor claims.', 4),
  ('f2058754-9d7e-5ad3-9bf0-95e031499d11'::uuid, '40fc3068-1580-d60c-f955-87edcf25996f'::uuid, 'Cost Plus Incentive Fee (CPIF) or Time and Materials (T&M) with a strict Ceiling Price.', 1),
  ('0908cac5-aa22-4644-9b4e-f5522b335d37'::uuid, '40fc3068-1580-d60c-f955-87edcf25996f'::uuid, 'Firm Fixed Price (FFP) without any scope adjustment clause.', 2),
  ('84d63e6e-f29a-870a-4adb-0bb80739732c'::uuid, '40fc3068-1580-d60c-f955-87edcf25996f'::uuid, 'Unfunded Purchase Order with vague payment terms.', 3),
  ('98296f1e-b1b9-81a7-eed4-f17d36feb38f'::uuid, '40fc3068-1580-d60c-f955-87edcf25996f'::uuid, 'Fixed Price with Economic Price Adjustment linked solely to CPI index.', 4),
  ('9b49c99b-f540-59d4-7e89-e38829ef5d91'::uuid, '411646c0-701e-a2fe-31bf-8d75e072adc5'::uuid, '1 year.', 1),
  ('5fb00621-c196-314e-30fe-86077cbf1ae9'::uuid, '411646c0-701e-a2fe-31bf-8d75e072adc5'::uuid, '5 years.', 2),
  ('bb9f9039-f566-630a-3af7-e403e6521558'::uuid, '411646c0-701e-a2fe-31bf-8d75e072adc5'::uuid, '10 years.', 3),
  ('b707f468-a5da-2593-38ba-e2966fe70d4c'::uuid, '411646c0-701e-a2fe-31bf-8d75e072adc5'::uuid, '20 years.', 4),
  ('60f3e569-e152-1747-1e23-ddeb348093a7'::uuid, 'db7a6602-0373-a5cd-fa6e-12c2f25566dd'::uuid, 'Award the contract immediately without reviewing technical capabilities.', 1),
  ('be4ce054-cd7c-1443-451a-d3fbe17f9bdc'::uuid, 'db7a6602-0373-a5cd-fa6e-12c2f25566dd'::uuid, 'Disqualify all four vendors and cancel the infrastructure initiative.', 2),
  ('4c514625-f12c-329d-2898-07ba9fc76656'::uuid, 'db7a6602-0373-a5cd-fa6e-12c2f25566dd'::uuid, 'Conduct a formal price-reasonableness audit and request clarification to ensure the bidder understood scope requirements.', 3),
  ('e7593ebe-7cfd-4d7d-932f-73bebf62faf1'::uuid, 'db7a6602-0373-a5cd-fa6e-12c2f25566dd'::uuid, 'Force the second lowest bidder to match the abnormally low price.', 4),
  ('85504fd5-c688-b65a-c38f-d5c324d77abb'::uuid, '0a28c17b-9fa1-e8c2-2942-7135428437da'::uuid, 'Project engineers are legally forbidden from talking to vendors.', 1),
  ('cde1d2d6-2c54-0be5-b5de-44f48d1adf63'::uuid, '0a28c17b-9fa1-e8c2-2942-7135428437da'::uuid, 'Scope changes are illegal under international trade law.', 2),
  ('f3f005b4-ba88-2c3e-6be9-f314bd036e9c'::uuid, '0a28c17b-9fa1-e8c2-2942-7135428437da'::uuid, 'The vendor failed to submit a patent registration for the change.', 3),
  ('fcf90a20-6ffd-ea23-f499-e800d0ecb3c0'::uuid, '0a28c17b-9fa1-e8c2-2942-7135428437da'::uuid, 'Only authorized procurement personnel/contracting officers hold legal authority to commit contract variations.', 4),
  ('cc5aef75-3092-8373-6d62-11c69c4618eb'::uuid, 'fc9d1869-aa6a-232a-41be-728571bd4625'::uuid, 'A formal Lien Waiver and Certificate of Final Completion releasing the buyer from future subcontractor claims.', 1),
  ('641e4006-dce7-81c1-f9e6-d7134f85dc4b'::uuid, 'fc9d1869-aa6a-232a-41be-728571bd4625'::uuid, 'A copy of the contractor''s corporate annual tax return.', 2),
  ('3a10e95a-06a2-550e-9beb-72f6bd97ee59'::uuid, 'fc9d1869-aa6a-232a-41be-728571bd4625'::uuid, 'An informal email stating that everyone enjoyed working on the project.', 3),
  ('e5555ef2-384d-3e3e-72c0-9a0c1af9f4ed'::uuid, 'fc9d1869-aa6a-232a-41be-728571bd4625'::uuid, 'A verbal promise from the site foreman.', 4),
  ('8a8929c0-7c81-9731-12ca-b16480d45926'::uuid, '0f5bec4e-8439-ccb5-e0f5-79afbc42b7f9'::uuid, 'Firm Fixed Price (FFP) without any scope adjustment clause.', 1),
  ('28c983d6-2310-2b0e-c974-16ca9210e03f'::uuid, '0f5bec4e-8439-ccb5-e0f5-79afbc42b7f9'::uuid, 'Cost Plus Incentive Fee (CPIF) or Time and Materials (T&M) with a strict Ceiling Price.', 2),
  ('50061de9-b7d7-6523-2c10-3bdf5b0ca49d'::uuid, '0f5bec4e-8439-ccb5-e0f5-79afbc42b7f9'::uuid, 'Unfunded Purchase Order with vague payment terms.', 3),
  ('d703695c-ae27-7abd-77a5-c5cb2040aa0b'::uuid, '0f5bec4e-8439-ccb5-e0f5-79afbc42b7f9'::uuid, 'Fixed Price with Economic Price Adjustment linked solely to CPI index.', 4),
  ('6d679d55-8e29-eaa1-2678-41a9a7ecff30'::uuid, 'f86ee64d-e44a-0da1-c3c0-c74adaeff00c'::uuid, '1 year.', 1),
  ('3db54621-d332-ab6d-9829-d0d1129328cd'::uuid, 'f86ee64d-e44a-0da1-c3c0-c74adaeff00c'::uuid, '10 years.', 2),
  ('95005e90-0702-8d1d-09f5-d3447b5078e1'::uuid, 'f86ee64d-e44a-0da1-c3c0-c74adaeff00c'::uuid, '5 years.', 3),
  ('fb0e7273-400a-5d6b-19fc-cf281eac76ad'::uuid, 'f86ee64d-e44a-0da1-c3c0-c74adaeff00c'::uuid, '20 years.', 4),
  ('80342a0f-d696-374f-54d5-12b8299d97c8'::uuid, 'f89eeb19-e0a4-9ed2-26cc-a0cc421375ff'::uuid, 'Award the contract immediately without reviewing technical capabilities.', 1),
  ('80775c8b-6739-0f44-b7a0-619ed6e763d3'::uuid, 'f89eeb19-e0a4-9ed2-26cc-a0cc421375ff'::uuid, 'Disqualify all four vendors and cancel the infrastructure initiative.', 2),
  ('5e1043c1-6acc-0bb5-fb7c-632c76cf5ca5'::uuid, 'f89eeb19-e0a4-9ed2-26cc-a0cc421375ff'::uuid, 'Force the second lowest bidder to match the abnormally low price.', 3),
  ('f6101060-2468-75d3-2df1-59ec64c1ec67'::uuid, 'f89eeb19-e0a4-9ed2-26cc-a0cc421375ff'::uuid, 'Conduct a formal price-reasonableness audit and request clarification to ensure the bidder understood scope requirements.', 4),
  ('e87abd25-846d-33f0-f9cf-b26bb965f071'::uuid, '07953838-4939-8528-ae49-9bf54fb54df9'::uuid, 'Only authorized procurement personnel/contracting officers hold legal authority to commit contract variations.', 1),
  ('fe072b89-75e6-db38-87f6-0fbdd9fd46b0'::uuid, '07953838-4939-8528-ae49-9bf54fb54df9'::uuid, 'Project engineers are legally forbidden from talking to vendors.', 2),
  ('354c2387-9146-9154-f02b-d486656ba361'::uuid, '07953838-4939-8528-ae49-9bf54fb54df9'::uuid, 'Scope changes are illegal under international trade law.', 3),
  ('7a21b65e-11e3-67bd-c346-27b656bc596e'::uuid, '07953838-4939-8528-ae49-9bf54fb54df9'::uuid, 'The vendor failed to submit a patent registration for the change.', 4),
  ('6a03bc03-12a2-c01b-437b-e6effd46da61'::uuid, '63459dae-8caa-5774-00ba-76045b7c9e59'::uuid, 'A copy of the contractor''s corporate annual tax return.', 1),
  ('a37397bb-a87a-a4d9-f2bf-ee2e7ff09574'::uuid, '63459dae-8caa-5774-00ba-76045b7c9e59'::uuid, 'A formal Lien Waiver and Certificate of Final Completion releasing the buyer from future subcontractor claims.', 2),
  ('05ddfd97-bdb6-8cfc-c603-2ec973904a96'::uuid, '63459dae-8caa-5774-00ba-76045b7c9e59'::uuid, 'An informal email stating that everyone enjoyed working on the project.', 3),
  ('f9455fe7-3b64-29ca-5489-7232c113c830'::uuid, '63459dae-8caa-5774-00ba-76045b7c9e59'::uuid, 'A verbal promise from the site foreman.', 4),
  ('99479259-39a7-8892-fed7-163474b6bb11'::uuid, 'adaac881-49e0-0999-ed63-f09ef929910d'::uuid, 'Firm Fixed Price (FFP) without any scope adjustment clause.', 1),
  ('3b1091a8-0d32-5faf-0e71-84d0fe8202ec'::uuid, 'adaac881-49e0-0999-ed63-f09ef929910d'::uuid, 'Unfunded Purchase Order with vague payment terms.', 2),
  ('1e666dbd-3233-36c2-b953-28f26d1a2661'::uuid, 'adaac881-49e0-0999-ed63-f09ef929910d'::uuid, 'Cost Plus Incentive Fee (CPIF) or Time and Materials (T&M) with a strict Ceiling Price.', 3),
  ('aafad460-9dbe-df33-872b-d4461ca738f2'::uuid, 'adaac881-49e0-0999-ed63-f09ef929910d'::uuid, 'Fixed Price with Economic Price Adjustment linked solely to CPI index.', 4),
  ('de8fc0a2-39f6-d74d-c874-a8ac0f14e2c6'::uuid, '657211af-b6c0-dd48-b061-68cc49c0d927'::uuid, '1 year.', 1),
  ('2a4d7ff3-0b37-ac39-ec2f-aa116bb77255'::uuid, '657211af-b6c0-dd48-b061-68cc49c0d927'::uuid, '10 years.', 2),
  ('591ef593-6ec6-5106-e646-8dfe3f1e25dd'::uuid, '657211af-b6c0-dd48-b061-68cc49c0d927'::uuid, '20 years.', 3),
  ('da8c7531-ef4b-f98f-f910-0571573bb45a'::uuid, '657211af-b6c0-dd48-b061-68cc49c0d927'::uuid, '5 years.', 4),
  ('3d996f59-a349-5bb6-e859-a8969b290fae'::uuid, '8f1cf5b3-9492-b052-0142-82814fac3e79'::uuid, 'Conduct a formal price-reasonableness audit and request clarification to ensure the bidder understood scope requirements.', 1),
  ('73568374-9544-5208-b20c-4a168a3c2d18'::uuid, '8f1cf5b3-9492-b052-0142-82814fac3e79'::uuid, 'Award the contract immediately without reviewing technical capabilities.', 2),
  ('c7b2c412-0ef0-1a6e-aaf2-72f169c4f2b8'::uuid, '8f1cf5b3-9492-b052-0142-82814fac3e79'::uuid, 'Disqualify all four vendors and cancel the infrastructure initiative.', 3),
  ('e2118a09-52cc-5bad-acb7-7274695f064a'::uuid, '8f1cf5b3-9492-b052-0142-82814fac3e79'::uuid, 'Force the second lowest bidder to match the abnormally low price.', 4),
  ('26b534cf-007b-ec07-a75a-8a1a64d5afc5'::uuid, '5e2e6003-cc5b-4f04-9b16-160cd0d4fe7e'::uuid, 'Project engineers are legally forbidden from talking to vendors.', 1),
  ('0f2ebc59-a194-07c9-362e-ba31fee734fc'::uuid, '5e2e6003-cc5b-4f04-9b16-160cd0d4fe7e'::uuid, 'Only authorized procurement personnel/contracting officers hold legal authority to commit contract variations.', 2),
  ('a0c094bf-e354-e508-d9ee-df99fa8bcd90'::uuid, '5e2e6003-cc5b-4f04-9b16-160cd0d4fe7e'::uuid, 'Scope changes are illegal under international trade law.', 3),
  ('12610ae7-f205-d60f-dd13-c62bf35151cb'::uuid, '5e2e6003-cc5b-4f04-9b16-160cd0d4fe7e'::uuid, 'The vendor failed to submit a patent registration for the change.', 4),
  ('aeadd51a-aee7-0611-8be7-c690bb89f534'::uuid, '27ba8383-01f3-2acc-abfc-c0a3d3ef29ca'::uuid, 'A copy of the contractor''s corporate annual tax return.', 1),
  ('b60c6ea0-146b-69fb-b9e5-362a54068e18'::uuid, '27ba8383-01f3-2acc-abfc-c0a3d3ef29ca'::uuid, 'An informal email stating that everyone enjoyed working on the project.', 2),
  ('ec6f023e-764f-9139-eb13-569d312dec67'::uuid, '27ba8383-01f3-2acc-abfc-c0a3d3ef29ca'::uuid, 'A formal Lien Waiver and Certificate of Final Completion releasing the buyer from future subcontractor claims.', 3),
  ('97b1f085-1338-d508-5e9a-53530d599664'::uuid, '27ba8383-01f3-2acc-abfc-c0a3d3ef29ca'::uuid, 'A verbal promise from the site foreman.', 4),
  ('bd8a6ba1-e4d7-4e59-7ebc-c12883a06ce7'::uuid, '39803bed-5314-8168-5c82-982b8c8d2a6f'::uuid, 'Firm Fixed Price (FFP) without any scope adjustment clause.', 1),
  ('78acec8d-f40e-e371-c91c-927dfcd21d34'::uuid, '39803bed-5314-8168-5c82-982b8c8d2a6f'::uuid, 'Unfunded Purchase Order with vague payment terms.', 2),
  ('48760cca-bb78-72bc-2b72-adefddd189a7'::uuid, '39803bed-5314-8168-5c82-982b8c8d2a6f'::uuid, 'Fixed Price with Economic Price Adjustment linked solely to CPI index.', 3),
  ('0c532747-8cd4-6ebf-cac1-b7951481974c'::uuid, '39803bed-5314-8168-5c82-982b8c8d2a6f'::uuid, 'Cost Plus Incentive Fee (CPIF) or Time and Materials (T&M) with a strict Ceiling Price.', 4),
  ('d7a05e1f-21ea-f2da-abde-dea7acac5b91'::uuid, '14762fc7-a09c-79eb-2a85-c32bed28540d'::uuid, '5 years.', 1),
  ('a4b0aca5-58c6-5f1f-3010-39815d417676'::uuid, '14762fc7-a09c-79eb-2a85-c32bed28540d'::uuid, '1 year.', 2),
  ('266354fa-fb7f-1de5-89a5-1d2e4ebacc40'::uuid, '14762fc7-a09c-79eb-2a85-c32bed28540d'::uuid, '10 years.', 3),
  ('626e8754-b881-ca93-fd0a-93a541dfb38f'::uuid, '14762fc7-a09c-79eb-2a85-c32bed28540d'::uuid, '20 years.', 4),
  ('f0823588-1cb4-7ff8-e4d4-b361095ebca0'::uuid, '8768960d-2ba3-01ea-4f80-5635225a2592'::uuid, 'Award the contract immediately without reviewing technical capabilities.', 1),
  ('6abfae4b-88ea-1f59-1dab-84d83e4cc83a'::uuid, '8768960d-2ba3-01ea-4f80-5635225a2592'::uuid, 'Conduct a formal price-reasonableness audit and request clarification to ensure the bidder understood scope requirements.', 2),
  ('e4bccce3-3d54-b496-c3bd-60e53e771797'::uuid, '8768960d-2ba3-01ea-4f80-5635225a2592'::uuid, 'Disqualify all four vendors and cancel the infrastructure initiative.', 3),
  ('ab6e85f3-19f6-2fed-0fb7-c3f4b534af88'::uuid, '8768960d-2ba3-01ea-4f80-5635225a2592'::uuid, 'Force the second lowest bidder to match the abnormally low price.', 4),
  ('28482699-1fa1-5923-ae26-6162bfbcd1c8'::uuid, 'fc368fc4-ef41-25f4-f979-e31b961ca517'::uuid, 'Project engineers are legally forbidden from talking to vendors.', 1),
  ('8f366433-9147-42e4-ef15-7a2f495c659c'::uuid, 'fc368fc4-ef41-25f4-f979-e31b961ca517'::uuid, 'Scope changes are illegal under international trade law.', 2),
  ('22c78833-0aac-0956-e1e1-8ef978ba8eac'::uuid, 'fc368fc4-ef41-25f4-f979-e31b961ca517'::uuid, 'Only authorized procurement personnel/contracting officers hold legal authority to commit contract variations.', 3),
  ('edee1bd6-b4f9-9b1d-6676-6c4b49f30c3d'::uuid, 'fc368fc4-ef41-25f4-f979-e31b961ca517'::uuid, 'The vendor failed to submit a patent registration for the change.', 4),
  ('dad6c9d3-49ed-b6b1-54ae-bd5ff828bf43'::uuid, '2214b488-c865-b79c-c2bc-0d9c44bb6655'::uuid, 'A copy of the contractor''s corporate annual tax return.', 1),
  ('a8a0bc39-44f3-2488-d059-d49e7e385a8e'::uuid, '2214b488-c865-b79c-c2bc-0d9c44bb6655'::uuid, 'An informal email stating that everyone enjoyed working on the project.', 2),
  ('e0846508-cc9a-6439-06b1-3eb50b83858f'::uuid, '2214b488-c865-b79c-c2bc-0d9c44bb6655'::uuid, 'A verbal promise from the site foreman.', 3),
  ('76802b11-7d61-f4c4-adf1-5302a98ee84c'::uuid, '2214b488-c865-b79c-c2bc-0d9c44bb6655'::uuid, 'A formal Lien Waiver and Certificate of Final Completion releasing the buyer from future subcontractor claims.', 4),
  ('2b03a24b-9975-65e8-1eb8-730fe45bef5a'::uuid, '814fa42f-cc1c-5512-c800-f5d43d71784a'::uuid, 'Cost Plus Incentive Fee (CPIF) or Time and Materials (T&M) with a strict Ceiling Price.', 1),
  ('d9f6672c-1b2c-bddb-945f-036aed0db215'::uuid, '814fa42f-cc1c-5512-c800-f5d43d71784a'::uuid, 'Firm Fixed Price (FFP) without any scope adjustment clause.', 2),
  ('9b231996-b658-8430-7715-b4479bf426d7'::uuid, '814fa42f-cc1c-5512-c800-f5d43d71784a'::uuid, 'Unfunded Purchase Order with vague payment terms.', 3),
  ('fd29fe1f-bb93-d03f-a0f0-11821b0094c3'::uuid, '814fa42f-cc1c-5512-c800-f5d43d71784a'::uuid, 'Fixed Price with Economic Price Adjustment linked solely to CPI index.', 4),
  ('259c5910-8fe0-7101-9e6e-5aa91b2576d4'::uuid, '9442c7d1-a74c-7ce1-0cae-70c9bcc99376'::uuid, '1 year.', 1),
  ('38f1d1e9-1254-8339-c1db-7c21ade89bf3'::uuid, '9442c7d1-a74c-7ce1-0cae-70c9bcc99376'::uuid, '5 years.', 2),
  ('40e99e0b-2a62-70f6-0a73-af09dc35b13e'::uuid, '9442c7d1-a74c-7ce1-0cae-70c9bcc99376'::uuid, '10 years.', 3),
  ('9f0d6866-d298-d1c7-f2cf-6acb4af1ac4f'::uuid, '9442c7d1-a74c-7ce1-0cae-70c9bcc99376'::uuid, '20 years.', 4),
  ('232b7247-15fd-24c5-1cd0-254a6e9f2975'::uuid, 'f47b2115-bc09-f783-7812-ece8e6d456a7'::uuid, 'Award the contract immediately without reviewing technical capabilities.', 1),
  ('fcfbcf85-0091-c21f-db4e-ebf2660007a4'::uuid, 'f47b2115-bc09-f783-7812-ece8e6d456a7'::uuid, 'Disqualify all four vendors and cancel the infrastructure initiative.', 2),
  ('2b99c5f3-1db2-87e1-ccc5-25c550740036'::uuid, 'f47b2115-bc09-f783-7812-ece8e6d456a7'::uuid, 'Conduct a formal price-reasonableness audit and request clarification to ensure the bidder understood scope requirements.', 3),
  ('20ac4e17-c463-737a-f363-71282e6cb2d6'::uuid, 'f47b2115-bc09-f783-7812-ece8e6d456a7'::uuid, 'Force the second lowest bidder to match the abnormally low price.', 4),
  ('21fbf201-8821-3694-52ba-36d257cffdd6'::uuid, '249cf0ed-ed25-f1a9-50fe-264d771064d2'::uuid, 'Project engineers are legally forbidden from talking to vendors.', 1),
  ('5f2a2e98-93f9-0704-e2dd-e2a85f498586'::uuid, '249cf0ed-ed25-f1a9-50fe-264d771064d2'::uuid, 'Scope changes are illegal under international trade law.', 2),
  ('856a969a-4a11-2675-f8ac-e8c5e9b38a46'::uuid, '249cf0ed-ed25-f1a9-50fe-264d771064d2'::uuid, 'The vendor failed to submit a patent registration for the change.', 3),
  ('e65cd277-059b-7893-128a-cab4010eb7c5'::uuid, '249cf0ed-ed25-f1a9-50fe-264d771064d2'::uuid, 'Only authorized procurement personnel/contracting officers hold legal authority to commit contract variations.', 4),
  ('90ac4435-1e97-bf7b-7318-2319dbbc7a79'::uuid, '99dc2e73-4d46-a4da-29da-47f39005995d'::uuid, 'A formal Lien Waiver and Certificate of Final Completion releasing the buyer from future subcontractor claims.', 1),
  ('1cd7a89d-84d5-5fc3-96b2-9534672a79b3'::uuid, '99dc2e73-4d46-a4da-29da-47f39005995d'::uuid, 'A copy of the contractor''s corporate annual tax return.', 2),
  ('1984bd6b-c9ec-90ca-2832-8325682b3622'::uuid, '99dc2e73-4d46-a4da-29da-47f39005995d'::uuid, 'An informal email stating that everyone enjoyed working on the project.', 3),
  ('012b1b99-df0f-2ae8-ac71-46345ba20237'::uuid, '99dc2e73-4d46-a4da-29da-47f39005995d'::uuid, 'A verbal promise from the site foreman.', 4),
  ('f0ef6f3c-a07e-1882-5510-c61afd7d6eab'::uuid, 'f4a565a6-75e9-8752-8e1d-638fb527c495'::uuid, 'Firm Fixed Price (FFP) without any scope adjustment clause.', 1),
  ('bc29925e-033a-b1c9-4ca0-823ef676d63f'::uuid, 'f4a565a6-75e9-8752-8e1d-638fb527c495'::uuid, 'Cost Plus Incentive Fee (CPIF) or Time and Materials (T&M) with a strict Ceiling Price.', 2),
  ('13a672ce-746e-5269-b9e4-2584b08647eb'::uuid, 'f4a565a6-75e9-8752-8e1d-638fb527c495'::uuid, 'Unfunded Purchase Order with vague payment terms.', 3),
  ('ed7a250e-7a93-d21f-c5fa-3d47371bccdf'::uuid, 'f4a565a6-75e9-8752-8e1d-638fb527c495'::uuid, 'Fixed Price with Economic Price Adjustment linked solely to CPI index.', 4),
  ('20e5b957-627d-3bf1-ad1a-312abe5d3a82'::uuid, '3310d6ed-c5f6-5638-91b1-44ab6a15764c'::uuid, '1 year.', 1),
  ('f6565343-4599-cda8-e76e-557ba2be78b0'::uuid, '3310d6ed-c5f6-5638-91b1-44ab6a15764c'::uuid, '10 years.', 2),
  ('e4da8eca-078d-746a-9128-e2acfde50306'::uuid, '3310d6ed-c5f6-5638-91b1-44ab6a15764c'::uuid, '5 years.', 3),
  ('59282663-353b-7c6f-c764-8fdca36f7394'::uuid, '3310d6ed-c5f6-5638-91b1-44ab6a15764c'::uuid, '20 years.', 4),
  ('975664a8-c9dc-90fc-6080-71b809341e96'::uuid, '533dd829-672d-d2de-5519-3b8084b3da1f'::uuid, 'Award the contract immediately without reviewing technical capabilities.', 1),
  ('937940ee-4d57-3ed5-0723-697dbb6cd79f'::uuid, '533dd829-672d-d2de-5519-3b8084b3da1f'::uuid, 'Disqualify all four vendors and cancel the infrastructure initiative.', 2),
  ('113f8912-2a1f-a848-b7c9-9db23ca970b3'::uuid, '533dd829-672d-d2de-5519-3b8084b3da1f'::uuid, 'Force the second lowest bidder to match the abnormally low price.', 3),
  ('63ba6ad4-7141-4d07-557a-388820d1c357'::uuid, '533dd829-672d-d2de-5519-3b8084b3da1f'::uuid, 'Conduct a formal price-reasonableness audit and request clarification to ensure the bidder understood scope requirements.', 4),
  ('f3567de6-61d3-b7e3-c496-610ca86e20b3'::uuid, 'a64e27bb-fbd3-38bf-4a35-37d1138c17fb'::uuid, 'Only authorized procurement personnel/contracting officers hold legal authority to commit contract variations.', 1),
  ('bb8e17a6-5477-365e-ea36-5a342c64c9ed'::uuid, 'a64e27bb-fbd3-38bf-4a35-37d1138c17fb'::uuid, 'Project engineers are legally forbidden from talking to vendors.', 2),
  ('976d6087-5d27-4ce0-6c1d-4fb9530e8e56'::uuid, 'a64e27bb-fbd3-38bf-4a35-37d1138c17fb'::uuid, 'Scope changes are illegal under international trade law.', 3),
  ('469a1ba5-0cb6-b99d-5d12-ed805a2cb7ec'::uuid, 'a64e27bb-fbd3-38bf-4a35-37d1138c17fb'::uuid, 'The vendor failed to submit a patent registration for the change.', 4),
  ('3583d75e-0cd3-f098-14a7-a5de14ff38d6'::uuid, 'a8871729-38b0-291b-00e3-db7a83d46f24'::uuid, 'A copy of the contractor''s corporate annual tax return.', 1),
  ('a162f760-2a5c-c9a9-ca94-576ee9aaf1bc'::uuid, 'a8871729-38b0-291b-00e3-db7a83d46f24'::uuid, 'A formal Lien Waiver and Certificate of Final Completion releasing the buyer from future subcontractor claims.', 2),
  ('bbd18cd6-5062-f8f8-7f0c-de829ddc10b6'::uuid, 'a8871729-38b0-291b-00e3-db7a83d46f24'::uuid, 'An informal email stating that everyone enjoyed working on the project.', 3),
  ('833bf3e8-374b-1e9a-9e65-4120c5e6ac94'::uuid, 'a8871729-38b0-291b-00e3-db7a83d46f24'::uuid, 'A verbal promise from the site foreman.', 4),
  ('cac7f83b-d521-d6d7-64c3-6316bf91fb5b'::uuid, '841fbf97-5d0d-9234-6b32-2de883f36f72'::uuid, 'Firm Fixed Price (FFP) without any scope adjustment clause.', 1),
  ('6a24d7c0-d954-16de-90d1-fc6b5e982b52'::uuid, '841fbf97-5d0d-9234-6b32-2de883f36f72'::uuid, 'Unfunded Purchase Order with vague payment terms.', 2),
  ('b0b65789-d0f6-c81d-35ad-d911a83335f3'::uuid, '841fbf97-5d0d-9234-6b32-2de883f36f72'::uuid, 'Cost Plus Incentive Fee (CPIF) or Time and Materials (T&M) with a strict Ceiling Price.', 3),
  ('9d985347-80ec-bb4c-3986-4b6530b21ad0'::uuid, '841fbf97-5d0d-9234-6b32-2de883f36f72'::uuid, 'Fixed Price with Economic Price Adjustment linked solely to CPI index.', 4),
  ('c02a5212-40a0-bb72-dbcb-3d71af21bdf6'::uuid, 'aa08df18-d7ac-776f-25a7-b1dd9754cf56'::uuid, '1 year.', 1),
  ('51dc028c-82fd-d0f4-9a68-570f8bf8da7c'::uuid, 'aa08df18-d7ac-776f-25a7-b1dd9754cf56'::uuid, '10 years.', 2),
  ('c9972b68-c727-cbd8-db9d-96130513f8c6'::uuid, 'aa08df18-d7ac-776f-25a7-b1dd9754cf56'::uuid, '20 years.', 3),
  ('de8d0a8e-7c87-315f-23b6-67830ddd4ace'::uuid, 'aa08df18-d7ac-776f-25a7-b1dd9754cf56'::uuid, '5 years.', 4),
  ('13971a62-8a1c-82ba-e64b-910519ea8259'::uuid, '54a53bbe-f1c1-4253-3efe-82ed0c8fda1a'::uuid, 'Conduct a formal price-reasonableness audit and request clarification to ensure the bidder understood scope requirements.', 1),
  ('1e052c18-1a3b-8654-0d8d-e139ff7f9ba7'::uuid, '54a53bbe-f1c1-4253-3efe-82ed0c8fda1a'::uuid, 'Award the contract immediately without reviewing technical capabilities.', 2),
  ('1bf105d6-4ed8-c7fd-6a08-0b44c7ca901e'::uuid, '54a53bbe-f1c1-4253-3efe-82ed0c8fda1a'::uuid, 'Disqualify all four vendors and cancel the infrastructure initiative.', 3),
  ('40ebeccd-99f7-8daf-023b-57b97810c16c'::uuid, '54a53bbe-f1c1-4253-3efe-82ed0c8fda1a'::uuid, 'Force the second lowest bidder to match the abnormally low price.', 4),
  ('0c653f35-caec-738a-50f0-4cbcee24e1cd'::uuid, 'c4aeb529-e795-282c-77a3-87fc303f4aa9'::uuid, 'Project engineers are legally forbidden from talking to vendors.', 1),
  ('842865e2-2b43-139d-0081-41103b022934'::uuid, 'c4aeb529-e795-282c-77a3-87fc303f4aa9'::uuid, 'Only authorized procurement personnel/contracting officers hold legal authority to commit contract variations.', 2),
  ('f79d1932-0e8f-e591-5ca8-af60276ad04d'::uuid, 'c4aeb529-e795-282c-77a3-87fc303f4aa9'::uuid, 'Scope changes are illegal under international trade law.', 3),
  ('4d5e6c0a-2c61-f61b-0e05-ce19a116692e'::uuid, 'c4aeb529-e795-282c-77a3-87fc303f4aa9'::uuid, 'The vendor failed to submit a patent registration for the change.', 4),
  ('5341f6df-6784-0ed4-aae6-b974eba7ffc3'::uuid, '2dbb3a9e-6aa1-8e99-2383-e443099733ac'::uuid, 'A copy of the contractor''s corporate annual tax return.', 1),
  ('a931c830-4f74-817d-09ca-f19b2aa16f8e'::uuid, '2dbb3a9e-6aa1-8e99-2383-e443099733ac'::uuid, 'An informal email stating that everyone enjoyed working on the project.', 2),
  ('fde025ed-9249-04ff-8e1d-8782c42c5cce'::uuid, '2dbb3a9e-6aa1-8e99-2383-e443099733ac'::uuid, 'A formal Lien Waiver and Certificate of Final Completion releasing the buyer from future subcontractor claims.', 3),
  ('a6b54a20-e741-3583-aea3-a265edd6fcab'::uuid, '2dbb3a9e-6aa1-8e99-2383-e443099733ac'::uuid, 'A verbal promise from the site foreman.', 4)
on conflict (id) do update
set question_id = excluded.question_id,
    option_text = excluded.option_text,
    position = excluded.position;

insert into public.question_answer_keys (question_id, correct_option_id)
values
  ('3a8dbdfa-e489-043b-ff31-6cd6a66502d0'::uuid, '09303749-52ea-f724-e9fb-549bccecdc86'::uuid),
  ('7d49d1d7-f09c-5843-ea7f-4e0abfd45038'::uuid, '77c130a6-e1ba-c3ba-6779-49aadb18975a'::uuid),
  ('6d103ddc-74a4-b985-9c0d-f7ba478dc712'::uuid, 'add83671-661b-ed4a-58e1-46d6b80588a6'::uuid),
  ('d60ec768-b82d-d55d-0acd-884cb8a6f8e8'::uuid, '236df2ab-1536-7048-b531-f3b751818d78'::uuid),
  ('3ea4f3ca-a935-30db-59b6-d42e0a13a978'::uuid, '7228116d-761f-1a3b-ed41-88e67657140f'::uuid),
  ('476d3ee9-ed76-0892-2110-18787cf5cf3d'::uuid, 'b12f2f1c-ef6a-0c4e-f109-6a1d68575948'::uuid),
  ('205d36e9-32d2-0eff-e6ae-f961777b8e92'::uuid, '84d37a68-bc42-7b2f-3c0e-9649a2a62225'::uuid),
  ('06cd9eaf-20dc-1cb8-6c8f-0ad8ce2016e7'::uuid, 'cf6221b0-0c5c-2557-b998-44b2bcec579f'::uuid),
  ('ae1ee5fd-c746-3c6e-2aae-90a2d8661d32'::uuid, 'c5d1f310-d7f1-0468-7fe9-d9bf5cafe3d6'::uuid),
  ('1489b14c-c8aa-1b4a-fce1-5f037cbaccdb'::uuid, 'bd00c60e-42d8-6c0f-f029-187901136832'::uuid),
  ('2763b7cb-7f68-0e54-ee4a-ef5c2a28a5b8'::uuid, '0a9072e8-0a0d-d9b7-e00e-9bd3928a7af8'::uuid),
  ('2f2ae01d-f9f2-74c5-82e7-74a4f5b117fb'::uuid, 'cee01c23-5e59-bc02-5f99-bee35a64d1e6'::uuid),
  ('6cd36d47-b27f-6842-6559-f9701f680d49'::uuid, '006c5039-1fb2-29f5-e2b2-70c6a5235a3e'::uuid),
  ('c4c1cae0-816c-1c11-2b05-a026f7dfc2e9'::uuid, '43285bd3-37b3-008c-b830-112ff12542cb'::uuid),
  ('b644bd4a-073d-8124-4075-7e38d050082c'::uuid, 'b6daacba-f898-497a-53e3-502184985794'::uuid),
  ('c5818bac-ba4c-9ea1-b35f-8ab4dc3288dc'::uuid, 'd5e48f86-1bea-49d9-9e6d-3cb3bf11a38a'::uuid),
  ('39ff0a0d-7ae9-3dfc-d15e-d2ed76669c58'::uuid, 'fcef4426-b70c-4ff5-55fb-932df1ba1172'::uuid),
  ('467b482c-c64b-2c66-c690-3a6c05918867'::uuid, 'db8484b3-65e3-0f40-8a01-73b5f8471555'::uuid),
  ('2fe132b3-086a-de91-e946-78ae8aafb0fa'::uuid, 'd9d0e31d-1be8-234a-0d21-314d1f497153'::uuid),
  ('11ad892f-cb8f-cf07-c4cf-89e2b6d129e7'::uuid, '623942c4-9178-3b98-5100-9df5205e2569'::uuid),
  ('c47903bf-664a-97d8-df94-1a868a62625e'::uuid, 'b210bdd0-38dc-1807-92c0-4bd20962aa69'::uuid),
  ('eb9d8207-cf97-ed4d-b75f-bf0e66b3bdec'::uuid, '9114e4d5-709e-4221-6777-b3260270af14'::uuid),
  ('0b295353-2698-c306-1da0-d5a6dce2362d'::uuid, '1a4c6f2f-1bbc-3faf-6670-915392478c16'::uuid),
  ('446a824d-68e1-0cc6-cb3a-1d3936c4cbb7'::uuid, 'aed3c707-9472-911b-f1b0-1b54abb7d3ce'::uuid),
  ('ba84c3fe-961a-63ad-0f95-80ef63e5d5c6'::uuid, 'b5006a80-f3b6-07dd-fa20-7c732e2ef9d0'::uuid),
  ('89e14245-3866-0966-2a94-67ab489ae552'::uuid, '65266cab-b07d-5874-8980-b7853b2acc79'::uuid),
  ('718f0388-b180-e3ce-5824-3143fad467fa'::uuid, '88f5aa62-519a-5280-b886-038fe6096ef3'::uuid),
  ('28eb9bb8-5d02-7cf5-ba9d-77c899a05162'::uuid, 'be6ade41-82a8-a2a3-0bd1-bdeefe3461ec'::uuid),
  ('1954fc0e-eacf-1a86-6b4f-1578c16bc903'::uuid, '66ff2599-5f87-9344-afde-e6451bcd541c'::uuid),
  ('6d058070-b7c0-03cc-2e24-173ee73fe922'::uuid, '734921b6-cc31-12e4-4812-53e168c2c07b'::uuid),
  ('0b45d18f-99c3-3ee7-ece0-0093172740b3'::uuid, '3d91efc2-cd56-94e7-0bf0-3026f13c205b'::uuid),
  ('32d9352e-9f95-0d80-2272-d6f930706e0c'::uuid, 'fa562ff3-8bcb-6784-ad35-1ff64e5063a9'::uuid),
  ('ee59c27c-98b4-47df-4639-71fc53d28c90'::uuid, '9134e58f-8e83-1113-f9a1-6bdac3d12082'::uuid),
  ('8aac25a6-a8f6-e108-b9c9-eb9bfd888e6a'::uuid, '4b023901-77cd-e449-9f82-353e3157808e'::uuid),
  ('8c78898d-e800-c419-b900-00df50670f12'::uuid, 'f54863b4-4ba9-c915-7cc3-977d1d5c7271'::uuid),
  ('8e208abb-ed93-c495-70a4-9a3945cda4eb'::uuid, 'c0ca9c21-3213-e4f3-24da-3c618b2c9a7b'::uuid),
  ('e845c847-49c0-287a-deb0-3d1d47fc68af'::uuid, '590f3a85-0cee-ab61-9412-789b26e179b8'::uuid),
  ('07805e46-5959-3b81-d7de-1164020aab62'::uuid, '1b5a18e4-7fed-e109-f99e-1e5b9ed1e210'::uuid),
  ('6a70dbc1-aff9-8cb6-61c3-d9f032db84bd'::uuid, 'fed80f7a-0045-d3e9-3e4a-e28b9aec5b2b'::uuid),
  ('0004b569-17b8-c35b-d46a-fabf052000d6'::uuid, '548456df-3212-fab8-c2cc-72ca4315a547'::uuid),
  ('40fc3068-1580-d60c-f955-87edcf25996f'::uuid, 'f2058754-9d7e-5ad3-9bf0-95e031499d11'::uuid),
  ('411646c0-701e-a2fe-31bf-8d75e072adc5'::uuid, '5fb00621-c196-314e-30fe-86077cbf1ae9'::uuid),
  ('db7a6602-0373-a5cd-fa6e-12c2f25566dd'::uuid, '4c514625-f12c-329d-2898-07ba9fc76656'::uuid),
  ('0a28c17b-9fa1-e8c2-2942-7135428437da'::uuid, 'fcf90a20-6ffd-ea23-f499-e800d0ecb3c0'::uuid),
  ('fc9d1869-aa6a-232a-41be-728571bd4625'::uuid, 'cc5aef75-3092-8373-6d62-11c69c4618eb'::uuid),
  ('0f5bec4e-8439-ccb5-e0f5-79afbc42b7f9'::uuid, '28c983d6-2310-2b0e-c974-16ca9210e03f'::uuid),
  ('f86ee64d-e44a-0da1-c3c0-c74adaeff00c'::uuid, '95005e90-0702-8d1d-09f5-d3447b5078e1'::uuid),
  ('f89eeb19-e0a4-9ed2-26cc-a0cc421375ff'::uuid, 'f6101060-2468-75d3-2df1-59ec64c1ec67'::uuid),
  ('07953838-4939-8528-ae49-9bf54fb54df9'::uuid, 'e87abd25-846d-33f0-f9cf-b26bb965f071'::uuid),
  ('63459dae-8caa-5774-00ba-76045b7c9e59'::uuid, 'a37397bb-a87a-a4d9-f2bf-ee2e7ff09574'::uuid),
  ('adaac881-49e0-0999-ed63-f09ef929910d'::uuid, '1e666dbd-3233-36c2-b953-28f26d1a2661'::uuid),
  ('657211af-b6c0-dd48-b061-68cc49c0d927'::uuid, 'da8c7531-ef4b-f98f-f910-0571573bb45a'::uuid),
  ('8f1cf5b3-9492-b052-0142-82814fac3e79'::uuid, '3d996f59-a349-5bb6-e859-a8969b290fae'::uuid),
  ('5e2e6003-cc5b-4f04-9b16-160cd0d4fe7e'::uuid, '0f2ebc59-a194-07c9-362e-ba31fee734fc'::uuid),
  ('27ba8383-01f3-2acc-abfc-c0a3d3ef29ca'::uuid, 'ec6f023e-764f-9139-eb13-569d312dec67'::uuid),
  ('39803bed-5314-8168-5c82-982b8c8d2a6f'::uuid, '0c532747-8cd4-6ebf-cac1-b7951481974c'::uuid),
  ('14762fc7-a09c-79eb-2a85-c32bed28540d'::uuid, 'd7a05e1f-21ea-f2da-abde-dea7acac5b91'::uuid),
  ('8768960d-2ba3-01ea-4f80-5635225a2592'::uuid, '6abfae4b-88ea-1f59-1dab-84d83e4cc83a'::uuid),
  ('fc368fc4-ef41-25f4-f979-e31b961ca517'::uuid, '22c78833-0aac-0956-e1e1-8ef978ba8eac'::uuid),
  ('2214b488-c865-b79c-c2bc-0d9c44bb6655'::uuid, '76802b11-7d61-f4c4-adf1-5302a98ee84c'::uuid),
  ('814fa42f-cc1c-5512-c800-f5d43d71784a'::uuid, '2b03a24b-9975-65e8-1eb8-730fe45bef5a'::uuid),
  ('9442c7d1-a74c-7ce1-0cae-70c9bcc99376'::uuid, '38f1d1e9-1254-8339-c1db-7c21ade89bf3'::uuid),
  ('f47b2115-bc09-f783-7812-ece8e6d456a7'::uuid, '2b99c5f3-1db2-87e1-ccc5-25c550740036'::uuid),
  ('249cf0ed-ed25-f1a9-50fe-264d771064d2'::uuid, 'e65cd277-059b-7893-128a-cab4010eb7c5'::uuid),
  ('99dc2e73-4d46-a4da-29da-47f39005995d'::uuid, '90ac4435-1e97-bf7b-7318-2319dbbc7a79'::uuid),
  ('f4a565a6-75e9-8752-8e1d-638fb527c495'::uuid, 'bc29925e-033a-b1c9-4ca0-823ef676d63f'::uuid),
  ('3310d6ed-c5f6-5638-91b1-44ab6a15764c'::uuid, 'e4da8eca-078d-746a-9128-e2acfde50306'::uuid),
  ('533dd829-672d-d2de-5519-3b8084b3da1f'::uuid, '63ba6ad4-7141-4d07-557a-388820d1c357'::uuid),
  ('a64e27bb-fbd3-38bf-4a35-37d1138c17fb'::uuid, 'f3567de6-61d3-b7e3-c496-610ca86e20b3'::uuid),
  ('a8871729-38b0-291b-00e3-db7a83d46f24'::uuid, 'a162f760-2a5c-c9a9-ca94-576ee9aaf1bc'::uuid),
  ('841fbf97-5d0d-9234-6b32-2de883f36f72'::uuid, 'b0b65789-d0f6-c81d-35ad-d911a83335f3'::uuid),
  ('aa08df18-d7ac-776f-25a7-b1dd9754cf56'::uuid, 'de8d0a8e-7c87-315f-23b6-67830ddd4ace'::uuid),
  ('54a53bbe-f1c1-4253-3efe-82ed0c8fda1a'::uuid, '13971a62-8a1c-82ba-e64b-910519ea8259'::uuid),
  ('c4aeb529-e795-282c-77a3-87fc303f4aa9'::uuid, '842865e2-2b43-139d-0081-41103b022934'::uuid),
  ('2dbb3a9e-6aa1-8e99-2383-e443099733ac'::uuid, 'fde025ed-9249-04ff-8e1d-8782c42c5cce'::uuid)
on conflict (question_id) do update
set correct_option_id = excluded.correct_option_id,
    updated_at = now();

update public.exam_prices
set is_default = false, updated_at = now()
where examination_id = '7816b3d7-602f-ddb0-345d-1a921c5a3fa6'::uuid
  and currency <> 'NGN'
  and is_default = true;

insert into public.exam_prices (
  id, examination_id, currency, amount_minor, country_codes,
  is_default, is_active, effective_from, effective_to
) values (
  'd42007ba-9a42-db30-9d8b-0d5ce2884f98'::uuid,
  '7816b3d7-602f-ddb0-345d-1a921c5a3fa6'::uuid,
  'NGN',
  2500000,
  array['NG']::text[],
  true,
  true,
  now(),
  null
)
on conflict (examination_id, currency) do update
set amount_minor = 2500000,
    country_codes = array['NG']::text[],
    is_default = true,
    is_active = true,
    effective_from = least(public.exam_prices.effective_from, now()),
    effective_to = null,
    updated_at = now();

do $$
declare
  v_record record;
  v_actual integer;
begin
  for v_record in
    select * from (values
      ('84b5dba2-0e2b-a6a1-0342-7c4abd03e35d'::uuid, 'AIML', 5),
      ('b5233a01-d982-d4ec-fd4c-729bf2bd8bc9'::uuid, 'CYBER', 5),
      ('9c332310-f648-82fe-26e4-3fb3c8659603'::uuid, 'SWEETH', 5),
      ('20000000-0000-4000-8000-000000000101'::uuid, 'HRMFC', 5),
      ('61265cc5-3b98-ad6c-85bc-7c145c7d06a1'::uuid, 'CHRMG', 50),
      ('20000000-0000-4000-8000-000000000102'::uuid, 'CHRMP', 75),
      ('e979cf82-30f3-2768-3891-b9cc5e51bde2'::uuid, 'PM', 50),
      ('1d178fed-f007-6b21-8c07-e8a8301f0c05'::uuid, 'PCIT', 75),
      ('0dadec7a-f11f-61d1-eb5d-e6e61d17d023'::uuid, 'RMP', 75),
      ('722191d6-dbc7-f961-0b3e-b4168c60824b'::uuid, 'QMP', 75),
      ('7816b3d7-602f-ddb0-345d-1a921c5a3fa6'::uuid, 'PCM', 75)
    ) as expected(examination_id, programme_code, expected_questions)
  loop
    select count(*) into v_actual
    from public.questions
    where examination_id = v_record.examination_id and is_active = true;

    if v_actual <> v_record.expected_questions then
      raise exception 'Question count validation failed for %: expected %, found %.',
        v_record.programme_code, v_record.expected_questions, v_actual;
    end if;

    if not exists (
      select 1 from public.examinations e
      where e.id = v_record.examination_id
        and e.status = 'published'
        and e.requires_payment = true
        and e.allow_self_enrollment = false
    ) then
      raise exception 'Payment and publication configuration failed for %.', v_record.programme_code;
    end if;

    if not exists (
      select 1 from public.exam_prices ep
      where ep.examination_id = v_record.examination_id
        and ep.currency = 'NGN'
        and ep.amount_minor = 2500000
        and ep.is_default = true
        and ep.is_active = true
    ) then
      raise exception 'NGN 25,000 price validation failed for %.', v_record.programme_code;
    end if;
  end loop;
end;
$$;

commit;

-- Imported catalogue summary:
-- AIML: 5 questions, NGN 25,000, Pay & Unlock enabled.
-- CYBER: 5 questions, NGN 25,000, Pay & Unlock enabled.
-- SWEETH: 5 questions, NGN 25,000, Pay & Unlock enabled.
-- HRMFC: 5 questions, NGN 25,000, Pay & Unlock enabled.
-- CHRMG: 50 questions, NGN 25,000, Pay & Unlock enabled.
-- CHRMP: 75 questions, NGN 25,000, Pay & Unlock enabled.
-- PM: 50 questions, NGN 25,000, Pay & Unlock enabled.
-- PCIT: 75 questions, NGN 25,000, Pay & Unlock enabled.
-- RMP: 75 questions, NGN 25,000, Pay & Unlock enabled.
-- QMP: 75 questions, NGN 25,000, Pay & Unlock enabled.
-- PCM: 75 questions, NGN 25,000, Pay & Unlock enabled.
