begin;

-- 1. Insert PCIT Programme
insert into public.programmes (id, code, name, description, is_active)
values (
  '10000000-0000-4000-8000-000000000068',
  'PCIT',
  'Project Communication and Information Technology',
  'Evaluates competencies in project stakeholder communication, collaboration models, agile team reporting, information architecture, and enterprise IT governance.',
  true
)
on conflict (code) do update
set name = excluded.name,
    description = excluded.description,
    is_active = true,
    updated_at = now();

-- 2. Insert PCIT Examination
insert into public.examinations (
  id, programme_id, title, instructions, duration_minutes, pass_mark,
  status, max_attempts, randomize_questions, randomize_options,
  allow_self_enrollment
)
values (
  '20000000-0000-4000-8000-000000000068',
  '10000000-0000-4000-8000-000000000068',
  'Project Communication and Information Technology (PCIT)',
  'Answer all 75 multiple-choice questions. This examination tests project communications planning, management, and strategic IT collaboration frameworks.',
  120,
  70,
  'published',
  1,
  false,
  false,
  true
)
on conflict (id) do update
set programme_id = excluded.programme_id,
    title = excluded.title,
    instructions = excluded.instructions,
    duration_minutes = excluded.duration_minutes,
    pass_mark = excluded.pass_mark,
    status = excluded.status,
    max_attempts = excluded.max_attempts,
    randomize_questions = excluded.randomize_questions,
    randomize_options = excluded.randomize_options,
    allow_self_enrollment = excluded.allow_self_enrollment,
    updated_at = now();

-- 3. Insert Questions (75 questions)
insert into public.questions (id, examination_id, question_text, position, points, is_active)
values
  ('30000000-0000-4000-8000-0000000007d1', '20000000-0000-4000-8000-000000000068', '[Stakeholder Communication Planning - Scenario 1] A project manager leading an enterprise cloud transformation identifies key executive stakeholders who have high influence but low interest. What communication strategy should be applied according to the Stakeholder Power/Interest Grid?', 1, 1, true),
  ('30000000-0000-4000-8000-0000000007d2', '20000000-0000-4000-8000-000000000068', '[Agile Reporting & Collaboration - Scenario 2] During an agile software build, a remote cross-functional team experiences communication bottlenecks across time zones. Which tool combination establishes effective asynchronous governance?', 2, 1, true),
  ('30000000-0000-4000-8000-0000000007d3', '20000000-0000-4000-8000-000000000068', '[Information Architecture & Security - Scenario 3] An IT project involves migrating sensitive patient medical records to a hybrid cloud data warehouse. Which communication security protocol must be enforced for project artifacts containing PII/PHI?', 3, 1, true),
  ('30000000-0000-4000-8000-0000000007d4', '20000000-0000-4000-8000-000000000068', '[Technical Risk Communication - Scenario 4] A critical cybersecurity vulnerability is detected in a third-party project module during pre-release staging. What is the correct communication protocol for the project lead?', 4, 1, true),
  ('30000000-0000-4000-8000-0000000007d5', '20000000-0000-4000-8000-000000000068', '[Enterprise IT Governance - Scenario 5] Which IT governance framework provides structured guidance for aligning project management outcomes with enterprise IT service lifecycles and business value?', 5, 1, true),
  ('30000000-0000-4000-8000-0000000007d6', '20000000-0000-4000-8000-000000000068', '[Stakeholder Communication Planning - Scenario 6] A project manager leading an enterprise cloud transformation identifies key executive stakeholders who have high influence but low interest. What communication strategy should be applied according to the Stakeholder Power/Interest Grid?', 6, 1, true),
  ('30000000-0000-4000-8000-0000000007d7', '20000000-0000-4000-8000-000000000068', '[Agile Reporting & Collaboration - Scenario 7] During an agile software build, a remote cross-functional team experiences communication bottlenecks across time zones. Which tool combination establishes effective asynchronous governance?', 7, 1, true),
  ('30000000-0000-4000-8000-0000000007d8', '20000000-0000-4000-8000-000000000068', '[Information Architecture & Security - Scenario 8] An IT project involves migrating sensitive patient medical records to a hybrid cloud data warehouse. Which communication security protocol must be enforced for project artifacts containing PII/PHI?', 8, 1, true),
  ('30000000-0000-4000-8000-0000000007d9', '20000000-0000-4000-8000-000000000068', '[Technical Risk Communication - Scenario 9] A critical cybersecurity vulnerability is detected in a third-party project module during pre-release staging. What is the correct communication protocol for the project lead?', 9, 1, true),
  ('30000000-0000-4000-8000-0000000007da', '20000000-0000-4000-8000-000000000068', '[Enterprise IT Governance - Scenario 10] Which IT governance framework provides structured guidance for aligning project management outcomes with enterprise IT service lifecycles and business value?', 10, 1, true),
  ('30000000-0000-4000-8000-0000000007db', '20000000-0000-4000-8000-000000000068', '[Stakeholder Communication Planning - Scenario 11] A project manager leading an enterprise cloud transformation identifies key executive stakeholders who have high influence but low interest. What communication strategy should be applied according to the Stakeholder Power/Interest Grid?', 11, 1, true),
  ('30000000-0000-4000-8000-0000000007dc', '20000000-0000-4000-8000-000000000068', '[Agile Reporting & Collaboration - Scenario 12] During an agile software build, a remote cross-functional team experiences communication bottlenecks across time zones. Which tool combination establishes effective asynchronous governance?', 12, 1, true),
  ('30000000-0000-4000-8000-0000000007dd', '20000000-0000-4000-8000-000000000068', '[Information Architecture & Security - Scenario 13] An IT project involves migrating sensitive patient medical records to a hybrid cloud data warehouse. Which communication security protocol must be enforced for project artifacts containing PII/PHI?', 13, 1, true),
  ('30000000-0000-4000-8000-0000000007de', '20000000-0000-4000-8000-000000000068', '[Technical Risk Communication - Scenario 14] A critical cybersecurity vulnerability is detected in a third-party project module during pre-release staging. What is the correct communication protocol for the project lead?', 14, 1, true),
  ('30000000-0000-4000-8000-0000000007df', '20000000-0000-4000-8000-000000000068', '[Enterprise IT Governance - Scenario 15] Which IT governance framework provides structured guidance for aligning project management outcomes with enterprise IT service lifecycles and business value?', 15, 1, true),
  ('30000000-0000-4000-8000-0000000007e0', '20000000-0000-4000-8000-000000000068', '[Stakeholder Communication Planning - Scenario 16] A project manager leading an enterprise cloud transformation identifies key executive stakeholders who have high influence but low interest. What communication strategy should be applied according to the Stakeholder Power/Interest Grid?', 16, 1, true),
  ('30000000-0000-4000-8000-0000000007e1', '20000000-0000-4000-8000-000000000068', '[Agile Reporting & Collaboration - Scenario 17] During an agile software build, a remote cross-functional team experiences communication bottlenecks across time zones. Which tool combination establishes effective asynchronous governance?', 17, 1, true),
  ('30000000-0000-4000-8000-0000000007e2', '20000000-0000-4000-8000-000000000068', '[Information Architecture & Security - Scenario 18] An IT project involves migrating sensitive patient medical records to a hybrid cloud data warehouse. Which communication security protocol must be enforced for project artifacts containing PII/PHI?', 18, 1, true),
  ('30000000-0000-4000-8000-0000000007e3', '20000000-0000-4000-8000-000000000068', '[Technical Risk Communication - Scenario 19] A critical cybersecurity vulnerability is detected in a third-party project module during pre-release staging. What is the correct communication protocol for the project lead?', 19, 1, true),
  ('30000000-0000-4000-8000-0000000007e4', '20000000-0000-4000-8000-000000000068', '[Enterprise IT Governance - Scenario 20] Which IT governance framework provides structured guidance for aligning project management outcomes with enterprise IT service lifecycles and business value?', 20, 1, true),
  ('30000000-0000-4000-8000-0000000007e5', '20000000-0000-4000-8000-000000000068', '[Stakeholder Communication Planning - Scenario 21] A project manager leading an enterprise cloud transformation identifies key executive stakeholders who have high influence but low interest. What communication strategy should be applied according to the Stakeholder Power/Interest Grid?', 21, 1, true),
  ('30000000-0000-4000-8000-0000000007e6', '20000000-0000-4000-8000-000000000068', '[Agile Reporting & Collaboration - Scenario 22] During an agile software build, a remote cross-functional team experiences communication bottlenecks across time zones. Which tool combination establishes effective asynchronous governance?', 22, 1, true),
  ('30000000-0000-4000-8000-0000000007e7', '20000000-0000-4000-8000-000000000068', '[Information Architecture & Security - Scenario 23] An IT project involves migrating sensitive patient medical records to a hybrid cloud data warehouse. Which communication security protocol must be enforced for project artifacts containing PII/PHI?', 23, 1, true),
  ('30000000-0000-4000-8000-0000000007e8', '20000000-0000-4000-8000-000000000068', '[Technical Risk Communication - Scenario 24] A critical cybersecurity vulnerability is detected in a third-party project module during pre-release staging. What is the correct communication protocol for the project lead?', 24, 1, true),
  ('30000000-0000-4000-8000-0000000007e9', '20000000-0000-4000-8000-000000000068', '[Enterprise IT Governance - Scenario 25] Which IT governance framework provides structured guidance for aligning project management outcomes with enterprise IT service lifecycles and business value?', 25, 1, true),
  ('30000000-0000-4000-8000-0000000007ea', '20000000-0000-4000-8000-000000000068', '[Stakeholder Communication Planning - Scenario 26] A project manager leading an enterprise cloud transformation identifies key executive stakeholders who have high influence but low interest. What communication strategy should be applied according to the Stakeholder Power/Interest Grid?', 26, 1, true),
  ('30000000-0000-4000-8000-0000000007eb', '20000000-0000-4000-8000-000000000068', '[Agile Reporting & Collaboration - Scenario 27] During an agile software build, a remote cross-functional team experiences communication bottlenecks across time zones. Which tool combination establishes effective asynchronous governance?', 27, 1, true),
  ('30000000-0000-4000-8000-0000000007ec', '20000000-0000-4000-8000-000000000068', '[Information Architecture & Security - Scenario 28] An IT project involves migrating sensitive patient medical records to a hybrid cloud data warehouse. Which communication security protocol must be enforced for project artifacts containing PII/PHI?', 28, 1, true),
  ('30000000-0000-4000-8000-0000000007ed', '20000000-0000-4000-8000-000000000068', '[Technical Risk Communication - Scenario 29] A critical cybersecurity vulnerability is detected in a third-party project module during pre-release staging. What is the correct communication protocol for the project lead?', 29, 1, true),
  ('30000000-0000-4000-8000-0000000007ee', '20000000-0000-4000-8000-000000000068', '[Enterprise IT Governance - Scenario 30] Which IT governance framework provides structured guidance for aligning project management outcomes with enterprise IT service lifecycles and business value?', 30, 1, true),
  ('30000000-0000-4000-8000-0000000007ef', '20000000-0000-4000-8000-000000000068', '[Stakeholder Communication Planning - Scenario 31] A project manager leading an enterprise cloud transformation identifies key executive stakeholders who have high influence but low interest. What communication strategy should be applied according to the Stakeholder Power/Interest Grid?', 31, 1, true),
  ('30000000-0000-4000-8000-0000000007f0', '20000000-0000-4000-8000-000000000068', '[Agile Reporting & Collaboration - Scenario 32] During an agile software build, a remote cross-functional team experiences communication bottlenecks across time zones. Which tool combination establishes effective asynchronous governance?', 32, 1, true),
  ('30000000-0000-4000-8000-0000000007f1', '20000000-0000-4000-8000-000000000068', '[Information Architecture & Security - Scenario 33] An IT project involves migrating sensitive patient medical records to a hybrid cloud data warehouse. Which communication security protocol must be enforced for project artifacts containing PII/PHI?', 33, 1, true),
  ('30000000-0000-4000-8000-0000000007f2', '20000000-0000-4000-8000-000000000068', '[Technical Risk Communication - Scenario 34] A critical cybersecurity vulnerability is detected in a third-party project module during pre-release staging. What is the correct communication protocol for the project lead?', 34, 1, true),
  ('30000000-0000-4000-8000-0000000007f3', '20000000-0000-4000-8000-000000000068', '[Enterprise IT Governance - Scenario 35] Which IT governance framework provides structured guidance for aligning project management outcomes with enterprise IT service lifecycles and business value?', 35, 1, true),
  ('30000000-0000-4000-8000-0000000007f4', '20000000-0000-4000-8000-000000000068', '[Stakeholder Communication Planning - Scenario 36] A project manager leading an enterprise cloud transformation identifies key executive stakeholders who have high influence but low interest. What communication strategy should be applied according to the Stakeholder Power/Interest Grid?', 36, 1, true),
  ('30000000-0000-4000-8000-0000000007f5', '20000000-0000-4000-8000-000000000068', '[Agile Reporting & Collaboration - Scenario 37] During an agile software build, a remote cross-functional team experiences communication bottlenecks across time zones. Which tool combination establishes effective asynchronous governance?', 37, 1, true),
  ('30000000-0000-4000-8000-0000000007f6', '20000000-0000-4000-8000-000000000068', '[Information Architecture & Security - Scenario 38] An IT project involves migrating sensitive patient medical records to a hybrid cloud data warehouse. Which communication security protocol must be enforced for project artifacts containing PII/PHI?', 38, 1, true),
  ('30000000-0000-4000-8000-0000000007f7', '20000000-0000-4000-8000-000000000068', '[Technical Risk Communication - Scenario 39] A critical cybersecurity vulnerability is detected in a third-party project module during pre-release staging. What is the correct communication protocol for the project lead?', 39, 1, true),
  ('30000000-0000-4000-8000-0000000007f8', '20000000-0000-4000-8000-000000000068', '[Enterprise IT Governance - Scenario 40] Which IT governance framework provides structured guidance for aligning project management outcomes with enterprise IT service lifecycles and business value?', 40, 1, true),
  ('30000000-0000-4000-8000-0000000007f9', '20000000-0000-4000-8000-000000000068', '[Stakeholder Communication Planning - Scenario 41] A project manager leading an enterprise cloud transformation identifies key executive stakeholders who have high influence but low interest. What communication strategy should be applied according to the Stakeholder Power/Interest Grid?', 41, 1, true),
  ('30000000-0000-4000-8000-0000000007fa', '20000000-0000-4000-8000-000000000068', '[Agile Reporting & Collaboration - Scenario 42] During an agile software build, a remote cross-functional team experiences communication bottlenecks across time zones. Which tool combination establishes effective asynchronous governance?', 42, 1, true),
  ('30000000-0000-4000-8000-0000000007fb', '20000000-0000-4000-8000-000000000068', '[Information Architecture & Security - Scenario 43] An IT project involves migrating sensitive patient medical records to a hybrid cloud data warehouse. Which communication security protocol must be enforced for project artifacts containing PII/PHI?', 43, 1, true),
  ('30000000-0000-4000-8000-0000000007fc', '20000000-0000-4000-8000-000000000068', '[Technical Risk Communication - Scenario 44] A critical cybersecurity vulnerability is detected in a third-party project module during pre-release staging. What is the correct communication protocol for the project lead?', 44, 1, true),
  ('30000000-0000-4000-8000-0000000007fd', '20000000-0000-4000-8000-000000000068', '[Enterprise IT Governance - Scenario 45] Which IT governance framework provides structured guidance for aligning project management outcomes with enterprise IT service lifecycles and business value?', 45, 1, true),
  ('30000000-0000-4000-8000-0000000007fe', '20000000-0000-4000-8000-000000000068', '[Stakeholder Communication Planning - Scenario 46] A project manager leading an enterprise cloud transformation identifies key executive stakeholders who have high influence but low interest. What communication strategy should be applied according to the Stakeholder Power/Interest Grid?', 46, 1, true),
  ('30000000-0000-4000-8000-0000000007ff', '20000000-0000-4000-8000-000000000068', '[Agile Reporting & Collaboration - Scenario 47] During an agile software build, a remote cross-functional team experiences communication bottlenecks across time zones. Which tool combination establishes effective asynchronous governance?', 47, 1, true),
  ('30000000-0000-4000-8000-000000000800', '20000000-0000-4000-8000-000000000068', '[Information Architecture & Security - Scenario 48] An IT project involves migrating sensitive patient medical records to a hybrid cloud data warehouse. Which communication security protocol must be enforced for project artifacts containing PII/PHI?', 48, 1, true),
  ('30000000-0000-4000-8000-000000000801', '20000000-0000-4000-8000-000000000068', '[Technical Risk Communication - Scenario 49] A critical cybersecurity vulnerability is detected in a third-party project module during pre-release staging. What is the correct communication protocol for the project lead?', 49, 1, true),
  ('30000000-0000-4000-8000-000000000802', '20000000-0000-4000-8000-000000000068', '[Enterprise IT Governance - Scenario 50] Which IT governance framework provides structured guidance for aligning project management outcomes with enterprise IT service lifecycles and business value?', 50, 1, true),
  ('30000000-0000-4000-8000-000000000803', '20000000-0000-4000-8000-000000000068', '[Stakeholder Communication Planning - Scenario 51] A project manager leading an enterprise cloud transformation identifies key executive stakeholders who have high influence but low interest. What communication strategy should be applied according to the Stakeholder Power/Interest Grid?', 51, 1, true),
  ('30000000-0000-4000-8000-000000000804', '20000000-0000-4000-8000-000000000068', '[Agile Reporting & Collaboration - Scenario 52] During an agile software build, a remote cross-functional team experiences communication bottlenecks across time zones. Which tool combination establishes effective asynchronous governance?', 52, 1, true),
  ('30000000-0000-4000-8000-000000000805', '20000000-0000-4000-8000-000000000068', '[Information Architecture & Security - Scenario 53] An IT project involves migrating sensitive patient medical records to a hybrid cloud data warehouse. Which communication security protocol must be enforced for project artifacts containing PII/PHI?', 53, 1, true),
  ('30000000-0000-4000-8000-000000000806', '20000000-0000-4000-8000-000000000068', '[Technical Risk Communication - Scenario 54] A critical cybersecurity vulnerability is detected in a third-party project module during pre-release staging. What is the correct communication protocol for the project lead?', 54, 1, true),
  ('30000000-0000-4000-8000-000000000807', '20000000-0000-4000-8000-000000000068', '[Enterprise IT Governance - Scenario 55] Which IT governance framework provides structured guidance for aligning project management outcomes with enterprise IT service lifecycles and business value?', 55, 1, true),
  ('30000000-0000-4000-8000-000000000808', '20000000-0000-4000-8000-000000000068', '[Stakeholder Communication Planning - Scenario 56] A project manager leading an enterprise cloud transformation identifies key executive stakeholders who have high influence but low interest. What communication strategy should be applied according to the Stakeholder Power/Interest Grid?', 56, 1, true),
  ('30000000-0000-4000-8000-000000000809', '20000000-0000-4000-8000-000000000068', '[Agile Reporting & Collaboration - Scenario 57] During an agile software build, a remote cross-functional team experiences communication bottlenecks across time zones. Which tool combination establishes effective asynchronous governance?', 57, 1, true),
  ('30000000-0000-4000-8000-00000000080a', '20000000-0000-4000-8000-000000000068', '[Information Architecture & Security - Scenario 58] An IT project involves migrating sensitive patient medical records to a hybrid cloud data warehouse. Which communication security protocol must be enforced for project artifacts containing PII/PHI?', 58, 1, true),
  ('30000000-0000-4000-8000-00000000080b', '20000000-0000-4000-8000-000000000068', '[Technical Risk Communication - Scenario 59] A critical cybersecurity vulnerability is detected in a third-party project module during pre-release staging. What is the correct communication protocol for the project lead?', 59, 1, true),
  ('30000000-0000-4000-8000-00000000080c', '20000000-0000-4000-8000-000000000068', '[Enterprise IT Governance - Scenario 60] Which IT governance framework provides structured guidance for aligning project management outcomes with enterprise IT service lifecycles and business value?', 60, 1, true),
  ('30000000-0000-4000-8000-00000000080d', '20000000-0000-4000-8000-000000000068', '[Stakeholder Communication Planning - Scenario 61] A project manager leading an enterprise cloud transformation identifies key executive stakeholders who have high influence but low interest. What communication strategy should be applied according to the Stakeholder Power/Interest Grid?', 61, 1, true),
  ('30000000-0000-4000-8000-00000000080e', '20000000-0000-4000-8000-000000000068', '[Agile Reporting & Collaboration - Scenario 62] During an agile software build, a remote cross-functional team experiences communication bottlenecks across time zones. Which tool combination establishes effective asynchronous governance?', 62, 1, true),
  ('30000000-0000-4000-8000-00000000080f', '20000000-0000-4000-8000-000000000068', '[Information Architecture & Security - Scenario 63] An IT project involves migrating sensitive patient medical records to a hybrid cloud data warehouse. Which communication security protocol must be enforced for project artifacts containing PII/PHI?', 63, 1, true),
  ('30000000-0000-4000-8000-000000000810', '20000000-0000-4000-8000-000000000068', '[Technical Risk Communication - Scenario 64] A critical cybersecurity vulnerability is detected in a third-party project module during pre-release staging. What is the correct communication protocol for the project lead?', 64, 1, true),
  ('30000000-0000-4000-8000-000000000811', '20000000-0000-4000-8000-000000000068', '[Enterprise IT Governance - Scenario 65] Which IT governance framework provides structured guidance for aligning project management outcomes with enterprise IT service lifecycles and business value?', 65, 1, true),
  ('30000000-0000-4000-8000-000000000812', '20000000-0000-4000-8000-000000000068', '[Stakeholder Communication Planning - Scenario 66] A project manager leading an enterprise cloud transformation identifies key executive stakeholders who have high influence but low interest. What communication strategy should be applied according to the Stakeholder Power/Interest Grid?', 66, 1, true),
  ('30000000-0000-4000-8000-000000000813', '20000000-0000-4000-8000-000000000068', '[Agile Reporting & Collaboration - Scenario 67] During an agile software build, a remote cross-functional team experiences communication bottlenecks across time zones. Which tool combination establishes effective asynchronous governance?', 67, 1, true),
  ('30000000-0000-4000-8000-000000000814', '20000000-0000-4000-8000-000000000068', '[Information Architecture & Security - Scenario 68] An IT project involves migrating sensitive patient medical records to a hybrid cloud data warehouse. Which communication security protocol must be enforced for project artifacts containing PII/PHI?', 68, 1, true),
  ('30000000-0000-4000-8000-000000000815', '20000000-0000-4000-8000-000000000068', '[Technical Risk Communication - Scenario 69] A critical cybersecurity vulnerability is detected in a third-party project module during pre-release staging. What is the correct communication protocol for the project lead?', 69, 1, true),
  ('30000000-0000-4000-8000-000000000816', '20000000-0000-4000-8000-000000000068', '[Enterprise IT Governance - Scenario 70] Which IT governance framework provides structured guidance for aligning project management outcomes with enterprise IT service lifecycles and business value?', 70, 1, true),
  ('30000000-0000-4000-8000-000000000817', '20000000-0000-4000-8000-000000000068', '[Stakeholder Communication Planning - Scenario 71] A project manager leading an enterprise cloud transformation identifies key executive stakeholders who have high influence but low interest. What communication strategy should be applied according to the Stakeholder Power/Interest Grid?', 71, 1, true),
  ('30000000-0000-4000-8000-000000000818', '20000000-0000-4000-8000-000000000068', '[Agile Reporting & Collaboration - Scenario 72] During an agile software build, a remote cross-functional team experiences communication bottlenecks across time zones. Which tool combination establishes effective asynchronous governance?', 72, 1, true),
  ('30000000-0000-4000-8000-000000000819', '20000000-0000-4000-8000-000000000068', '[Information Architecture & Security - Scenario 73] An IT project involves migrating sensitive patient medical records to a hybrid cloud data warehouse. Which communication security protocol must be enforced for project artifacts containing PII/PHI?', 73, 1, true),
  ('30000000-0000-4000-8000-00000000081a', '20000000-0000-4000-8000-000000000068', '[Technical Risk Communication - Scenario 74] A critical cybersecurity vulnerability is detected in a third-party project module during pre-release staging. What is the correct communication protocol for the project lead?', 74, 1, true),
  ('30000000-0000-4000-8000-00000000081b', '20000000-0000-4000-8000-000000000068', '[Enterprise IT Governance - Scenario 75] Which IT governance framework provides structured guidance for aligning project management outcomes with enterprise IT service lifecycles and business value?', 75, 1, true)
on conflict (id) do update
set question_text = excluded.question_text,
    position = excluded.position,
    updated_at = now();

-- 4. Insert Options (300 options)
insert into public.question_options (id, question_id, option_text, position)
values
  ('40000000-0000-4000-8000-000000001f45', '30000000-0000-4000-8000-0000000007d1', 'Keep Satisfied: Provide concise, high-level milestone updates focused on risk mitigation and ROI.', 1),
  ('40000000-0000-4000-8000-000000001f46', '30000000-0000-4000-8000-0000000007d1', 'Manage Closely: Require them to attend daily 30-minute agile standups.', 2),
  ('40000000-0000-4000-8000-000000001f47', '30000000-0000-4000-8000-0000000007d1', 'Monitor Only: Send them raw technical server logs at the end of every sprint.', 3),
  ('40000000-0000-4000-8000-000000001f48', '30000000-0000-4000-8000-0000000007d1', 'Keep Informed: Engage them in detailed user interface wireframe review sessions.', 4),
  ('40000000-0000-4000-8000-000000001f49', '30000000-0000-4000-8000-0000000007d2', 'Mandatory late-night video conferences twice daily for all developer teams.', 1),
  ('40000000-0000-4000-8000-000000001f4a', '30000000-0000-4000-8000-0000000007d2', 'Centralized kanban task boards with daily asynchronous standup threads and integrated code repositories.', 2),
  ('40000000-0000-4000-8000-000000001f4b', '30000000-0000-4000-8000-0000000007d2', 'Replacing all ticketing systems with unorganized team messaging channels.', 3),
  ('40000000-0000-4000-8000-000000001f4c', '30000000-0000-4000-8000-0000000007d2', 'Relying exclusively on weekly PDF status reports distributed via email attachments.', 4),
  ('40000000-0000-4000-8000-000000001f4d', '30000000-0000-4000-8000-0000000007d3', 'Storing project files in a public cloud folder protected only by a shared master password.', 1),
  ('40000000-0000-4000-8000-000000001f4e', '30000000-0000-4000-8000-0000000007d3', 'Distributing unencrypted patient samples to external QA vendors via standard email.', 2),
  ('40000000-0000-4000-8000-000000001f4f', '30000000-0000-4000-8000-0000000007d3', 'Role-based access controls (RBAC) with end-to-end encryption and audit logging for all shared project repositories.', 3),
  ('40000000-0000-4000-8000-000000001f50', '30000000-0000-4000-8000-0000000007d3', 'Disabling file access logs to maximize server download performance during testing.', 4),
  ('40000000-0000-4000-8000-000000001f51', '30000000-0000-4000-8000-0000000007d4', 'Conceal the vulnerability until the post-launch maintenance patch cycle next quarter.', 1),
  ('40000000-0000-4000-8000-000000001f52', '30000000-0000-4000-8000-0000000007d4', 'Notify public news media immediately before conducting internal technical verification.', 2),
  ('40000000-0000-4000-8000-000000001f53', '30000000-0000-4000-8000-0000000007d4', 'Unilaterally shut down the entire enterprise network without notifying business unit leaders.', 3),
  ('40000000-0000-4000-8000-000000001f54', '30000000-0000-4000-8000-0000000007d4', 'Escalate immediately to the Risk Committee and Technical Lead with a vulnerability summary and proposed remediation timeline.', 4),
  ('40000000-0000-4000-8000-000000001f55', '30000000-0000-4000-8000-0000000007d5', 'COBIT combined with ITIL service management frameworks.', 1),
  ('40000000-0000-4000-8000-000000001f56', '30000000-0000-4000-8000-0000000007d5', 'ANSI/ASHRAE datacenter cooling standards.', 2),
  ('40000000-0000-4000-8000-000000001f57', '30000000-0000-4000-8000-0000000007d5', 'IEEE 802.11 wireless network transmission protocols.', 3),
  ('40000000-0000-4000-8000-000000001f58', '30000000-0000-4000-8000-0000000007d5', 'W3C Cascading Style Sheets specification.', 4),
  ('40000000-0000-4000-8000-000000001f59', '30000000-0000-4000-8000-0000000007d6', 'Manage Closely: Require them to attend daily 30-minute agile standups.', 1),
  ('40000000-0000-4000-8000-000000001f5a', '30000000-0000-4000-8000-0000000007d6', 'Keep Satisfied: Provide concise, high-level milestone updates focused on risk mitigation and ROI.', 2),
  ('40000000-0000-4000-8000-000000001f5b', '30000000-0000-4000-8000-0000000007d6', 'Monitor Only: Send them raw technical server logs at the end of every sprint.', 3),
  ('40000000-0000-4000-8000-000000001f5c', '30000000-0000-4000-8000-0000000007d6', 'Keep Informed: Engage them in detailed user interface wireframe review sessions.', 4),
  ('40000000-0000-4000-8000-000000001f5d', '30000000-0000-4000-8000-0000000007d7', 'Mandatory late-night video conferences twice daily for all developer teams.', 1),
  ('40000000-0000-4000-8000-000000001f5e', '30000000-0000-4000-8000-0000000007d7', 'Replacing all ticketing systems with unorganized team messaging channels.', 2),
  ('40000000-0000-4000-8000-000000001f5f', '30000000-0000-4000-8000-0000000007d7', 'Centralized kanban task boards with daily asynchronous standup threads and integrated code repositories.', 3),
  ('40000000-0000-4000-8000-000000001f60', '30000000-0000-4000-8000-0000000007d7', 'Relying exclusively on weekly PDF status reports distributed via email attachments.', 4),
  ('40000000-0000-4000-8000-000000001f61', '30000000-0000-4000-8000-0000000007d8', 'Storing project files in a public cloud folder protected only by a shared master password.', 1),
  ('40000000-0000-4000-8000-000000001f62', '30000000-0000-4000-8000-0000000007d8', 'Distributing unencrypted patient samples to external QA vendors via standard email.', 2),
  ('40000000-0000-4000-8000-000000001f63', '30000000-0000-4000-8000-0000000007d8', 'Disabling file access logs to maximize server download performance during testing.', 3),
  ('40000000-0000-4000-8000-000000001f64', '30000000-0000-4000-8000-0000000007d8', 'Role-based access controls (RBAC) with end-to-end encryption and audit logging for all shared project repositories.', 4),
  ('40000000-0000-4000-8000-000000001f65', '30000000-0000-4000-8000-0000000007d9', 'Escalate immediately to the Risk Committee and Technical Lead with a vulnerability summary and proposed remediation timeline.', 1),
  ('40000000-0000-4000-8000-000000001f66', '30000000-0000-4000-8000-0000000007d9', 'Conceal the vulnerability until the post-launch maintenance patch cycle next quarter.', 2),
  ('40000000-0000-4000-8000-000000001f67', '30000000-0000-4000-8000-0000000007d9', 'Notify public news media immediately before conducting internal technical verification.', 3),
  ('40000000-0000-4000-8000-000000001f68', '30000000-0000-4000-8000-0000000007d9', 'Unilaterally shut down the entire enterprise network without notifying business unit leaders.', 4),
  ('40000000-0000-4000-8000-000000001f69', '30000000-0000-4000-8000-0000000007da', 'ANSI/ASHRAE datacenter cooling standards.', 1),
  ('40000000-0000-4000-8000-000000001f6a', '30000000-0000-4000-8000-0000000007da', 'COBIT combined with ITIL service management frameworks.', 2),
  ('40000000-0000-4000-8000-000000001f6b', '30000000-0000-4000-8000-0000000007da', 'IEEE 802.11 wireless network transmission protocols.', 3),
  ('40000000-0000-4000-8000-000000001f6c', '30000000-0000-4000-8000-0000000007da', 'W3C Cascading Style Sheets specification.', 4),
  ('40000000-0000-4000-8000-000000001f6d', '30000000-0000-4000-8000-0000000007db', 'Manage Closely: Require them to attend daily 30-minute agile standups.', 1),
  ('40000000-0000-4000-8000-000000001f6e', '30000000-0000-4000-8000-0000000007db', 'Monitor Only: Send them raw technical server logs at the end of every sprint.', 2),
  ('40000000-0000-4000-8000-000000001f6f', '30000000-0000-4000-8000-0000000007db', 'Keep Satisfied: Provide concise, high-level milestone updates focused on risk mitigation and ROI.', 3),
  ('40000000-0000-4000-8000-000000001f70', '30000000-0000-4000-8000-0000000007db', 'Keep Informed: Engage them in detailed user interface wireframe review sessions.', 4),
  ('40000000-0000-4000-8000-000000001f71', '30000000-0000-4000-8000-0000000007dc', 'Mandatory late-night video conferences twice daily for all developer teams.', 1),
  ('40000000-0000-4000-8000-000000001f72', '30000000-0000-4000-8000-0000000007dc', 'Replacing all ticketing systems with unorganized team messaging channels.', 2),
  ('40000000-0000-4000-8000-000000001f73', '30000000-0000-4000-8000-0000000007dc', 'Relying exclusively on weekly PDF status reports distributed via email attachments.', 3),
  ('40000000-0000-4000-8000-000000001f74', '30000000-0000-4000-8000-0000000007dc', 'Centralized kanban task boards with daily asynchronous standup threads and integrated code repositories.', 4),
  ('40000000-0000-4000-8000-000000001f75', '30000000-0000-4000-8000-0000000007dd', 'Role-based access controls (RBAC) with end-to-end encryption and audit logging for all shared project repositories.', 1),
  ('40000000-0000-4000-8000-000000001f76', '30000000-0000-4000-8000-0000000007dd', 'Storing project files in a public cloud folder protected only by a shared master password.', 2),
  ('40000000-0000-4000-8000-000000001f77', '30000000-0000-4000-8000-0000000007dd', 'Distributing unencrypted patient samples to external QA vendors via standard email.', 3),
  ('40000000-0000-4000-8000-000000001f78', '30000000-0000-4000-8000-0000000007dd', 'Disabling file access logs to maximize server download performance during testing.', 4),
  ('40000000-0000-4000-8000-000000001f79', '30000000-0000-4000-8000-0000000007de', 'Conceal the vulnerability until the post-launch maintenance patch cycle next quarter.', 1),
  ('40000000-0000-4000-8000-000000001f7a', '30000000-0000-4000-8000-0000000007de', 'Escalate immediately to the Risk Committee and Technical Lead with a vulnerability summary and proposed remediation timeline.', 2),
  ('40000000-0000-4000-8000-000000001f7b', '30000000-0000-4000-8000-0000000007de', 'Notify public news media immediately before conducting internal technical verification.', 3),
  ('40000000-0000-4000-8000-000000001f7c', '30000000-0000-4000-8000-0000000007de', 'Unilaterally shut down the entire enterprise network without notifying business unit leaders.', 4),
  ('40000000-0000-4000-8000-000000001f7d', '30000000-0000-4000-8000-0000000007df', 'ANSI/ASHRAE datacenter cooling standards.', 1),
  ('40000000-0000-4000-8000-000000001f7e', '30000000-0000-4000-8000-0000000007df', 'IEEE 802.11 wireless network transmission protocols.', 2),
  ('40000000-0000-4000-8000-000000001f7f', '30000000-0000-4000-8000-0000000007df', 'COBIT combined with ITIL service management frameworks.', 3),
  ('40000000-0000-4000-8000-000000001f80', '30000000-0000-4000-8000-0000000007df', 'W3C Cascading Style Sheets specification.', 4),
  ('40000000-0000-4000-8000-000000001f81', '30000000-0000-4000-8000-0000000007e0', 'Manage Closely: Require them to attend daily 30-minute agile standups.', 1),
  ('40000000-0000-4000-8000-000000001f82', '30000000-0000-4000-8000-0000000007e0', 'Monitor Only: Send them raw technical server logs at the end of every sprint.', 2),
  ('40000000-0000-4000-8000-000000001f83', '30000000-0000-4000-8000-0000000007e0', 'Keep Informed: Engage them in detailed user interface wireframe review sessions.', 3),
  ('40000000-0000-4000-8000-000000001f84', '30000000-0000-4000-8000-0000000007e0', 'Keep Satisfied: Provide concise, high-level milestone updates focused on risk mitigation and ROI.', 4),
  ('40000000-0000-4000-8000-000000001f85', '30000000-0000-4000-8000-0000000007e1', 'Centralized kanban task boards with daily asynchronous standup threads and integrated code repositories.', 1),
  ('40000000-0000-4000-8000-000000001f86', '30000000-0000-4000-8000-0000000007e1', 'Mandatory late-night video conferences twice daily for all developer teams.', 2),
  ('40000000-0000-4000-8000-000000001f87', '30000000-0000-4000-8000-0000000007e1', 'Replacing all ticketing systems with unorganized team messaging channels.', 3),
  ('40000000-0000-4000-8000-000000001f88', '30000000-0000-4000-8000-0000000007e1', 'Relying exclusively on weekly PDF status reports distributed via email attachments.', 4),
  ('40000000-0000-4000-8000-000000001f89', '30000000-0000-4000-8000-0000000007e2', 'Storing project files in a public cloud folder protected only by a shared master password.', 1),
  ('40000000-0000-4000-8000-000000001f8a', '30000000-0000-4000-8000-0000000007e2', 'Role-based access controls (RBAC) with end-to-end encryption and audit logging for all shared project repositories.', 2),
  ('40000000-0000-4000-8000-000000001f8b', '30000000-0000-4000-8000-0000000007e2', 'Distributing unencrypted patient samples to external QA vendors via standard email.', 3),
  ('40000000-0000-4000-8000-000000001f8c', '30000000-0000-4000-8000-0000000007e2', 'Disabling file access logs to maximize server download performance during testing.', 4),
  ('40000000-0000-4000-8000-000000001f8d', '30000000-0000-4000-8000-0000000007e3', 'Conceal the vulnerability until the post-launch maintenance patch cycle next quarter.', 1),
  ('40000000-0000-4000-8000-000000001f8e', '30000000-0000-4000-8000-0000000007e3', 'Notify public news media immediately before conducting internal technical verification.', 2),
  ('40000000-0000-4000-8000-000000001f8f', '30000000-0000-4000-8000-0000000007e3', 'Escalate immediately to the Risk Committee and Technical Lead with a vulnerability summary and proposed remediation timeline.', 3),
  ('40000000-0000-4000-8000-000000001f90', '30000000-0000-4000-8000-0000000007e3', 'Unilaterally shut down the entire enterprise network without notifying business unit leaders.', 4),
  ('40000000-0000-4000-8000-000000001f91', '30000000-0000-4000-8000-0000000007e4', 'ANSI/ASHRAE datacenter cooling standards.', 1),
  ('40000000-0000-4000-8000-000000001f92', '30000000-0000-4000-8000-0000000007e4', 'IEEE 802.11 wireless network transmission protocols.', 2),
  ('40000000-0000-4000-8000-000000001f93', '30000000-0000-4000-8000-0000000007e4', 'W3C Cascading Style Sheets specification.', 3),
  ('40000000-0000-4000-8000-000000001f94', '30000000-0000-4000-8000-0000000007e4', 'COBIT combined with ITIL service management frameworks.', 4),
  ('40000000-0000-4000-8000-000000001f95', '30000000-0000-4000-8000-0000000007e5', 'Keep Satisfied: Provide concise, high-level milestone updates focused on risk mitigation and ROI.', 1),
  ('40000000-0000-4000-8000-000000001f96', '30000000-0000-4000-8000-0000000007e5', 'Manage Closely: Require them to attend daily 30-minute agile standups.', 2),
  ('40000000-0000-4000-8000-000000001f97', '30000000-0000-4000-8000-0000000007e5', 'Monitor Only: Send them raw technical server logs at the end of every sprint.', 3),
  ('40000000-0000-4000-8000-000000001f98', '30000000-0000-4000-8000-0000000007e5', 'Keep Informed: Engage them in detailed user interface wireframe review sessions.', 4),
  ('40000000-0000-4000-8000-000000001f99', '30000000-0000-4000-8000-0000000007e6', 'Mandatory late-night video conferences twice daily for all developer teams.', 1),
  ('40000000-0000-4000-8000-000000001f9a', '30000000-0000-4000-8000-0000000007e6', 'Centralized kanban task boards with daily asynchronous standup threads and integrated code repositories.', 2),
  ('40000000-0000-4000-8000-000000001f9b', '30000000-0000-4000-8000-0000000007e6', 'Replacing all ticketing systems with unorganized team messaging channels.', 3),
  ('40000000-0000-4000-8000-000000001f9c', '30000000-0000-4000-8000-0000000007e6', 'Relying exclusively on weekly PDF status reports distributed via email attachments.', 4),
  ('40000000-0000-4000-8000-000000001f9d', '30000000-0000-4000-8000-0000000007e7', 'Storing project files in a public cloud folder protected only by a shared master password.', 1),
  ('40000000-0000-4000-8000-000000001f9e', '30000000-0000-4000-8000-0000000007e7', 'Distributing unencrypted patient samples to external QA vendors via standard email.', 2),
  ('40000000-0000-4000-8000-000000001f9f', '30000000-0000-4000-8000-0000000007e7', 'Role-based access controls (RBAC) with end-to-end encryption and audit logging for all shared project repositories.', 3),
  ('40000000-0000-4000-8000-000000001fa0', '30000000-0000-4000-8000-0000000007e7', 'Disabling file access logs to maximize server download performance during testing.', 4),
  ('40000000-0000-4000-8000-000000001fa1', '30000000-0000-4000-8000-0000000007e8', 'Conceal the vulnerability until the post-launch maintenance patch cycle next quarter.', 1),
  ('40000000-0000-4000-8000-000000001fa2', '30000000-0000-4000-8000-0000000007e8', 'Notify public news media immediately before conducting internal technical verification.', 2),
  ('40000000-0000-4000-8000-000000001fa3', '30000000-0000-4000-8000-0000000007e8', 'Unilaterally shut down the entire enterprise network without notifying business unit leaders.', 3),
  ('40000000-0000-4000-8000-000000001fa4', '30000000-0000-4000-8000-0000000007e8', 'Escalate immediately to the Risk Committee and Technical Lead with a vulnerability summary and proposed remediation timeline.', 4),
  ('40000000-0000-4000-8000-000000001fa5', '30000000-0000-4000-8000-0000000007e9', 'COBIT combined with ITIL service management frameworks.', 1),
  ('40000000-0000-4000-8000-000000001fa6', '30000000-0000-4000-8000-0000000007e9', 'ANSI/ASHRAE datacenter cooling standards.', 2),
  ('40000000-0000-4000-8000-000000001fa7', '30000000-0000-4000-8000-0000000007e9', 'IEEE 802.11 wireless network transmission protocols.', 3),
  ('40000000-0000-4000-8000-000000001fa8', '30000000-0000-4000-8000-0000000007e9', 'W3C Cascading Style Sheets specification.', 4),
  ('40000000-0000-4000-8000-000000001fa9', '30000000-0000-4000-8000-0000000007ea', 'Manage Closely: Require them to attend daily 30-minute agile standups.', 1),
  ('40000000-0000-4000-8000-000000001faa', '30000000-0000-4000-8000-0000000007ea', 'Keep Satisfied: Provide concise, high-level milestone updates focused on risk mitigation and ROI.', 2),
  ('40000000-0000-4000-8000-000000001fab', '30000000-0000-4000-8000-0000000007ea', 'Monitor Only: Send them raw technical server logs at the end of every sprint.', 3),
  ('40000000-0000-4000-8000-000000001fac', '30000000-0000-4000-8000-0000000007ea', 'Keep Informed: Engage them in detailed user interface wireframe review sessions.', 4),
  ('40000000-0000-4000-8000-000000001fad', '30000000-0000-4000-8000-0000000007eb', 'Mandatory late-night video conferences twice daily for all developer teams.', 1),
  ('40000000-0000-4000-8000-000000001fae', '30000000-0000-4000-8000-0000000007eb', 'Replacing all ticketing systems with unorganized team messaging channels.', 2),
  ('40000000-0000-4000-8000-000000001faf', '30000000-0000-4000-8000-0000000007eb', 'Centralized kanban task boards with daily asynchronous standup threads and integrated code repositories.', 3),
  ('40000000-0000-4000-8000-000000001fb0', '30000000-0000-4000-8000-0000000007eb', 'Relying exclusively on weekly PDF status reports distributed via email attachments.', 4),
  ('40000000-0000-4000-8000-000000001fb1', '30000000-0000-4000-8000-0000000007ec', 'Storing project files in a public cloud folder protected only by a shared master password.', 1),
  ('40000000-0000-4000-8000-000000001fb2', '30000000-0000-4000-8000-0000000007ec', 'Distributing unencrypted patient samples to external QA vendors via standard email.', 2),
  ('40000000-0000-4000-8000-000000001fb3', '30000000-0000-4000-8000-0000000007ec', 'Disabling file access logs to maximize server download performance during testing.', 3),
  ('40000000-0000-4000-8000-000000001fb4', '30000000-0000-4000-8000-0000000007ec', 'Role-based access controls (RBAC) with end-to-end encryption and audit logging for all shared project repositories.', 4),
  ('40000000-0000-4000-8000-000000001fb5', '30000000-0000-4000-8000-0000000007ed', 'Escalate immediately to the Risk Committee and Technical Lead with a vulnerability summary and proposed remediation timeline.', 1),
  ('40000000-0000-4000-8000-000000001fb6', '30000000-0000-4000-8000-0000000007ed', 'Conceal the vulnerability until the post-launch maintenance patch cycle next quarter.', 2),
  ('40000000-0000-4000-8000-000000001fb7', '30000000-0000-4000-8000-0000000007ed', 'Notify public news media immediately before conducting internal technical verification.', 3),
  ('40000000-0000-4000-8000-000000001fb8', '30000000-0000-4000-8000-0000000007ed', 'Unilaterally shut down the entire enterprise network without notifying business unit leaders.', 4),
  ('40000000-0000-4000-8000-000000001fb9', '30000000-0000-4000-8000-0000000007ee', 'ANSI/ASHRAE datacenter cooling standards.', 1),
  ('40000000-0000-4000-8000-000000001fba', '30000000-0000-4000-8000-0000000007ee', 'COBIT combined with ITIL service management frameworks.', 2),
  ('40000000-0000-4000-8000-000000001fbb', '30000000-0000-4000-8000-0000000007ee', 'IEEE 802.11 wireless network transmission protocols.', 3),
  ('40000000-0000-4000-8000-000000001fbc', '30000000-0000-4000-8000-0000000007ee', 'W3C Cascading Style Sheets specification.', 4),
  ('40000000-0000-4000-8000-000000001fbd', '30000000-0000-4000-8000-0000000007ef', 'Manage Closely: Require them to attend daily 30-minute agile standups.', 1),
  ('40000000-0000-4000-8000-000000001fbe', '30000000-0000-4000-8000-0000000007ef', 'Monitor Only: Send them raw technical server logs at the end of every sprint.', 2),
  ('40000000-0000-4000-8000-000000001fbf', '30000000-0000-4000-8000-0000000007ef', 'Keep Satisfied: Provide concise, high-level milestone updates focused on risk mitigation and ROI.', 3),
  ('40000000-0000-4000-8000-000000001fc0', '30000000-0000-4000-8000-0000000007ef', 'Keep Informed: Engage them in detailed user interface wireframe review sessions.', 4),
  ('40000000-0000-4000-8000-000000001fc1', '30000000-0000-4000-8000-0000000007f0', 'Mandatory late-night video conferences twice daily for all developer teams.', 1),
  ('40000000-0000-4000-8000-000000001fc2', '30000000-0000-4000-8000-0000000007f0', 'Replacing all ticketing systems with unorganized team messaging channels.', 2),
  ('40000000-0000-4000-8000-000000001fc3', '30000000-0000-4000-8000-0000000007f0', 'Relying exclusively on weekly PDF status reports distributed via email attachments.', 3),
  ('40000000-0000-4000-8000-000000001fc4', '30000000-0000-4000-8000-0000000007f0', 'Centralized kanban task boards with daily asynchronous standup threads and integrated code repositories.', 4),
  ('40000000-0000-4000-8000-000000001fc5', '30000000-0000-4000-8000-0000000007f1', 'Role-based access controls (RBAC) with end-to-end encryption and audit logging for all shared project repositories.', 1),
  ('40000000-0000-4000-8000-000000001fc6', '30000000-0000-4000-8000-0000000007f1', 'Storing project files in a public cloud folder protected only by a shared master password.', 2),
  ('40000000-0000-4000-8000-000000001fc7', '30000000-0000-4000-8000-0000000007f1', 'Distributing unencrypted patient samples to external QA vendors via standard email.', 3),
  ('40000000-0000-4000-8000-000000001fc8', '30000000-0000-4000-8000-0000000007f1', 'Disabling file access logs to maximize server download performance during testing.', 4),
  ('40000000-0000-4000-8000-000000001fc9', '30000000-0000-4000-8000-0000000007f2', 'Conceal the vulnerability until the post-launch maintenance patch cycle next quarter.', 1),
  ('40000000-0000-4000-8000-000000001fca', '30000000-0000-4000-8000-0000000007f2', 'Escalate immediately to the Risk Committee and Technical Lead with a vulnerability summary and proposed remediation timeline.', 2),
  ('40000000-0000-4000-8000-000000001fcb', '30000000-0000-4000-8000-0000000007f2', 'Notify public news media immediately before conducting internal technical verification.', 3),
  ('40000000-0000-4000-8000-000000001fcc', '30000000-0000-4000-8000-0000000007f2', 'Unilaterally shut down the entire enterprise network without notifying business unit leaders.', 4),
  ('40000000-0000-4000-8000-000000001fcd', '30000000-0000-4000-8000-0000000007f3', 'ANSI/ASHRAE datacenter cooling standards.', 1),
  ('40000000-0000-4000-8000-000000001fce', '30000000-0000-4000-8000-0000000007f3', 'IEEE 802.11 wireless network transmission protocols.', 2),
  ('40000000-0000-4000-8000-000000001fcf', '30000000-0000-4000-8000-0000000007f3', 'COBIT combined with ITIL service management frameworks.', 3),
  ('40000000-0000-4000-8000-000000001fd0', '30000000-0000-4000-8000-0000000007f3', 'W3C Cascading Style Sheets specification.', 4),
  ('40000000-0000-4000-8000-000000001fd1', '30000000-0000-4000-8000-0000000007f4', 'Manage Closely: Require them to attend daily 30-minute agile standups.', 1),
  ('40000000-0000-4000-8000-000000001fd2', '30000000-0000-4000-8000-0000000007f4', 'Monitor Only: Send them raw technical server logs at the end of every sprint.', 2),
  ('40000000-0000-4000-8000-000000001fd3', '30000000-0000-4000-8000-0000000007f4', 'Keep Informed: Engage them in detailed user interface wireframe review sessions.', 3),
  ('40000000-0000-4000-8000-000000001fd4', '30000000-0000-4000-8000-0000000007f4', 'Keep Satisfied: Provide concise, high-level milestone updates focused on risk mitigation and ROI.', 4),
  ('40000000-0000-4000-8000-000000001fd5', '30000000-0000-4000-8000-0000000007f5', 'Centralized kanban task boards with daily asynchronous standup threads and integrated code repositories.', 1),
  ('40000000-0000-4000-8000-000000001fd6', '30000000-0000-4000-8000-0000000007f5', 'Mandatory late-night video conferences twice daily for all developer teams.', 2),
  ('40000000-0000-4000-8000-000000001fd7', '30000000-0000-4000-8000-0000000007f5', 'Replacing all ticketing systems with unorganized team messaging channels.', 3),
  ('40000000-0000-4000-8000-000000001fd8', '30000000-0000-4000-8000-0000000007f5', 'Relying exclusively on weekly PDF status reports distributed via email attachments.', 4),
  ('40000000-0000-4000-8000-000000001fd9', '30000000-0000-4000-8000-0000000007f6', 'Storing project files in a public cloud folder protected only by a shared master password.', 1),
  ('40000000-0000-4000-8000-000000001fda', '30000000-0000-4000-8000-0000000007f6', 'Role-based access controls (RBAC) with end-to-end encryption and audit logging for all shared project repositories.', 2),
  ('40000000-0000-4000-8000-000000001fdb', '30000000-0000-4000-8000-0000000007f6', 'Distributing unencrypted patient samples to external QA vendors via standard email.', 3),
  ('40000000-0000-4000-8000-000000001fdc', '30000000-0000-4000-8000-0000000007f6', 'Disabling file access logs to maximize server download performance during testing.', 4),
  ('40000000-0000-4000-8000-000000001fdd', '30000000-0000-4000-8000-0000000007f7', 'Conceal the vulnerability until the post-launch maintenance patch cycle next quarter.', 1),
  ('40000000-0000-4000-8000-000000001fde', '30000000-0000-4000-8000-0000000007f7', 'Notify public news media immediately before conducting internal technical verification.', 2),
  ('40000000-0000-4000-8000-000000001fdf', '30000000-0000-4000-8000-0000000007f7', 'Escalate immediately to the Risk Committee and Technical Lead with a vulnerability summary and proposed remediation timeline.', 3),
  ('40000000-0000-4000-8000-000000001fe0', '30000000-0000-4000-8000-0000000007f7', 'Unilaterally shut down the entire enterprise network without notifying business unit leaders.', 4),
  ('40000000-0000-4000-8000-000000001fe1', '30000000-0000-4000-8000-0000000007f8', 'ANSI/ASHRAE datacenter cooling standards.', 1),
  ('40000000-0000-4000-8000-000000001fe2', '30000000-0000-4000-8000-0000000007f8', 'IEEE 802.11 wireless network transmission protocols.', 2),
  ('40000000-0000-4000-8000-000000001fe3', '30000000-0000-4000-8000-0000000007f8', 'W3C Cascading Style Sheets specification.', 3),
  ('40000000-0000-4000-8000-000000001fe4', '30000000-0000-4000-8000-0000000007f8', 'COBIT combined with ITIL service management frameworks.', 4),
  ('40000000-0000-4000-8000-000000001fe5', '30000000-0000-4000-8000-0000000007f9', 'Keep Satisfied: Provide concise, high-level milestone updates focused on risk mitigation and ROI.', 1),
  ('40000000-0000-4000-8000-000000001fe6', '30000000-0000-4000-8000-0000000007f9', 'Manage Closely: Require them to attend daily 30-minute agile standups.', 2),
  ('40000000-0000-4000-8000-000000001fe7', '30000000-0000-4000-8000-0000000007f9', 'Monitor Only: Send them raw technical server logs at the end of every sprint.', 3),
  ('40000000-0000-4000-8000-000000001fe8', '30000000-0000-4000-8000-0000000007f9', 'Keep Informed: Engage them in detailed user interface wireframe review sessions.', 4),
  ('40000000-0000-4000-8000-000000001fe9', '30000000-0000-4000-8000-0000000007fa', 'Mandatory late-night video conferences twice daily for all developer teams.', 1),
  ('40000000-0000-4000-8000-000000001fea', '30000000-0000-4000-8000-0000000007fa', 'Centralized kanban task boards with daily asynchronous standup threads and integrated code repositories.', 2),
  ('40000000-0000-4000-8000-000000001feb', '30000000-0000-4000-8000-0000000007fa', 'Replacing all ticketing systems with unorganized team messaging channels.', 3),
  ('40000000-0000-4000-8000-000000001fec', '30000000-0000-4000-8000-0000000007fa', 'Relying exclusively on weekly PDF status reports distributed via email attachments.', 4),
  ('40000000-0000-4000-8000-000000001fed', '30000000-0000-4000-8000-0000000007fb', 'Storing project files in a public cloud folder protected only by a shared master password.', 1),
  ('40000000-0000-4000-8000-000000001fee', '30000000-0000-4000-8000-0000000007fb', 'Distributing unencrypted patient samples to external QA vendors via standard email.', 2),
  ('40000000-0000-4000-8000-000000001fef', '30000000-0000-4000-8000-0000000007fb', 'Role-based access controls (RBAC) with end-to-end encryption and audit logging for all shared project repositories.', 3),
  ('40000000-0000-4000-8000-000000001ff0', '30000000-0000-4000-8000-0000000007fb', 'Disabling file access logs to maximize server download performance during testing.', 4),
  ('40000000-0000-4000-8000-000000001ff1', '30000000-0000-4000-8000-0000000007fc', 'Conceal the vulnerability until the post-launch maintenance patch cycle next quarter.', 1),
  ('40000000-0000-4000-8000-000000001ff2', '30000000-0000-4000-8000-0000000007fc', 'Notify public news media immediately before conducting internal technical verification.', 2),
  ('40000000-0000-4000-8000-000000001ff3', '30000000-0000-4000-8000-0000000007fc', 'Unilaterally shut down the entire enterprise network without notifying business unit leaders.', 3),
  ('40000000-0000-4000-8000-000000001ff4', '30000000-0000-4000-8000-0000000007fc', 'Escalate immediately to the Risk Committee and Technical Lead with a vulnerability summary and proposed remediation timeline.', 4),
  ('40000000-0000-4000-8000-000000001ff5', '30000000-0000-4000-8000-0000000007fd', 'COBIT combined with ITIL service management frameworks.', 1),
  ('40000000-0000-4000-8000-000000001ff6', '30000000-0000-4000-8000-0000000007fd', 'ANSI/ASHRAE datacenter cooling standards.', 2),
  ('40000000-0000-4000-8000-000000001ff7', '30000000-0000-4000-8000-0000000007fd', 'IEEE 802.11 wireless network transmission protocols.', 3),
  ('40000000-0000-4000-8000-000000001ff8', '30000000-0000-4000-8000-0000000007fd', 'W3C Cascading Style Sheets specification.', 4),
  ('40000000-0000-4000-8000-000000001ff9', '30000000-0000-4000-8000-0000000007fe', 'Manage Closely: Require them to attend daily 30-minute agile standups.', 1),
  ('40000000-0000-4000-8000-000000001ffa', '30000000-0000-4000-8000-0000000007fe', 'Keep Satisfied: Provide concise, high-level milestone updates focused on risk mitigation and ROI.', 2),
  ('40000000-0000-4000-8000-000000001ffb', '30000000-0000-4000-8000-0000000007fe', 'Monitor Only: Send them raw technical server logs at the end of every sprint.', 3),
  ('40000000-0000-4000-8000-000000001ffc', '30000000-0000-4000-8000-0000000007fe', 'Keep Informed: Engage them in detailed user interface wireframe review sessions.', 4),
  ('40000000-0000-4000-8000-000000001ffd', '30000000-0000-4000-8000-0000000007ff', 'Mandatory late-night video conferences twice daily for all developer teams.', 1),
  ('40000000-0000-4000-8000-000000001ffe', '30000000-0000-4000-8000-0000000007ff', 'Replacing all ticketing systems with unorganized team messaging channels.', 2),
  ('40000000-0000-4000-8000-000000001fff', '30000000-0000-4000-8000-0000000007ff', 'Centralized kanban task boards with daily asynchronous standup threads and integrated code repositories.', 3),
  ('40000000-0000-4000-8000-000000002000', '30000000-0000-4000-8000-0000000007ff', 'Relying exclusively on weekly PDF status reports distributed via email attachments.', 4),
  ('40000000-0000-4000-8000-000000002001', '30000000-0000-4000-8000-000000000800', 'Storing project files in a public cloud folder protected only by a shared master password.', 1),
  ('40000000-0000-4000-8000-000000002002', '30000000-0000-4000-8000-000000000800', 'Distributing unencrypted patient samples to external QA vendors via standard email.', 2),
  ('40000000-0000-4000-8000-000000002003', '30000000-0000-4000-8000-000000000800', 'Disabling file access logs to maximize server download performance during testing.', 3),
  ('40000000-0000-4000-8000-000000002004', '30000000-0000-4000-8000-000000000800', 'Role-based access controls (RBAC) with end-to-end encryption and audit logging for all shared project repositories.', 4),
  ('40000000-0000-4000-8000-000000002005', '30000000-0000-4000-8000-000000000801', 'Escalate immediately to the Risk Committee and Technical Lead with a vulnerability summary and proposed remediation timeline.', 1),
  ('40000000-0000-4000-8000-000000002006', '30000000-0000-4000-8000-000000000801', 'Conceal the vulnerability until the post-launch maintenance patch cycle next quarter.', 2),
  ('40000000-0000-4000-8000-000000002007', '30000000-0000-4000-8000-000000000801', 'Notify public news media immediately before conducting internal technical verification.', 3),
  ('40000000-0000-4000-8000-000000002008', '30000000-0000-4000-8000-000000000801', 'Unilaterally shut down the entire enterprise network without notifying business unit leaders.', 4),
  ('40000000-0000-4000-8000-000000002009', '30000000-0000-4000-8000-000000000802', 'ANSI/ASHRAE datacenter cooling standards.', 1),
  ('40000000-0000-4000-8000-00000000200a', '30000000-0000-4000-8000-000000000802', 'COBIT combined with ITIL service management frameworks.', 2),
  ('40000000-0000-4000-8000-00000000200b', '30000000-0000-4000-8000-000000000802', 'IEEE 802.11 wireless network transmission protocols.', 3),
  ('40000000-0000-4000-8000-00000000200c', '30000000-0000-4000-8000-000000000802', 'W3C Cascading Style Sheets specification.', 4),
  ('40000000-0000-4000-8000-00000000200d', '30000000-0000-4000-8000-000000000803', 'Manage Closely: Require them to attend daily 30-minute agile standups.', 1),
  ('40000000-0000-4000-8000-00000000200e', '30000000-0000-4000-8000-000000000803', 'Monitor Only: Send them raw technical server logs at the end of every sprint.', 2),
  ('40000000-0000-4000-8000-00000000200f', '30000000-0000-4000-8000-000000000803', 'Keep Satisfied: Provide concise, high-level milestone updates focused on risk mitigation and ROI.', 3),
  ('40000000-0000-4000-8000-000000002010', '30000000-0000-4000-8000-000000000803', 'Keep Informed: Engage them in detailed user interface wireframe review sessions.', 4),
  ('40000000-0000-4000-8000-000000002011', '30000000-0000-4000-8000-000000000804', 'Mandatory late-night video conferences twice daily for all developer teams.', 1),
  ('40000000-0000-4000-8000-000000002012', '30000000-0000-4000-8000-000000000804', 'Replacing all ticketing systems with unorganized team messaging channels.', 2),
  ('40000000-0000-4000-8000-000000002013', '30000000-0000-4000-8000-000000000804', 'Relying exclusively on weekly PDF status reports distributed via email attachments.', 3),
  ('40000000-0000-4000-8000-000000002014', '30000000-0000-4000-8000-000000000804', 'Centralized kanban task boards with daily asynchronous standup threads and integrated code repositories.', 4),
  ('40000000-0000-4000-8000-000000002015', '30000000-0000-4000-8000-000000000805', 'Role-based access controls (RBAC) with end-to-end encryption and audit logging for all shared project repositories.', 1),
  ('40000000-0000-4000-8000-000000002016', '30000000-0000-4000-8000-000000000805', 'Storing project files in a public cloud folder protected only by a shared master password.', 2),
  ('40000000-0000-4000-8000-000000002017', '30000000-0000-4000-8000-000000000805', 'Distributing unencrypted patient samples to external QA vendors via standard email.', 3),
  ('40000000-0000-4000-8000-000000002018', '30000000-0000-4000-8000-000000000805', 'Disabling file access logs to maximize server download performance during testing.', 4),
  ('40000000-0000-4000-8000-000000002019', '30000000-0000-4000-8000-000000000806', 'Conceal the vulnerability until the post-launch maintenance patch cycle next quarter.', 1),
  ('40000000-0000-4000-8000-00000000201a', '30000000-0000-4000-8000-000000000806', 'Escalate immediately to the Risk Committee and Technical Lead with a vulnerability summary and proposed remediation timeline.', 2),
  ('40000000-0000-4000-8000-00000000201b', '30000000-0000-4000-8000-000000000806', 'Notify public news media immediately before conducting internal technical verification.', 3),
  ('40000000-0000-4000-8000-00000000201c', '30000000-0000-4000-8000-000000000806', 'Unilaterally shut down the entire enterprise network without notifying business unit leaders.', 4),
  ('40000000-0000-4000-8000-00000000201d', '30000000-0000-4000-8000-000000000807', 'ANSI/ASHRAE datacenter cooling standards.', 1),
  ('40000000-0000-4000-8000-00000000201e', '30000000-0000-4000-8000-000000000807', 'IEEE 802.11 wireless network transmission protocols.', 2),
  ('40000000-0000-4000-8000-00000000201f', '30000000-0000-4000-8000-000000000807', 'COBIT combined with ITIL service management frameworks.', 3),
  ('40000000-0000-4000-8000-000000002020', '30000000-0000-4000-8000-000000000807', 'W3C Cascading Style Sheets specification.', 4),
  ('40000000-0000-4000-8000-000000002021', '30000000-0000-4000-8000-000000000808', 'Manage Closely: Require them to attend daily 30-minute agile standups.', 1),
  ('40000000-0000-4000-8000-000000002022', '30000000-0000-4000-8000-000000000808', 'Monitor Only: Send them raw technical server logs at the end of every sprint.', 2),
  ('40000000-0000-4000-8000-000000002023', '30000000-0000-4000-8000-000000000808', 'Keep Informed: Engage them in detailed user interface wireframe review sessions.', 3),
  ('40000000-0000-4000-8000-000000002024', '30000000-0000-4000-8000-000000000808', 'Keep Satisfied: Provide concise, high-level milestone updates focused on risk mitigation and ROI.', 4),
  ('40000000-0000-4000-8000-000000002025', '30000000-0000-4000-8000-000000000809', 'Centralized kanban task boards with daily asynchronous standup threads and integrated code repositories.', 1),
  ('40000000-0000-4000-8000-000000002026', '30000000-0000-4000-8000-000000000809', 'Mandatory late-night video conferences twice daily for all developer teams.', 2),
  ('40000000-0000-4000-8000-000000002027', '30000000-0000-4000-8000-000000000809', 'Replacing all ticketing systems with unorganized team messaging channels.', 3),
  ('40000000-0000-4000-8000-000000002028', '30000000-0000-4000-8000-000000000809', 'Relying exclusively on weekly PDF status reports distributed via email attachments.', 4),
  ('40000000-0000-4000-8000-000000002029', '30000000-0000-4000-8000-00000000080a', 'Storing project files in a public cloud folder protected only by a shared master password.', 1),
  ('40000000-0000-4000-8000-00000000202a', '30000000-0000-4000-8000-00000000080a', 'Role-based access controls (RBAC) with end-to-end encryption and audit logging for all shared project repositories.', 2),
  ('40000000-0000-4000-8000-00000000202b', '30000000-0000-4000-8000-00000000080a', 'Distributing unencrypted patient samples to external QA vendors via standard email.', 3),
  ('40000000-0000-4000-8000-00000000202c', '30000000-0000-4000-8000-00000000080a', 'Disabling file access logs to maximize server download performance during testing.', 4),
  ('40000000-0000-4000-8000-00000000202d', '30000000-0000-4000-8000-00000000080b', 'Conceal the vulnerability until the post-launch maintenance patch cycle next quarter.', 1),
  ('40000000-0000-4000-8000-00000000202e', '30000000-0000-4000-8000-00000000080b', 'Notify public news media immediately before conducting internal technical verification.', 2),
  ('40000000-0000-4000-8000-00000000202f', '30000000-0000-4000-8000-00000000080b', 'Escalate immediately to the Risk Committee and Technical Lead with a vulnerability summary and proposed remediation timeline.', 3),
  ('40000000-0000-4000-8000-000000002030', '30000000-0000-4000-8000-00000000080b', 'Unilaterally shut down the entire enterprise network without notifying business unit leaders.', 4),
  ('40000000-0000-4000-8000-000000002031', '30000000-0000-4000-8000-00000000080c', 'ANSI/ASHRAE datacenter cooling standards.', 1),
  ('40000000-0000-4000-8000-000000002032', '30000000-0000-4000-8000-00000000080c', 'IEEE 802.11 wireless network transmission protocols.', 2),
  ('40000000-0000-4000-8000-000000002033', '30000000-0000-4000-8000-00000000080c', 'W3C Cascading Style Sheets specification.', 3),
  ('40000000-0000-4000-8000-000000002034', '30000000-0000-4000-8000-00000000080c', 'COBIT combined with ITIL service management frameworks.', 4),
  ('40000000-0000-4000-8000-000000002035', '30000000-0000-4000-8000-00000000080d', 'Keep Satisfied: Provide concise, high-level milestone updates focused on risk mitigation and ROI.', 1),
  ('40000000-0000-4000-8000-000000002036', '30000000-0000-4000-8000-00000000080d', 'Manage Closely: Require them to attend daily 30-minute agile standups.', 2),
  ('40000000-0000-4000-8000-000000002037', '30000000-0000-4000-8000-00000000080d', 'Monitor Only: Send them raw technical server logs at the end of every sprint.', 3),
  ('40000000-0000-4000-8000-000000002038', '30000000-0000-4000-8000-00000000080d', 'Keep Informed: Engage them in detailed user interface wireframe review sessions.', 4),
  ('40000000-0000-4000-8000-000000002039', '30000000-0000-4000-8000-00000000080e', 'Mandatory late-night video conferences twice daily for all developer teams.', 1),
  ('40000000-0000-4000-8000-00000000203a', '30000000-0000-4000-8000-00000000080e', 'Centralized kanban task boards with daily asynchronous standup threads and integrated code repositories.', 2),
  ('40000000-0000-4000-8000-00000000203b', '30000000-0000-4000-8000-00000000080e', 'Replacing all ticketing systems with unorganized team messaging channels.', 3),
  ('40000000-0000-4000-8000-00000000203c', '30000000-0000-4000-8000-00000000080e', 'Relying exclusively on weekly PDF status reports distributed via email attachments.', 4),
  ('40000000-0000-4000-8000-00000000203d', '30000000-0000-4000-8000-00000000080f', 'Storing project files in a public cloud folder protected only by a shared master password.', 1),
  ('40000000-0000-4000-8000-00000000203e', '30000000-0000-4000-8000-00000000080f', 'Distributing unencrypted patient samples to external QA vendors via standard email.', 2),
  ('40000000-0000-4000-8000-00000000203f', '30000000-0000-4000-8000-00000000080f', 'Role-based access controls (RBAC) with end-to-end encryption and audit logging for all shared project repositories.', 3),
  ('40000000-0000-4000-8000-000000002040', '30000000-0000-4000-8000-00000000080f', 'Disabling file access logs to maximize server download performance during testing.', 4),
  ('40000000-0000-4000-8000-000000002041', '30000000-0000-4000-8000-000000000810', 'Conceal the vulnerability until the post-launch maintenance patch cycle next quarter.', 1),
  ('40000000-0000-4000-8000-000000002042', '30000000-0000-4000-8000-000000000810', 'Notify public news media immediately before conducting internal technical verification.', 2),
  ('40000000-0000-4000-8000-000000002043', '30000000-0000-4000-8000-000000000810', 'Unilaterally shut down the entire enterprise network without notifying business unit leaders.', 3),
  ('40000000-0000-4000-8000-000000002044', '30000000-0000-4000-8000-000000000810', 'Escalate immediately to the Risk Committee and Technical Lead with a vulnerability summary and proposed remediation timeline.', 4),
  ('40000000-0000-4000-8000-000000002045', '30000000-0000-4000-8000-000000000811', 'COBIT combined with ITIL service management frameworks.', 1),
  ('40000000-0000-4000-8000-000000002046', '30000000-0000-4000-8000-000000000811', 'ANSI/ASHRAE datacenter cooling standards.', 2),
  ('40000000-0000-4000-8000-000000002047', '30000000-0000-4000-8000-000000000811', 'IEEE 802.11 wireless network transmission protocols.', 3),
  ('40000000-0000-4000-8000-000000002048', '30000000-0000-4000-8000-000000000811', 'W3C Cascading Style Sheets specification.', 4),
  ('40000000-0000-4000-8000-000000002049', '30000000-0000-4000-8000-000000000812', 'Manage Closely: Require them to attend daily 30-minute agile standups.', 1),
  ('40000000-0000-4000-8000-00000000204a', '30000000-0000-4000-8000-000000000812', 'Keep Satisfied: Provide concise, high-level milestone updates focused on risk mitigation and ROI.', 2),
  ('40000000-0000-4000-8000-00000000204b', '30000000-0000-4000-8000-000000000812', 'Monitor Only: Send them raw technical server logs at the end of every sprint.', 3),
  ('40000000-0000-4000-8000-00000000204c', '30000000-0000-4000-8000-000000000812', 'Keep Informed: Engage them in detailed user interface wireframe review sessions.', 4),
  ('40000000-0000-4000-8000-00000000204d', '30000000-0000-4000-8000-000000000813', 'Mandatory late-night video conferences twice daily for all developer teams.', 1),
  ('40000000-0000-4000-8000-00000000204e', '30000000-0000-4000-8000-000000000813', 'Replacing all ticketing systems with unorganized team messaging channels.', 2),
  ('40000000-0000-4000-8000-00000000204f', '30000000-0000-4000-8000-000000000813', 'Centralized kanban task boards with daily asynchronous standup threads and integrated code repositories.', 3),
  ('40000000-0000-4000-8000-000000002050', '30000000-0000-4000-8000-000000000813', 'Relying exclusively on weekly PDF status reports distributed via email attachments.', 4),
  ('40000000-0000-4000-8000-000000002051', '30000000-0000-4000-8000-000000000814', 'Storing project files in a public cloud folder protected only by a shared master password.', 1),
  ('40000000-0000-4000-8000-000000002052', '30000000-0000-4000-8000-000000000814', 'Distributing unencrypted patient samples to external QA vendors via standard email.', 2),
  ('40000000-0000-4000-8000-000000002053', '30000000-0000-4000-8000-000000000814', 'Disabling file access logs to maximize server download performance during testing.', 3),
  ('40000000-0000-4000-8000-000000002054', '30000000-0000-4000-8000-000000000814', 'Role-based access controls (RBAC) with end-to-end encryption and audit logging for all shared project repositories.', 4),
  ('40000000-0000-4000-8000-000000002055', '30000000-0000-4000-8000-000000000815', 'Escalate immediately to the Risk Committee and Technical Lead with a vulnerability summary and proposed remediation timeline.', 1),
  ('40000000-0000-4000-8000-000000002056', '30000000-0000-4000-8000-000000000815', 'Conceal the vulnerability until the post-launch maintenance patch cycle next quarter.', 2),
  ('40000000-0000-4000-8000-000000002057', '30000000-0000-4000-8000-000000000815', 'Notify public news media immediately before conducting internal technical verification.', 3),
  ('40000000-0000-4000-8000-000000002058', '30000000-0000-4000-8000-000000000815', 'Unilaterally shut down the entire enterprise network without notifying business unit leaders.', 4),
  ('40000000-0000-4000-8000-000000002059', '30000000-0000-4000-8000-000000000816', 'ANSI/ASHRAE datacenter cooling standards.', 1),
  ('40000000-0000-4000-8000-00000000205a', '30000000-0000-4000-8000-000000000816', 'COBIT combined with ITIL service management frameworks.', 2),
  ('40000000-0000-4000-8000-00000000205b', '30000000-0000-4000-8000-000000000816', 'IEEE 802.11 wireless network transmission protocols.', 3),
  ('40000000-0000-4000-8000-00000000205c', '30000000-0000-4000-8000-000000000816', 'W3C Cascading Style Sheets specification.', 4),
  ('40000000-0000-4000-8000-00000000205d', '30000000-0000-4000-8000-000000000817', 'Manage Closely: Require them to attend daily 30-minute agile standups.', 1),
  ('40000000-0000-4000-8000-00000000205e', '30000000-0000-4000-8000-000000000817', 'Monitor Only: Send them raw technical server logs at the end of every sprint.', 2),
  ('40000000-0000-4000-8000-00000000205f', '30000000-0000-4000-8000-000000000817', 'Keep Satisfied: Provide concise, high-level milestone updates focused on risk mitigation and ROI.', 3),
  ('40000000-0000-4000-8000-000000002060', '30000000-0000-4000-8000-000000000817', 'Keep Informed: Engage them in detailed user interface wireframe review sessions.', 4),
  ('40000000-0000-4000-8000-000000002061', '30000000-0000-4000-8000-000000000818', 'Mandatory late-night video conferences twice daily for all developer teams.', 1),
  ('40000000-0000-4000-8000-000000002062', '30000000-0000-4000-8000-000000000818', 'Replacing all ticketing systems with unorganized team messaging channels.', 2),
  ('40000000-0000-4000-8000-000000002063', '30000000-0000-4000-8000-000000000818', 'Relying exclusively on weekly PDF status reports distributed via email attachments.', 3),
  ('40000000-0000-4000-8000-000000002064', '30000000-0000-4000-8000-000000000818', 'Centralized kanban task boards with daily asynchronous standup threads and integrated code repositories.', 4),
  ('40000000-0000-4000-8000-000000002065', '30000000-0000-4000-8000-000000000819', 'Role-based access controls (RBAC) with end-to-end encryption and audit logging for all shared project repositories.', 1),
  ('40000000-0000-4000-8000-000000002066', '30000000-0000-4000-8000-000000000819', 'Storing project files in a public cloud folder protected only by a shared master password.', 2),
  ('40000000-0000-4000-8000-000000002067', '30000000-0000-4000-8000-000000000819', 'Distributing unencrypted patient samples to external QA vendors via standard email.', 3),
  ('40000000-0000-4000-8000-000000002068', '30000000-0000-4000-8000-000000000819', 'Disabling file access logs to maximize server download performance during testing.', 4),
  ('40000000-0000-4000-8000-000000002069', '30000000-0000-4000-8000-00000000081a', 'Conceal the vulnerability until the post-launch maintenance patch cycle next quarter.', 1),
  ('40000000-0000-4000-8000-00000000206a', '30000000-0000-4000-8000-00000000081a', 'Escalate immediately to the Risk Committee and Technical Lead with a vulnerability summary and proposed remediation timeline.', 2),
  ('40000000-0000-4000-8000-00000000206b', '30000000-0000-4000-8000-00000000081a', 'Notify public news media immediately before conducting internal technical verification.', 3),
  ('40000000-0000-4000-8000-00000000206c', '30000000-0000-4000-8000-00000000081a', 'Unilaterally shut down the entire enterprise network without notifying business unit leaders.', 4),
  ('40000000-0000-4000-8000-00000000206d', '30000000-0000-4000-8000-00000000081b', 'ANSI/ASHRAE datacenter cooling standards.', 1),
  ('40000000-0000-4000-8000-00000000206e', '30000000-0000-4000-8000-00000000081b', 'IEEE 802.11 wireless network transmission protocols.', 2),
  ('40000000-0000-4000-8000-00000000206f', '30000000-0000-4000-8000-00000000081b', 'COBIT combined with ITIL service management frameworks.', 3),
  ('40000000-0000-4000-8000-000000002070', '30000000-0000-4000-8000-00000000081b', 'W3C Cascading Style Sheets specification.', 4)
on conflict (id) do update
set option_text = excluded.option_text,
    position = excluded.position;

-- 5. Insert Question Answer Keys (75 keys)
insert into public.question_answer_keys (question_id, correct_option_id, explanation)
values
  ('30000000-0000-4000-8000-0000000007d1', '40000000-0000-4000-8000-000000001f45', 'High power, low interest stakeholders should be kept satisfied through concise, strategic executive updates without overwhelming them.'),
  ('30000000-0000-4000-8000-0000000007d2', '40000000-0000-4000-8000-000000001f4a', 'Asynchronous agile governance relies on single-source-of-truth task boards and integrated documentation accessible across time zones.'),
  ('30000000-0000-4000-8000-0000000007d3', '40000000-0000-4000-8000-000000001f4f', 'PII/PHI data compliance mandates RBAC, end-to-end encryption, and full immutable audit trails across all environments.'),
  ('30000000-0000-4000-8000-0000000007d4', '40000000-0000-4000-8000-000000001f54', 'Immediate internal escalation with impact assessment and remediation paths is essential for technical risk management.'),
  ('30000000-0000-4000-8000-0000000007d5', '40000000-0000-4000-8000-000000001f55', 'COBIT and ITIL are industry standards for aligning enterprise IT projects with business strategic objectives and operational control.'),
  ('30000000-0000-4000-8000-0000000007d6', '40000000-0000-4000-8000-000000001f5a', 'High power, low interest stakeholders should be kept satisfied through concise, strategic executive updates without overwhelming them.'),
  ('30000000-0000-4000-8000-0000000007d7', '40000000-0000-4000-8000-000000001f5f', 'Asynchronous agile governance relies on single-source-of-truth task boards and integrated documentation accessible across time zones.'),
  ('30000000-0000-4000-8000-0000000007d8', '40000000-0000-4000-8000-000000001f64', 'PII/PHI data compliance mandates RBAC, end-to-end encryption, and full immutable audit trails across all environments.'),
  ('30000000-0000-4000-8000-0000000007d9', '40000000-0000-4000-8000-000000001f65', 'Immediate internal escalation with impact assessment and remediation paths is essential for technical risk management.'),
  ('30000000-0000-4000-8000-0000000007da', '40000000-0000-4000-8000-000000001f6a', 'COBIT and ITIL are industry standards for aligning enterprise IT projects with business strategic objectives and operational control.'),
  ('30000000-0000-4000-8000-0000000007db', '40000000-0000-4000-8000-000000001f6f', 'High power, low interest stakeholders should be kept satisfied through concise, strategic executive updates without overwhelming them.'),
  ('30000000-0000-4000-8000-0000000007dc', '40000000-0000-4000-8000-000000001f74', 'Asynchronous agile governance relies on single-source-of-truth task boards and integrated documentation accessible across time zones.'),
  ('30000000-0000-4000-8000-0000000007dd', '40000000-0000-4000-8000-000000001f75', 'PII/PHI data compliance mandates RBAC, end-to-end encryption, and full immutable audit trails across all environments.'),
  ('30000000-0000-4000-8000-0000000007de', '40000000-0000-4000-8000-000000001f7a', 'Immediate internal escalation with impact assessment and remediation paths is essential for technical risk management.'),
  ('30000000-0000-4000-8000-0000000007df', '40000000-0000-4000-8000-000000001f7f', 'COBIT and ITIL are industry standards for aligning enterprise IT projects with business strategic objectives and operational control.'),
  ('30000000-0000-4000-8000-0000000007e0', '40000000-0000-4000-8000-000000001f84', 'High power, low interest stakeholders should be kept satisfied through concise, strategic executive updates without overwhelming them.'),
  ('30000000-0000-4000-8000-0000000007e1', '40000000-0000-4000-8000-000000001f85', 'Asynchronous agile governance relies on single-source-of-truth task boards and integrated documentation accessible across time zones.'),
  ('30000000-0000-4000-8000-0000000007e2', '40000000-0000-4000-8000-000000001f8a', 'PII/PHI data compliance mandates RBAC, end-to-end encryption, and full immutable audit trails across all environments.'),
  ('30000000-0000-4000-8000-0000000007e3', '40000000-0000-4000-8000-000000001f8f', 'Immediate internal escalation with impact assessment and remediation paths is essential for technical risk management.'),
  ('30000000-0000-4000-8000-0000000007e4', '40000000-0000-4000-8000-000000001f94', 'COBIT and ITIL are industry standards for aligning enterprise IT projects with business strategic objectives and operational control.'),
  ('30000000-0000-4000-8000-0000000007e5', '40000000-0000-4000-8000-000000001f95', 'High power, low interest stakeholders should be kept satisfied through concise, strategic executive updates without overwhelming them.'),
  ('30000000-0000-4000-8000-0000000007e6', '40000000-0000-4000-8000-000000001f9a', 'Asynchronous agile governance relies on single-source-of-truth task boards and integrated documentation accessible across time zones.'),
  ('30000000-0000-4000-8000-0000000007e7', '40000000-0000-4000-8000-000000001f9f', 'PII/PHI data compliance mandates RBAC, end-to-end encryption, and full immutable audit trails across all environments.'),
  ('30000000-0000-4000-8000-0000000007e8', '40000000-0000-4000-8000-000000001fa4', 'Immediate internal escalation with impact assessment and remediation paths is essential for technical risk management.'),
  ('30000000-0000-4000-8000-0000000007e9', '40000000-0000-4000-8000-000000001fa5', 'COBIT and ITIL are industry standards for aligning enterprise IT projects with business strategic objectives and operational control.'),
  ('30000000-0000-4000-8000-0000000007ea', '40000000-0000-4000-8000-000000001faa', 'High power, low interest stakeholders should be kept satisfied through concise, strategic executive updates without overwhelming them.'),
  ('30000000-0000-4000-8000-0000000007eb', '40000000-0000-4000-8000-000000001faf', 'Asynchronous agile governance relies on single-source-of-truth task boards and integrated documentation accessible across time zones.'),
  ('30000000-0000-4000-8000-0000000007ec', '40000000-0000-4000-8000-000000001fb4', 'PII/PHI data compliance mandates RBAC, end-to-end encryption, and full immutable audit trails across all environments.'),
  ('30000000-0000-4000-8000-0000000007ed', '40000000-0000-4000-8000-000000001fb5', 'Immediate internal escalation with impact assessment and remediation paths is essential for technical risk management.'),
  ('30000000-0000-4000-8000-0000000007ee', '40000000-0000-4000-8000-000000001fba', 'COBIT and ITIL are industry standards for aligning enterprise IT projects with business strategic objectives and operational control.'),
  ('30000000-0000-4000-8000-0000000007ef', '40000000-0000-4000-8000-000000001fbf', 'High power, low interest stakeholders should be kept satisfied through concise, strategic executive updates without overwhelming them.'),
  ('30000000-0000-4000-8000-0000000007f0', '40000000-0000-4000-8000-000000001fc4', 'Asynchronous agile governance relies on single-source-of-truth task boards and integrated documentation accessible across time zones.'),
  ('30000000-0000-4000-8000-0000000007f1', '40000000-0000-4000-8000-000000001fc5', 'PII/PHI data compliance mandates RBAC, end-to-end encryption, and full immutable audit trails across all environments.'),
  ('30000000-0000-4000-8000-0000000007f2', '40000000-0000-4000-8000-000000001fca', 'Immediate internal escalation with impact assessment and remediation paths is essential for technical risk management.'),
  ('30000000-0000-4000-8000-0000000007f3', '40000000-0000-4000-8000-000000001fcf', 'COBIT and ITIL are industry standards for aligning enterprise IT projects with business strategic objectives and operational control.'),
  ('30000000-0000-4000-8000-0000000007f4', '40000000-0000-4000-8000-000000001fd4', 'High power, low interest stakeholders should be kept satisfied through concise, strategic executive updates without overwhelming them.'),
  ('30000000-0000-4000-8000-0000000007f5', '40000000-0000-4000-8000-000000001fd5', 'Asynchronous agile governance relies on single-source-of-truth task boards and integrated documentation accessible across time zones.'),
  ('30000000-0000-4000-8000-0000000007f6', '40000000-0000-4000-8000-000000001fda', 'PII/PHI data compliance mandates RBAC, end-to-end encryption, and full immutable audit trails across all environments.'),
  ('30000000-0000-4000-8000-0000000007f7', '40000000-0000-4000-8000-000000001fdf', 'Immediate internal escalation with impact assessment and remediation paths is essential for technical risk management.'),
  ('30000000-0000-4000-8000-0000000007f8', '40000000-0000-4000-8000-000000001fe4', 'COBIT and ITIL are industry standards for aligning enterprise IT projects with business strategic objectives and operational control.'),
  ('30000000-0000-4000-8000-0000000007f9', '40000000-0000-4000-8000-000000001fe5', 'High power, low interest stakeholders should be kept satisfied through concise, strategic executive updates without overwhelming them.'),
  ('30000000-0000-4000-8000-0000000007fa', '40000000-0000-4000-8000-000000001fea', 'Asynchronous agile governance relies on single-source-of-truth task boards and integrated documentation accessible across time zones.'),
  ('30000000-0000-4000-8000-0000000007fb', '40000000-0000-4000-8000-000000001fef', 'PII/PHI data compliance mandates RBAC, end-to-end encryption, and full immutable audit trails across all environments.'),
  ('30000000-0000-4000-8000-0000000007fc', '40000000-0000-4000-8000-000000001ff4', 'Immediate internal escalation with impact assessment and remediation paths is essential for technical risk management.'),
  ('30000000-0000-4000-8000-0000000007fd', '40000000-0000-4000-8000-000000001ff5', 'COBIT and ITIL are industry standards for aligning enterprise IT projects with business strategic objectives and operational control.'),
  ('30000000-0000-4000-8000-0000000007fe', '40000000-0000-4000-8000-000000001ffa', 'High power, low interest stakeholders should be kept satisfied through concise, strategic executive updates without overwhelming them.'),
  ('30000000-0000-4000-8000-0000000007ff', '40000000-0000-4000-8000-000000001fff', 'Asynchronous agile governance relies on single-source-of-truth task boards and integrated documentation accessible across time zones.'),
  ('30000000-0000-4000-8000-000000000800', '40000000-0000-4000-8000-000000002004', 'PII/PHI data compliance mandates RBAC, end-to-end encryption, and full immutable audit trails across all environments.'),
  ('30000000-0000-4000-8000-000000000801', '40000000-0000-4000-8000-000000002005', 'Immediate internal escalation with impact assessment and remediation paths is essential for technical risk management.'),
  ('30000000-0000-4000-8000-000000000802', '40000000-0000-4000-8000-00000000200a', 'COBIT and ITIL are industry standards for aligning enterprise IT projects with business strategic objectives and operational control.'),
  ('30000000-0000-4000-8000-000000000803', '40000000-0000-4000-8000-00000000200f', 'High power, low interest stakeholders should be kept satisfied through concise, strategic executive updates without overwhelming them.'),
  ('30000000-0000-4000-8000-000000000804', '40000000-0000-4000-8000-000000002014', 'Asynchronous agile governance relies on single-source-of-truth task boards and integrated documentation accessible across time zones.'),
  ('30000000-0000-4000-8000-000000000805', '40000000-0000-4000-8000-000000002015', 'PII/PHI data compliance mandates RBAC, end-to-end encryption, and full immutable audit trails across all environments.'),
  ('30000000-0000-4000-8000-000000000806', '40000000-0000-4000-8000-00000000201a', 'Immediate internal escalation with impact assessment and remediation paths is essential for technical risk management.'),
  ('30000000-0000-4000-8000-000000000807', '40000000-0000-4000-8000-00000000201f', 'COBIT and ITIL are industry standards for aligning enterprise IT projects with business strategic objectives and operational control.'),
  ('30000000-0000-4000-8000-000000000808', '40000000-0000-4000-8000-000000002024', 'High power, low interest stakeholders should be kept satisfied through concise, strategic executive updates without overwhelming them.'),
  ('30000000-0000-4000-8000-000000000809', '40000000-0000-4000-8000-000000002025', 'Asynchronous agile governance relies on single-source-of-truth task boards and integrated documentation accessible across time zones.'),
  ('30000000-0000-4000-8000-00000000080a', '40000000-0000-4000-8000-00000000202a', 'PII/PHI data compliance mandates RBAC, end-to-end encryption, and full immutable audit trails across all environments.'),
  ('30000000-0000-4000-8000-00000000080b', '40000000-0000-4000-8000-00000000202f', 'Immediate internal escalation with impact assessment and remediation paths is essential for technical risk management.'),
  ('30000000-0000-4000-8000-00000000080c', '40000000-0000-4000-8000-000000002034', 'COBIT and ITIL are industry standards for aligning enterprise IT projects with business strategic objectives and operational control.'),
  ('30000000-0000-4000-8000-00000000080d', '40000000-0000-4000-8000-000000002035', 'High power, low interest stakeholders should be kept satisfied through concise, strategic executive updates without overwhelming them.'),
  ('30000000-0000-4000-8000-00000000080e', '40000000-0000-4000-8000-00000000203a', 'Asynchronous agile governance relies on single-source-of-truth task boards and integrated documentation accessible across time zones.'),
  ('30000000-0000-4000-8000-00000000080f', '40000000-0000-4000-8000-00000000203f', 'PII/PHI data compliance mandates RBAC, end-to-end encryption, and full immutable audit trails across all environments.'),
  ('30000000-0000-4000-8000-000000000810', '40000000-0000-4000-8000-000000002044', 'Immediate internal escalation with impact assessment and remediation paths is essential for technical risk management.'),
  ('30000000-0000-4000-8000-000000000811', '40000000-0000-4000-8000-000000002045', 'COBIT and ITIL are industry standards for aligning enterprise IT projects with business strategic objectives and operational control.'),
  ('30000000-0000-4000-8000-000000000812', '40000000-0000-4000-8000-00000000204a', 'High power, low interest stakeholders should be kept satisfied through concise, strategic executive updates without overwhelming them.'),
  ('30000000-0000-4000-8000-000000000813', '40000000-0000-4000-8000-00000000204f', 'Asynchronous agile governance relies on single-source-of-truth task boards and integrated documentation accessible across time zones.'),
  ('30000000-0000-4000-8000-000000000814', '40000000-0000-4000-8000-000000002054', 'PII/PHI data compliance mandates RBAC, end-to-end encryption, and full immutable audit trails across all environments.'),
  ('30000000-0000-4000-8000-000000000815', '40000000-0000-4000-8000-000000002055', 'Immediate internal escalation with impact assessment and remediation paths is essential for technical risk management.'),
  ('30000000-0000-4000-8000-000000000816', '40000000-0000-4000-8000-00000000205a', 'COBIT and ITIL are industry standards for aligning enterprise IT projects with business strategic objectives and operational control.'),
  ('30000000-0000-4000-8000-000000000817', '40000000-0000-4000-8000-00000000205f', 'High power, low interest stakeholders should be kept satisfied through concise, strategic executive updates without overwhelming them.'),
  ('30000000-0000-4000-8000-000000000818', '40000000-0000-4000-8000-000000002064', 'Asynchronous agile governance relies on single-source-of-truth task boards and integrated documentation accessible across time zones.'),
  ('30000000-0000-4000-8000-000000000819', '40000000-0000-4000-8000-000000002065', 'PII/PHI data compliance mandates RBAC, end-to-end encryption, and full immutable audit trails across all environments.'),
  ('30000000-0000-4000-8000-00000000081a', '40000000-0000-4000-8000-00000000206a', 'Immediate internal escalation with impact assessment and remediation paths is essential for technical risk management.'),
  ('30000000-0000-4000-8000-00000000081b', '40000000-0000-4000-8000-00000000206f', 'COBIT and ITIL are industry standards for aligning enterprise IT projects with business strategic objectives and operational control.')
on conflict (question_id) do update
set correct_option_id = excluded.correct_option_id,
    explanation = excluded.explanation,
    updated_at = now();

commit;
