begin;

-- 1. Insert PM Programme
insert into public.programmes (id, code, name, description, is_active)
values (
  '10000000-0000-4000-8000-000000000067',
  'PM',
  'Performance Management',
  'Evaluates key capabilities in strategic goal alignment, OKRs, continuous feedback loops, professional coaching, appraisal systems, and performance improvement structures.',
  true
)
on conflict (code) do update
set name = excluded.name,
    description = excluded.description,
    is_active = true,
    updated_at = now();

-- 2. Insert PM Examination
insert into public.examinations (
  id, programme_id, title, instructions, duration_minutes, pass_mark,
  status, max_attempts, randomize_questions, randomize_options,
  allow_self_enrollment
)
values (
  '20000000-0000-4000-8000-000000000067',
  '10000000-0000-4000-8000-000000000067',
  'Performance Management (PM)',
  'Answer all 50 multiple-choice questions. This examination evaluates core capabilities in strategic performance planning, goal alignment, and corporate talent optimization.',
  60,
  70,
  'published',
  1,
  false,
  false,
  true
)
on conflict (id) do update
set programme_id = excluded.programme_id,
    title = excluded.title,
    instructions = excluded.instructions,
    duration_minutes = excluded.duration_minutes,
    pass_mark = excluded.pass_mark,
    status = excluded.status,
    max_attempts = excluded.max_attempts,
    randomize_questions = excluded.randomize_questions,
    randomize_options = excluded.randomize_options,
    allow_self_enrollment = excluded.allow_self_enrollment,
    updated_at = now();

-- 3. Insert Questions (50 questions)
insert into public.questions (id, examination_id, question_text, position, points, is_active)
values
  ('30000000-0000-4000-8000-0000000003e9', '20000000-0000-4000-8000-000000000067', '[Strategic Goal Alignment & OKRs - Scenario 1] During an annual strategic review, a department head attempts to cascade corporate Key Results directly into individual KPIs without team adaptation. What risk does this present to organizational performance alignment?', 1, 1, true),
  ('30000000-0000-4000-8000-0000000003ea', '20000000-0000-4000-8000-000000000067', '[Continuous Feedback & Coaching - Scenario 2] An HR manager notices that annual performance reviews suffer from recency bias. Which performance management mechanism best counteracts this issue?', 2, 1, true),
  ('30000000-0000-4000-8000-0000000003eb', '20000000-0000-4000-8000-000000000067', '[Performance Appraisal Systems - Scenario 3] A multi-national corporation adopts a 360-degree feedback framework. To ensure confidentiality and psychological safety, how should peer feedback be handled?', 3, 1, true),
  ('30000000-0000-4000-8000-0000000003ec', '20000000-0000-4000-8000-000000000067', '[Performance Improvement Plans (PIP) - Scenario 4] An employee with consistently declining performance metrics is placed on a 60-day PIP. What is the essential requirement for the PIP to be legally and ethically sound?', 4, 1, true),
  ('30000000-0000-4000-8000-0000000003ed', '20000000-0000-4000-8000-000000000067', '[Incentives & Talent Development - Scenario 5] When designing a variable pay incentive structure linked to team performance, which principle ensures high motivation without encouraging toxic internal competition?', 5, 1, true),
  ('30000000-0000-4000-8000-0000000003ee', '20000000-0000-4000-8000-000000000067', '[Strategic Goal Alignment & OKRs - Scenario 6] During an annual strategic review, a department head attempts to cascade corporate Key Results directly into individual KPIs without team adaptation. What risk does this present to organizational performance alignment?', 6, 1, true),
  ('30000000-0000-4000-8000-0000000003ef', '20000000-0000-4000-8000-000000000067', '[Continuous Feedback & Coaching - Scenario 7] An HR manager notices that annual performance reviews suffer from recency bias. Which performance management mechanism best counteracts this issue?', 7, 1, true),
  ('30000000-0000-4000-8000-0000000003f0', '20000000-0000-4000-8000-000000000067', '[Performance Appraisal Systems - Scenario 8] A multi-national corporation adopts a 360-degree feedback framework. To ensure confidentiality and psychological safety, how should peer feedback be handled?', 8, 1, true),
  ('30000000-0000-4000-8000-0000000003f1', '20000000-0000-4000-8000-000000000067', '[Performance Improvement Plans (PIP) - Scenario 9] An employee with consistently declining performance metrics is placed on a 60-day PIP. What is the essential requirement for the PIP to be legally and ethically sound?', 9, 1, true),
  ('30000000-0000-4000-8000-0000000003f2', '20000000-0000-4000-8000-000000000067', '[Incentives & Talent Development - Scenario 10] When designing a variable pay incentive structure linked to team performance, which principle ensures high motivation without encouraging toxic internal competition?', 10, 1, true),
  ('30000000-0000-4000-8000-0000000003f3', '20000000-0000-4000-8000-000000000067', '[Strategic Goal Alignment & OKRs - Scenario 11] During an annual strategic review, a department head attempts to cascade corporate Key Results directly into individual KPIs without team adaptation. What risk does this present to organizational performance alignment?', 11, 1, true),
  ('30000000-0000-4000-8000-0000000003f4', '20000000-0000-4000-8000-000000000067', '[Continuous Feedback & Coaching - Scenario 12] An HR manager notices that annual performance reviews suffer from recency bias. Which performance management mechanism best counteracts this issue?', 12, 1, true),
  ('30000000-0000-4000-8000-0000000003f5', '20000000-0000-4000-8000-000000000067', '[Performance Appraisal Systems - Scenario 13] A multi-national corporation adopts a 360-degree feedback framework. To ensure confidentiality and psychological safety, how should peer feedback be handled?', 13, 1, true),
  ('30000000-0000-4000-8000-0000000003f6', '20000000-0000-4000-8000-000000000067', '[Performance Improvement Plans (PIP) - Scenario 14] An employee with consistently declining performance metrics is placed on a 60-day PIP. What is the essential requirement for the PIP to be legally and ethically sound?', 14, 1, true),
  ('30000000-0000-4000-8000-0000000003f7', '20000000-0000-4000-8000-000000000067', '[Incentives & Talent Development - Scenario 15] When designing a variable pay incentive structure linked to team performance, which principle ensures high motivation without encouraging toxic internal competition?', 15, 1, true),
  ('30000000-0000-4000-8000-0000000003f8', '20000000-0000-4000-8000-000000000067', '[Strategic Goal Alignment & OKRs - Scenario 16] During an annual strategic review, a department head attempts to cascade corporate Key Results directly into individual KPIs without team adaptation. What risk does this present to organizational performance alignment?', 16, 1, true),
  ('30000000-0000-4000-8000-0000000003f9', '20000000-0000-4000-8000-000000000067', '[Continuous Feedback & Coaching - Scenario 17] An HR manager notices that annual performance reviews suffer from recency bias. Which performance management mechanism best counteracts this issue?', 17, 1, true),
  ('30000000-0000-4000-8000-0000000003fa', '20000000-0000-4000-8000-000000000067', '[Performance Appraisal Systems - Scenario 18] A multi-national corporation adopts a 360-degree feedback framework. To ensure confidentiality and psychological safety, how should peer feedback be handled?', 18, 1, true),
  ('30000000-0000-4000-8000-0000000003fb', '20000000-0000-4000-8000-000000000067', '[Performance Improvement Plans (PIP) - Scenario 19] An employee with consistently declining performance metrics is placed on a 60-day PIP. What is the essential requirement for the PIP to be legally and ethically sound?', 19, 1, true),
  ('30000000-0000-4000-8000-0000000003fc', '20000000-0000-4000-8000-000000000067', '[Incentives & Talent Development - Scenario 20] When designing a variable pay incentive structure linked to team performance, which principle ensures high motivation without encouraging toxic internal competition?', 20, 1, true),
  ('30000000-0000-4000-8000-0000000003fd', '20000000-0000-4000-8000-000000000067', '[Strategic Goal Alignment & OKRs - Scenario 21] During an annual strategic review, a department head attempts to cascade corporate Key Results directly into individual KPIs without team adaptation. What risk does this present to organizational performance alignment?', 21, 1, true),
  ('30000000-0000-4000-8000-0000000003fe', '20000000-0000-4000-8000-000000000067', '[Continuous Feedback & Coaching - Scenario 22] An HR manager notices that annual performance reviews suffer from recency bias. Which performance management mechanism best counteracts this issue?', 22, 1, true),
  ('30000000-0000-4000-8000-0000000003ff', '20000000-0000-4000-8000-000000000067', '[Performance Appraisal Systems - Scenario 23] A multi-national corporation adopts a 360-degree feedback framework. To ensure confidentiality and psychological safety, how should peer feedback be handled?', 23, 1, true),
  ('30000000-0000-4000-8000-000000000400', '20000000-0000-4000-8000-000000000067', '[Performance Improvement Plans (PIP) - Scenario 24] An employee with consistently declining performance metrics is placed on a 60-day PIP. What is the essential requirement for the PIP to be legally and ethically sound?', 24, 1, true),
  ('30000000-0000-4000-8000-000000000401', '20000000-0000-4000-8000-000000000067', '[Incentives & Talent Development - Scenario 25] When designing a variable pay incentive structure linked to team performance, which principle ensures high motivation without encouraging toxic internal competition?', 25, 1, true),
  ('30000000-0000-4000-8000-000000000402', '20000000-0000-4000-8000-000000000067', '[Strategic Goal Alignment & OKRs - Scenario 26] During an annual strategic review, a department head attempts to cascade corporate Key Results directly into individual KPIs without team adaptation. What risk does this present to organizational performance alignment?', 26, 1, true),
  ('30000000-0000-4000-8000-000000000403', '20000000-0000-4000-8000-000000000067', '[Continuous Feedback & Coaching - Scenario 27] An HR manager notices that annual performance reviews suffer from recency bias. Which performance management mechanism best counteracts this issue?', 27, 1, true),
  ('30000000-0000-4000-8000-000000000404', '20000000-0000-4000-8000-000000000067', '[Performance Appraisal Systems - Scenario 28] A multi-national corporation adopts a 360-degree feedback framework. To ensure confidentiality and psychological safety, how should peer feedback be handled?', 28, 1, true),
  ('30000000-0000-4000-8000-000000000405', '20000000-0000-4000-8000-000000000067', '[Performance Improvement Plans (PIP) - Scenario 29] An employee with consistently declining performance metrics is placed on a 60-day PIP. What is the essential requirement for the PIP to be legally and ethically sound?', 29, 1, true),
  ('30000000-0000-4000-8000-000000000406', '20000000-0000-4000-8000-000000000067', '[Incentives & Talent Development - Scenario 30] When designing a variable pay incentive structure linked to team performance, which principle ensures high motivation without encouraging toxic internal competition?', 30, 1, true),
  ('30000000-0000-4000-8000-000000000407', '20000000-0000-4000-8000-000000000067', '[Strategic Goal Alignment & OKRs - Scenario 31] During an annual strategic review, a department head attempts to cascade corporate Key Results directly into individual KPIs without team adaptation. What risk does this present to organizational performance alignment?', 31, 1, true),
  ('30000000-0000-4000-8000-000000000408', '20000000-0000-4000-8000-000000000067', '[Continuous Feedback & Coaching - Scenario 32] An HR manager notices that annual performance reviews suffer from recency bias. Which performance management mechanism best counteracts this issue?', 32, 1, true),
  ('30000000-0000-4000-8000-000000000409', '20000000-0000-4000-8000-000000000067', '[Performance Appraisal Systems - Scenario 33] A multi-national corporation adopts a 360-degree feedback framework. To ensure confidentiality and psychological safety, how should peer feedback be handled?', 33, 1, true),
  ('30000000-0000-4000-8000-00000000040a', '20000000-0000-4000-8000-000000000067', '[Performance Improvement Plans (PIP) - Scenario 34] An employee with consistently declining performance metrics is placed on a 60-day PIP. What is the essential requirement for the PIP to be legally and ethically sound?', 34, 1, true),
  ('30000000-0000-4000-8000-00000000040b', '20000000-0000-4000-8000-000000000067', '[Incentives & Talent Development - Scenario 35] When designing a variable pay incentive structure linked to team performance, which principle ensures high motivation without encouraging toxic internal competition?', 35, 1, true),
  ('30000000-0000-4000-8000-00000000040c', '20000000-0000-4000-8000-000000000067', '[Strategic Goal Alignment & OKRs - Scenario 36] During an annual strategic review, a department head attempts to cascade corporate Key Results directly into individual KPIs without team adaptation. What risk does this present to organizational performance alignment?', 36, 1, true),
  ('30000000-0000-4000-8000-00000000040d', '20000000-0000-4000-8000-000000000067', '[Continuous Feedback & Coaching - Scenario 37] An HR manager notices that annual performance reviews suffer from recency bias. Which performance management mechanism best counteracts this issue?', 37, 1, true),
  ('30000000-0000-4000-8000-00000000040e', '20000000-0000-4000-8000-000000000067', '[Performance Appraisal Systems - Scenario 38] A multi-national corporation adopts a 360-degree feedback framework. To ensure confidentiality and psychological safety, how should peer feedback be handled?', 38, 1, true),
  ('30000000-0000-4000-8000-00000000040f', '20000000-0000-4000-8000-000000000067', '[Performance Improvement Plans (PIP) - Scenario 39] An employee with consistently declining performance metrics is placed on a 60-day PIP. What is the essential requirement for the PIP to be legally and ethically sound?', 39, 1, true),
  ('30000000-0000-4000-8000-000000000410', '20000000-0000-4000-8000-000000000067', '[Incentives & Talent Development - Scenario 40] When designing a variable pay incentive structure linked to team performance, which principle ensures high motivation without encouraging toxic internal competition?', 40, 1, true),
  ('30000000-0000-4000-8000-000000000411', '20000000-0000-4000-8000-000000000067', '[Strategic Goal Alignment & OKRs - Scenario 41] During an annual strategic review, a department head attempts to cascade corporate Key Results directly into individual KPIs without team adaptation. What risk does this present to organizational performance alignment?', 41, 1, true),
  ('30000000-0000-4000-8000-000000000412', '20000000-0000-4000-8000-000000000067', '[Continuous Feedback & Coaching - Scenario 42] An HR manager notices that annual performance reviews suffer from recency bias. Which performance management mechanism best counteracts this issue?', 42, 1, true),
  ('30000000-0000-4000-8000-000000000413', '20000000-0000-4000-8000-000000000067', '[Performance Appraisal Systems - Scenario 43] A multi-national corporation adopts a 360-degree feedback framework. To ensure confidentiality and psychological safety, how should peer feedback be handled?', 43, 1, true),
  ('30000000-0000-4000-8000-000000000414', '20000000-0000-4000-8000-000000000067', '[Performance Improvement Plans (PIP) - Scenario 44] An employee with consistently declining performance metrics is placed on a 60-day PIP. What is the essential requirement for the PIP to be legally and ethically sound?', 44, 1, true),
  ('30000000-0000-4000-8000-000000000415', '20000000-0000-4000-8000-000000000067', '[Incentives & Talent Development - Scenario 45] When designing a variable pay incentive structure linked to team performance, which principle ensures high motivation without encouraging toxic internal competition?', 45, 1, true),
  ('30000000-0000-4000-8000-000000000416', '20000000-0000-4000-8000-000000000067', '[Strategic Goal Alignment & OKRs - Scenario 46] During an annual strategic review, a department head attempts to cascade corporate Key Results directly into individual KPIs without team adaptation. What risk does this present to organizational performance alignment?', 46, 1, true),
  ('30000000-0000-4000-8000-000000000417', '20000000-0000-4000-8000-000000000067', '[Continuous Feedback & Coaching - Scenario 47] An HR manager notices that annual performance reviews suffer from recency bias. Which performance management mechanism best counteracts this issue?', 47, 1, true),
  ('30000000-0000-4000-8000-000000000418', '20000000-0000-4000-8000-000000000067', '[Performance Appraisal Systems - Scenario 48] A multi-national corporation adopts a 360-degree feedback framework. To ensure confidentiality and psychological safety, how should peer feedback be handled?', 48, 1, true),
  ('30000000-0000-4000-8000-000000000419', '20000000-0000-4000-8000-000000000067', '[Performance Improvement Plans (PIP) - Scenario 49] An employee with consistently declining performance metrics is placed on a 60-day PIP. What is the essential requirement for the PIP to be legally and ethically sound?', 49, 1, true),
  ('30000000-0000-4000-8000-00000000041a', '20000000-0000-4000-8000-000000000067', '[Incentives & Talent Development - Scenario 50] When designing a variable pay incentive structure linked to team performance, which principle ensures high motivation without encouraging toxic internal competition?', 50, 1, true)
on conflict (id) do update
set question_text = excluded.question_text,
    position = excluded.position,
    updated_at = now();

-- 4. Insert Options (200 options)
insert into public.question_options (id, question_id, option_text, position)
values
  ('40000000-0000-4000-8000-000000000fa5', '30000000-0000-4000-8000-0000000003e9', 'It creates rigid, siloed targets that reduce cross-functional agility and employee accountability.', 1),
  ('40000000-0000-4000-8000-000000000fa6', '30000000-0000-4000-8000-0000000003e9', 'It guarantees automatic 100% compliance across all junior operational roles.', 2),
  ('40000000-0000-4000-8000-000000000fa7', '30000000-0000-4000-8000-0000000003e9', 'It eliminates the need for middle management performance appraisals.', 3),
  ('40000000-0000-4000-8000-000000000fa8', '30000000-0000-4000-8000-0000000003e9', 'It invalidates the organization''s financial budgeting cycle.', 4),
  ('40000000-0000-4000-8000-000000000fa9', '30000000-0000-4000-8000-0000000003ea', 'Increasing the weight of peer reviews taken in the final month of the evaluation year.', 1),
  ('40000000-0000-4000-8000-000000000faa', '30000000-0000-4000-8000-0000000003ea', 'Implementing structured quarterly check-ins and continuous, real-time feedback logging.', 2),
  ('40000000-0000-4000-8000-000000000fab', '30000000-0000-4000-8000-0000000003ea', 'Replacing numerical ratings with mandatory stack ranking systems.', 3),
  ('40000000-0000-4000-8000-000000000fac', '30000000-0000-4000-8000-0000000003ea', 'Mandating that managers evaluate employees solely based on revenue generated in Q4.', 4),
  ('40000000-0000-4000-8000-000000000fad', '30000000-0000-4000-8000-0000000003eb', 'Shared openly in team town-hall sessions to promote total radical transparency.', 1),
  ('40000000-0000-4000-8000-000000000fae', '30000000-0000-4000-8000-0000000003eb', 'Sent directly to the board of directors for immediate compensation adjustments.', 2),
  ('40000000-0000-4000-8000-000000000faf', '30000000-0000-4000-8000-0000000003eb', 'Aggregated anonymously into thematic competencies rather than attributing individual quotes.', 3),
  ('40000000-0000-4000-8000-000000000fb0', '30000000-0000-4000-8000-0000000003eb', 'Filtered exclusively by the employee''s direct manager without HR oversight.', 4),
  ('40000000-0000-4000-8000-000000000fb1', '30000000-0000-4000-8000-0000000003ec', 'An immediate 20% salary reduction during the trial period.', 1),
  ('40000000-0000-4000-8000-000000000fb2', '30000000-0000-4000-8000-0000000003ec', 'A mandatory requirement for the employee to work 15 additional overtime hours weekly.', 2),
  ('40000000-0000-4000-8000-000000000fb3', '30000000-0000-4000-8000-0000000003ec', 'A clause waiving the employee''s right to formal grievance procedures.', 3),
  ('40000000-0000-4000-8000-000000000fb4', '30000000-0000-4000-8000-0000000003ec', 'Clear, measurable target benchmarks, scheduled check-ins, and explicit organizational support resources.', 4),
  ('40000000-0000-4000-8000-000000000fb5', '30000000-0000-4000-8000-0000000003ed', 'Balancing team-based metric bonuses with individual behavioral competency evaluations.', 1),
  ('40000000-0000-4000-8000-000000000fb6', '30000000-0000-4000-8000-0000000003ed', 'Allocating 100% of the bonus pool to the top 5% of performers regardless of team dynamics.', 2),
  ('40000000-0000-4000-8000-000000000fb7', '30000000-0000-4000-8000-0000000003ed', 'Linking incentives solely to company-wide EBITDA without individual or team KPIs.', 3),
  ('40000000-0000-4000-8000-000000000fb8', '30000000-0000-4000-8000-0000000003ed', 'Using forced-distribution bell curves to penalize the bottom 20% automatically.', 4),
  ('40000000-0000-4000-8000-000000000fb9', '30000000-0000-4000-8000-0000000003ee', 'It guarantees automatic 100% compliance across all junior operational roles.', 1),
  ('40000000-0000-4000-8000-000000000fba', '30000000-0000-4000-8000-0000000003ee', 'It creates rigid, siloed targets that reduce cross-functional agility and employee accountability.', 2),
  ('40000000-0000-4000-8000-000000000fbb', '30000000-0000-4000-8000-0000000003ee', 'It eliminates the need for middle management performance appraisals.', 3),
  ('40000000-0000-4000-8000-000000000fbc', '30000000-0000-4000-8000-0000000003ee', 'It invalidates the organization''s financial budgeting cycle.', 4),
  ('40000000-0000-4000-8000-000000000fbd', '30000000-0000-4000-8000-0000000003ef', 'Increasing the weight of peer reviews taken in the final month of the evaluation year.', 1),
  ('40000000-0000-4000-8000-000000000fbe', '30000000-0000-4000-8000-0000000003ef', 'Replacing numerical ratings with mandatory stack ranking systems.', 2),
  ('40000000-0000-4000-8000-000000000fbf', '30000000-0000-4000-8000-0000000003ef', 'Implementing structured quarterly check-ins and continuous, real-time feedback logging.', 3),
  ('40000000-0000-4000-8000-000000000fc0', '30000000-0000-4000-8000-0000000003ef', 'Mandating that managers evaluate employees solely based on revenue generated in Q4.', 4),
  ('40000000-0000-4000-8000-000000000fc1', '30000000-0000-4000-8000-0000000003f0', 'Shared openly in team town-hall sessions to promote total radical transparency.', 1),
  ('40000000-0000-4000-8000-000000000fc2', '30000000-0000-4000-8000-0000000003f0', 'Sent directly to the board of directors for immediate compensation adjustments.', 2),
  ('40000000-0000-4000-8000-000000000fc3', '30000000-0000-4000-8000-0000000003f0', 'Filtered exclusively by the employee''s direct manager without HR oversight.', 3),
  ('40000000-0000-4000-8000-000000000fc4', '30000000-0000-4000-8000-0000000003f0', 'Aggregated anonymously into thematic competencies rather than attributing individual quotes.', 4),
  ('40000000-0000-4000-8000-000000000fc5', '30000000-0000-4000-8000-0000000003f1', 'Clear, measurable target benchmarks, scheduled check-ins, and explicit organizational support resources.', 1),
  ('40000000-0000-4000-8000-000000000fc6', '30000000-0000-4000-8000-0000000003f1', 'An immediate 20% salary reduction during the trial period.', 2),
  ('40000000-0000-4000-8000-000000000fc7', '30000000-0000-4000-8000-0000000003f1', 'A mandatory requirement for the employee to work 15 additional overtime hours weekly.', 3),
  ('40000000-0000-4000-8000-000000000fc8', '30000000-0000-4000-8000-0000000003f1', 'A clause waiving the employee''s right to formal grievance procedures.', 4),
  ('40000000-0000-4000-8000-000000000fc9', '30000000-0000-4000-8000-0000000003f2', 'Allocating 100% of the bonus pool to the top 5% of performers regardless of team dynamics.', 1),
  ('40000000-0000-4000-8000-000000000fca', '30000000-0000-4000-8000-0000000003f2', 'Balancing team-based metric bonuses with individual behavioral competency evaluations.', 2),
  ('40000000-0000-4000-8000-000000000fcb', '30000000-0000-4000-8000-0000000003f2', 'Linking incentives solely to company-wide EBITDA without individual or team KPIs.', 3),
  ('40000000-0000-4000-8000-000000000fcc', '30000000-0000-4000-8000-0000000003f2', 'Using forced-distribution bell curves to penalize the bottom 20% automatically.', 4),
  ('40000000-0000-4000-8000-000000000fcd', '30000000-0000-4000-8000-0000000003f3', 'It guarantees automatic 100% compliance across all junior operational roles.', 1),
  ('40000000-0000-4000-8000-000000000fce', '30000000-0000-4000-8000-0000000003f3', 'It eliminates the need for middle management performance appraisals.', 2),
  ('40000000-0000-4000-8000-000000000fcf', '30000000-0000-4000-8000-0000000003f3', 'It creates rigid, siloed targets that reduce cross-functional agility and employee accountability.', 3),
  ('40000000-0000-4000-8000-000000000fd0', '30000000-0000-4000-8000-0000000003f3', 'It invalidates the organization''s financial budgeting cycle.', 4),
  ('40000000-0000-4000-8000-000000000fd1', '30000000-0000-4000-8000-0000000003f4', 'Increasing the weight of peer reviews taken in the final month of the evaluation year.', 1),
  ('40000000-0000-4000-8000-000000000fd2', '30000000-0000-4000-8000-0000000003f4', 'Replacing numerical ratings with mandatory stack ranking systems.', 2),
  ('40000000-0000-4000-8000-000000000fd3', '30000000-0000-4000-8000-0000000003f4', 'Mandating that managers evaluate employees solely based on revenue generated in Q4.', 3),
  ('40000000-0000-4000-8000-000000000fd4', '30000000-0000-4000-8000-0000000003f4', 'Implementing structured quarterly check-ins and continuous, real-time feedback logging.', 4),
  ('40000000-0000-4000-8000-000000000fd5', '30000000-0000-4000-8000-0000000003f5', 'Aggregated anonymously into thematic competencies rather than attributing individual quotes.', 1),
  ('40000000-0000-4000-8000-000000000fd6', '30000000-0000-4000-8000-0000000003f5', 'Shared openly in team town-hall sessions to promote total radical transparency.', 2),
  ('40000000-0000-4000-8000-000000000fd7', '30000000-0000-4000-8000-0000000003f5', 'Sent directly to the board of directors for immediate compensation adjustments.', 3),
  ('40000000-0000-4000-8000-000000000fd8', '30000000-0000-4000-8000-0000000003f5', 'Filtered exclusively by the employee''s direct manager without HR oversight.', 4),
  ('40000000-0000-4000-8000-000000000fd9', '30000000-0000-4000-8000-0000000003f6', 'An immediate 20% salary reduction during the trial period.', 1),
  ('40000000-0000-4000-8000-000000000fda', '30000000-0000-4000-8000-0000000003f6', 'Clear, measurable target benchmarks, scheduled check-ins, and explicit organizational support resources.', 2),
  ('40000000-0000-4000-8000-000000000fdb', '30000000-0000-4000-8000-0000000003f6', 'A mandatory requirement for the employee to work 15 additional overtime hours weekly.', 3),
  ('40000000-0000-4000-8000-000000000fdc', '30000000-0000-4000-8000-0000000003f6', 'A clause waiving the employee''s right to formal grievance procedures.', 4),
  ('40000000-0000-4000-8000-000000000fdd', '30000000-0000-4000-8000-0000000003f7', 'Allocating 100% of the bonus pool to the top 5% of performers regardless of team dynamics.', 1),
  ('40000000-0000-4000-8000-000000000fde', '30000000-0000-4000-8000-0000000003f7', 'Linking incentives solely to company-wide EBITDA without individual or team KPIs.', 2),
  ('40000000-0000-4000-8000-000000000fdf', '30000000-0000-4000-8000-0000000003f7', 'Balancing team-based metric bonuses with individual behavioral competency evaluations.', 3),
  ('40000000-0000-4000-8000-000000000fe0', '30000000-0000-4000-8000-0000000003f7', 'Using forced-distribution bell curves to penalize the bottom 20% automatically.', 4),
  ('40000000-0000-4000-8000-000000000fe1', '30000000-0000-4000-8000-0000000003f8', 'It guarantees automatic 100% compliance across all junior operational roles.', 1),
  ('40000000-0000-4000-8000-000000000fe2', '30000000-0000-4000-8000-0000000003f8', 'It eliminates the need for middle management performance appraisals.', 2),
  ('40000000-0000-4000-8000-000000000fe3', '30000000-0000-4000-8000-0000000003f8', 'It invalidates the organization''s financial budgeting cycle.', 3),
  ('40000000-0000-4000-8000-000000000fe4', '30000000-0000-4000-8000-0000000003f8', 'It creates rigid, siloed targets that reduce cross-functional agility and employee accountability.', 4),
  ('40000000-0000-4000-8000-000000000fe5', '30000000-0000-4000-8000-0000000003f9', 'Implementing structured quarterly check-ins and continuous, real-time feedback logging.', 1),
  ('40000000-0000-4000-8000-000000000fe6', '30000000-0000-4000-8000-0000000003f9', 'Increasing the weight of peer reviews taken in the final month of the evaluation year.', 2),
  ('40000000-0000-4000-8000-000000000fe7', '30000000-0000-4000-8000-0000000003f9', 'Replacing numerical ratings with mandatory stack ranking systems.', 3),
  ('40000000-0000-4000-8000-000000000fe8', '30000000-0000-4000-8000-0000000003f9', 'Mandating that managers evaluate employees solely based on revenue generated in Q4.', 4),
  ('40000000-0000-4000-8000-000000000fe9', '30000000-0000-4000-8000-0000000003fa', 'Shared openly in team town-hall sessions to promote total radical transparency.', 1),
  ('40000000-0000-4000-8000-000000000fea', '30000000-0000-4000-8000-0000000003fa', 'Aggregated anonymously into thematic competencies rather than attributing individual quotes.', 2),
  ('40000000-0000-4000-8000-000000000feb', '30000000-0000-4000-8000-0000000003fa', 'Sent directly to the board of directors for immediate compensation adjustments.', 3),
  ('40000000-0000-4000-8000-000000000fec', '30000000-0000-4000-8000-0000000003fa', 'Filtered exclusively by the employee''s direct manager without HR oversight.', 4),
  ('40000000-0000-4000-8000-000000000fed', '30000000-0000-4000-8000-0000000003fb', 'An immediate 20% salary reduction during the trial period.', 1),
  ('40000000-0000-4000-8000-000000000fee', '30000000-0000-4000-8000-0000000003fb', 'A mandatory requirement for the employee to work 15 additional overtime hours weekly.', 2),
  ('40000000-0000-4000-8000-000000000fef', '30000000-0000-4000-8000-0000000003fb', 'Clear, measurable target benchmarks, scheduled check-ins, and explicit organizational support resources.', 3),
  ('40000000-0000-4000-8000-000000000ff0', '30000000-0000-4000-8000-0000000003fb', 'A clause waiving the employee''s right to formal grievance procedures.', 4),
  ('40000000-0000-4000-8000-000000000ff1', '30000000-0000-4000-8000-0000000003fc', 'Allocating 100% of the bonus pool to the top 5% of performers regardless of team dynamics.', 1),
  ('40000000-0000-4000-8000-000000000ff2', '30000000-0000-4000-8000-0000000003fc', 'Linking incentives solely to company-wide EBITDA without individual or team KPIs.', 2),
  ('40000000-0000-4000-8000-000000000ff3', '30000000-0000-4000-8000-0000000003fc', 'Using forced-distribution bell curves to penalize the bottom 20% automatically.', 3),
  ('40000000-0000-4000-8000-000000000ff4', '30000000-0000-4000-8000-0000000003fc', 'Balancing team-based metric bonuses with individual behavioral competency evaluations.', 4),
  ('40000000-0000-4000-8000-000000000ff5', '30000000-0000-4000-8000-0000000003fd', 'It creates rigid, siloed targets that reduce cross-functional agility and employee accountability.', 1),
  ('40000000-0000-4000-8000-000000000ff6', '30000000-0000-4000-8000-0000000003fd', 'It guarantees automatic 100% compliance across all junior operational roles.', 2),
  ('40000000-0000-4000-8000-000000000ff7', '30000000-0000-4000-8000-0000000003fd', 'It eliminates the need for middle management performance appraisals.', 3),
  ('40000000-0000-4000-8000-000000000ff8', '30000000-0000-4000-8000-0000000003fd', 'It invalidates the organization''s financial budgeting cycle.', 4),
  ('40000000-0000-4000-8000-000000000ff9', '30000000-0000-4000-8000-0000000003fe', 'Increasing the weight of peer reviews taken in the final month of the evaluation year.', 1),
  ('40000000-0000-4000-8000-000000000ffa', '30000000-0000-4000-8000-0000000003fe', 'Implementing structured quarterly check-ins and continuous, real-time feedback logging.', 2),
  ('40000000-0000-4000-8000-000000000ffb', '30000000-0000-4000-8000-0000000003fe', 'Replacing numerical ratings with mandatory stack ranking systems.', 3),
  ('40000000-0000-4000-8000-000000000ffc', '30000000-0000-4000-8000-0000000003fe', 'Mandating that managers evaluate employees solely based on revenue generated in Q4.', 4),
  ('40000000-0000-4000-8000-000000000ffd', '30000000-0000-4000-8000-0000000003ff', 'Shared openly in team town-hall sessions to promote total radical transparency.', 1),
  ('40000000-0000-4000-8000-000000000ffe', '30000000-0000-4000-8000-0000000003ff', 'Sent directly to the board of directors for immediate compensation adjustments.', 2),
  ('40000000-0000-4000-8000-000000000fff', '30000000-0000-4000-8000-0000000003ff', 'Aggregated anonymously into thematic competencies rather than attributing individual quotes.', 3),
  ('40000000-0000-4000-8000-000000001000', '30000000-0000-4000-8000-0000000003ff', 'Filtered exclusively by the employee''s direct manager without HR oversight.', 4),
  ('40000000-0000-4000-8000-000000001001', '30000000-0000-4000-8000-000000000400', 'An immediate 20% salary reduction during the trial period.', 1),
  ('40000000-0000-4000-8000-000000001002', '30000000-0000-4000-8000-000000000400', 'A mandatory requirement for the employee to work 15 additional overtime hours weekly.', 2),
  ('40000000-0000-4000-8000-000000001003', '30000000-0000-4000-8000-000000000400', 'A clause waiving the employee''s right to formal grievance procedures.', 3),
  ('40000000-0000-4000-8000-000000001004', '30000000-0000-4000-8000-000000000400', 'Clear, measurable target benchmarks, scheduled check-ins, and explicit organizational support resources.', 4),
  ('40000000-0000-4000-8000-000000001005', '30000000-0000-4000-8000-000000000401', 'Balancing team-based metric bonuses with individual behavioral competency evaluations.', 1),
  ('40000000-0000-4000-8000-000000001006', '30000000-0000-4000-8000-000000000401', 'Allocating 100% of the bonus pool to the top 5% of performers regardless of team dynamics.', 2),
  ('40000000-0000-4000-8000-000000001007', '30000000-0000-4000-8000-000000000401', 'Linking incentives solely to company-wide EBITDA without individual or team KPIs.', 3),
  ('40000000-0000-4000-8000-000000001008', '30000000-0000-4000-8000-000000000401', 'Using forced-distribution bell curves to penalize the bottom 20% automatically.', 4),
  ('40000000-0000-4000-8000-000000001009', '30000000-0000-4000-8000-000000000402', 'It guarantees automatic 100% compliance across all junior operational roles.', 1),
  ('40000000-0000-4000-8000-00000000100a', '30000000-0000-4000-8000-000000000402', 'It creates rigid, siloed targets that reduce cross-functional agility and employee accountability.', 2),
  ('40000000-0000-4000-8000-00000000100b', '30000000-0000-4000-8000-000000000402', 'It eliminates the need for middle management performance appraisals.', 3),
  ('40000000-0000-4000-8000-00000000100c', '30000000-0000-4000-8000-000000000402', 'It invalidates the organization''s financial budgeting cycle.', 4),
  ('40000000-0000-4000-8000-00000000100d', '30000000-0000-4000-8000-000000000403', 'Increasing the weight of peer reviews taken in the final month of the evaluation year.', 1),
  ('40000000-0000-4000-8000-00000000100e', '30000000-0000-4000-8000-000000000403', 'Replacing numerical ratings with mandatory stack ranking systems.', 2),
  ('40000000-0000-4000-8000-00000000100f', '30000000-0000-4000-8000-000000000403', 'Implementing structured quarterly check-ins and continuous, real-time feedback logging.', 3),
  ('40000000-0000-4000-8000-000000001010', '30000000-0000-4000-8000-000000000403', 'Mandating that managers evaluate employees solely based on revenue generated in Q4.', 4),
  ('40000000-0000-4000-8000-000000001011', '30000000-0000-4000-8000-000000000404', 'Shared openly in team town-hall sessions to promote total radical transparency.', 1),
  ('40000000-0000-4000-8000-000000001012', '30000000-0000-4000-8000-000000000404', 'Sent directly to the board of directors for immediate compensation adjustments.', 2),
  ('40000000-0000-4000-8000-000000001013', '30000000-0000-4000-8000-000000000404', 'Filtered exclusively by the employee''s direct manager without HR oversight.', 3),
  ('40000000-0000-4000-8000-000000001014', '30000000-0000-4000-8000-000000000404', 'Aggregated anonymously into thematic competencies rather than attributing individual quotes.', 4),
  ('40000000-0000-4000-8000-000000001015', '30000000-0000-4000-8000-000000000405', 'Clear, measurable target benchmarks, scheduled check-ins, and explicit organizational support resources.', 1),
  ('40000000-0000-4000-8000-000000001016', '30000000-0000-4000-8000-000000000405', 'An immediate 20% salary reduction during the trial period.', 2),
  ('40000000-0000-4000-8000-000000001017', '30000000-0000-4000-8000-000000000405', 'A mandatory requirement for the employee to work 15 additional overtime hours weekly.', 3),
  ('40000000-0000-4000-8000-000000001018', '30000000-0000-4000-8000-000000000405', 'A clause waiving the employee''s right to formal grievance procedures.', 4),
  ('40000000-0000-4000-8000-000000001019', '30000000-0000-4000-8000-000000000406', 'Allocating 100% of the bonus pool to the top 5% of performers regardless of team dynamics.', 1),
  ('40000000-0000-4000-8000-00000000101a', '30000000-0000-4000-8000-000000000406', 'Balancing team-based metric bonuses with individual behavioral competency evaluations.', 2),
  ('40000000-0000-4000-8000-00000000101b', '30000000-0000-4000-8000-000000000406', 'Linking incentives solely to company-wide EBITDA without individual or team KPIs.', 3),
  ('40000000-0000-4000-8000-00000000101c', '30000000-0000-4000-8000-000000000406', 'Using forced-distribution bell curves to penalize the bottom 20% automatically.', 4),
  ('40000000-0000-4000-8000-00000000101d', '30000000-0000-4000-8000-000000000407', 'It guarantees automatic 100% compliance across all junior operational roles.', 1),
  ('40000000-0000-4000-8000-00000000101e', '30000000-0000-4000-8000-000000000407', 'It eliminates the need for middle management performance appraisals.', 2),
  ('40000000-0000-4000-8000-00000000101f', '30000000-0000-4000-8000-000000000407', 'It creates rigid, siloed targets that reduce cross-functional agility and employee accountability.', 3),
  ('40000000-0000-4000-8000-000000001020', '30000000-0000-4000-8000-000000000407', 'It invalidates the organization''s financial budgeting cycle.', 4),
  ('40000000-0000-4000-8000-000000001021', '30000000-0000-4000-8000-000000000408', 'Increasing the weight of peer reviews taken in the final month of the evaluation year.', 1),
  ('40000000-0000-4000-8000-000000001022', '30000000-0000-4000-8000-000000000408', 'Replacing numerical ratings with mandatory stack ranking systems.', 2),
  ('40000000-0000-4000-8000-000000001023', '30000000-0000-4000-8000-000000000408', 'Mandating that managers evaluate employees solely based on revenue generated in Q4.', 3),
  ('40000000-0000-4000-8000-000000001024', '30000000-0000-4000-8000-000000000408', 'Implementing structured quarterly check-ins and continuous, real-time feedback logging.', 4),
  ('40000000-0000-4000-8000-000000001025', '30000000-0000-4000-8000-000000000409', 'Aggregated anonymously into thematic competencies rather than attributing individual quotes.', 1),
  ('40000000-0000-4000-8000-000000001026', '30000000-0000-4000-8000-000000000409', 'Shared openly in team town-hall sessions to promote total radical transparency.', 2),
  ('40000000-0000-4000-8000-000000001027', '30000000-0000-4000-8000-000000000409', 'Sent directly to the board of directors for immediate compensation adjustments.', 3),
  ('40000000-0000-4000-8000-000000001028', '30000000-0000-4000-8000-000000000409', 'Filtered exclusively by the employee''s direct manager without HR oversight.', 4),
  ('40000000-0000-4000-8000-000000001029', '30000000-0000-4000-8000-00000000040a', 'An immediate 20% salary reduction during the trial period.', 1),
  ('40000000-0000-4000-8000-00000000102a', '30000000-0000-4000-8000-00000000040a', 'Clear, measurable target benchmarks, scheduled check-ins, and explicit organizational support resources.', 2),
  ('40000000-0000-4000-8000-00000000102b', '30000000-0000-4000-8000-00000000040a', 'A mandatory requirement for the employee to work 15 additional overtime hours weekly.', 3),
  ('40000000-0000-4000-8000-00000000102c', '30000000-0000-4000-8000-00000000040a', 'A clause waiving the employee''s right to formal grievance procedures.', 4),
  ('40000000-0000-4000-8000-00000000102d', '30000000-0000-4000-8000-00000000040b', 'Allocating 100% of the bonus pool to the top 5% of performers regardless of team dynamics.', 1),
  ('40000000-0000-4000-8000-00000000102e', '30000000-0000-4000-8000-00000000040b', 'Linking incentives solely to company-wide EBITDA without individual or team KPIs.', 2),
  ('40000000-0000-4000-8000-00000000102f', '30000000-0000-4000-8000-00000000040b', 'Balancing team-based metric bonuses with individual behavioral competency evaluations.', 3),
  ('40000000-0000-4000-8000-000000001030', '30000000-0000-4000-8000-00000000040b', 'Using forced-distribution bell curves to penalize the bottom 20% automatically.', 4),
  ('40000000-0000-4000-8000-000000001031', '30000000-0000-4000-8000-00000000040c', 'It guarantees automatic 100% compliance across all junior operational roles.', 1),
  ('40000000-0000-4000-8000-000000001032', '30000000-0000-4000-8000-00000000040c', 'It eliminates the need for middle management performance appraisals.', 2),
  ('40000000-0000-4000-8000-000000001033', '30000000-0000-4000-8000-00000000040c', 'It invalidates the organization''s financial budgeting cycle.', 3),
  ('40000000-0000-4000-8000-000000001034', '30000000-0000-4000-8000-00000000040c', 'It creates rigid, siloed targets that reduce cross-functional agility and employee accountability.', 4),
  ('40000000-0000-4000-8000-000000001035', '30000000-0000-4000-8000-00000000040d', 'Implementing structured quarterly check-ins and continuous, real-time feedback logging.', 1),
  ('40000000-0000-4000-8000-000000001036', '30000000-0000-4000-8000-00000000040d', 'Increasing the weight of peer reviews taken in the final month of the evaluation year.', 2),
  ('40000000-0000-4000-8000-000000001037', '30000000-0000-4000-8000-00000000040d', 'Replacing numerical ratings with mandatory stack ranking systems.', 3),
  ('40000000-0000-4000-8000-000000001038', '30000000-0000-4000-8000-00000000040d', 'Mandating that managers evaluate employees solely based on revenue generated in Q4.', 4),
  ('40000000-0000-4000-8000-000000001039', '30000000-0000-4000-8000-00000000040e', 'Shared openly in team town-hall sessions to promote total radical transparency.', 1),
  ('40000000-0000-4000-8000-00000000103a', '30000000-0000-4000-8000-00000000040e', 'Aggregated anonymously into thematic competencies rather than attributing individual quotes.', 2),
  ('40000000-0000-4000-8000-00000000103b', '30000000-0000-4000-8000-00000000040e', 'Sent directly to the board of directors for immediate compensation adjustments.', 3),
  ('40000000-0000-4000-8000-00000000103c', '30000000-0000-4000-8000-00000000040e', 'Filtered exclusively by the employee''s direct manager without HR oversight.', 4),
  ('40000000-0000-4000-8000-00000000103d', '30000000-0000-4000-8000-00000000040f', 'An immediate 20% salary reduction during the trial period.', 1),
  ('40000000-0000-4000-8000-00000000103e', '30000000-0000-4000-8000-00000000040f', 'A mandatory requirement for the employee to work 15 additional overtime hours weekly.', 2),
  ('40000000-0000-4000-8000-00000000103f', '30000000-0000-4000-8000-00000000040f', 'Clear, measurable target benchmarks, scheduled check-ins, and explicit organizational support resources.', 3),
  ('40000000-0000-4000-8000-000000001040', '30000000-0000-4000-8000-00000000040f', 'A clause waiving the employee''s right to formal grievance procedures.', 4),
  ('40000000-0000-4000-8000-000000001041', '30000000-0000-4000-8000-000000000410', 'Allocating 100% of the bonus pool to the top 5% of performers regardless of team dynamics.', 1),
  ('40000000-0000-4000-8000-000000001042', '30000000-0000-4000-8000-000000000410', 'Linking incentives solely to company-wide EBITDA without individual or team KPIs.', 2),
  ('40000000-0000-4000-8000-000000001043', '30000000-0000-4000-8000-000000000410', 'Using forced-distribution bell curves to penalize the bottom 20% automatically.', 3),
  ('40000000-0000-4000-8000-000000001044', '30000000-0000-4000-8000-000000000410', 'Balancing team-based metric bonuses with individual behavioral competency evaluations.', 4),
  ('40000000-0000-4000-8000-000000001045', '30000000-0000-4000-8000-000000000411', 'It creates rigid, siloed targets that reduce cross-functional agility and employee accountability.', 1),
  ('40000000-0000-4000-8000-000000001046', '30000000-0000-4000-8000-000000000411', 'It guarantees automatic 100% compliance across all junior operational roles.', 2),
  ('40000000-0000-4000-8000-000000001047', '30000000-0000-4000-8000-000000000411', 'It eliminates the need for middle management performance appraisals.', 3),
  ('40000000-0000-4000-8000-000000001048', '30000000-0000-4000-8000-000000000411', 'It invalidates the organization''s financial budgeting cycle.', 4),
  ('40000000-0000-4000-8000-000000001049', '30000000-0000-4000-8000-000000000412', 'Increasing the weight of peer reviews taken in the final month of the evaluation year.', 1),
  ('40000000-0000-4000-8000-00000000104a', '30000000-0000-4000-8000-000000000412', 'Implementing structured quarterly check-ins and continuous, real-time feedback logging.', 2),
  ('40000000-0000-4000-8000-00000000104b', '30000000-0000-4000-8000-000000000412', 'Replacing numerical ratings with mandatory stack ranking systems.', 3),
  ('40000000-0000-4000-8000-00000000104c', '30000000-0000-4000-8000-000000000412', 'Mandating that managers evaluate employees solely based on revenue generated in Q4.', 4),
  ('40000000-0000-4000-8000-00000000104d', '30000000-0000-4000-8000-000000000413', 'Shared openly in team town-hall sessions to promote total radical transparency.', 1),
  ('40000000-0000-4000-8000-00000000104e', '30000000-0000-4000-8000-000000000413', 'Sent directly to the board of directors for immediate compensation adjustments.', 2),
  ('40000000-0000-4000-8000-00000000104f', '30000000-0000-4000-8000-000000000413', 'Aggregated anonymously into thematic competencies rather than attributing individual quotes.', 3),
  ('40000000-0000-4000-8000-000000001050', '30000000-0000-4000-8000-000000000413', 'Filtered exclusively by the employee''s direct manager without HR oversight.', 4),
  ('40000000-0000-4000-8000-000000001051', '30000000-0000-4000-8000-000000000414', 'An immediate 20% salary reduction during the trial period.', 1),
  ('40000000-0000-4000-8000-000000001052', '30000000-0000-4000-8000-000000000414', 'A mandatory requirement for the employee to work 15 additional overtime hours weekly.', 2),
  ('40000000-0000-4000-8000-000000001053', '30000000-0000-4000-8000-000000000414', 'A clause waiving the employee''s right to formal grievance procedures.', 3),
  ('40000000-0000-4000-8000-000000001054', '30000000-0000-4000-8000-000000000414', 'Clear, measurable target benchmarks, scheduled check-ins, and explicit organizational support resources.', 4),
  ('40000000-0000-4000-8000-000000001055', '30000000-0000-4000-8000-000000000415', 'Balancing team-based metric bonuses with individual behavioral competency evaluations.', 1),
  ('40000000-0000-4000-8000-000000001056', '30000000-0000-4000-8000-000000000415', 'Allocating 100% of the bonus pool to the top 5% of performers regardless of team dynamics.', 2),
  ('40000000-0000-4000-8000-000000001057', '30000000-0000-4000-8000-000000000415', 'Linking incentives solely to company-wide EBITDA without individual or team KPIs.', 3),
  ('40000000-0000-4000-8000-000000001058', '30000000-0000-4000-8000-000000000415', 'Using forced-distribution bell curves to penalize the bottom 20% automatically.', 4),
  ('40000000-0000-4000-8000-000000001059', '30000000-0000-4000-8000-000000000416', 'It guarantees automatic 100% compliance across all junior operational roles.', 1),
  ('40000000-0000-4000-8000-00000000105a', '30000000-0000-4000-8000-000000000416', 'It creates rigid, siloed targets that reduce cross-functional agility and employee accountability.', 2),
  ('40000000-0000-4000-8000-00000000105b', '30000000-0000-4000-8000-000000000416', 'It eliminates the need for middle management performance appraisals.', 3),
  ('40000000-0000-4000-8000-00000000105c', '30000000-0000-4000-8000-000000000416', 'It invalidates the organization''s financial budgeting cycle.', 4),
  ('40000000-0000-4000-8000-00000000105d', '30000000-0000-4000-8000-000000000417', 'Increasing the weight of peer reviews taken in the final month of the evaluation year.', 1),
  ('40000000-0000-4000-8000-00000000105e', '30000000-0000-4000-8000-000000000417', 'Replacing numerical ratings with mandatory stack ranking systems.', 2),
  ('40000000-0000-4000-8000-00000000105f', '30000000-0000-4000-8000-000000000417', 'Implementing structured quarterly check-ins and continuous, real-time feedback logging.', 3),
  ('40000000-0000-4000-8000-000000001060', '30000000-0000-4000-8000-000000000417', 'Mandating that managers evaluate employees solely based on revenue generated in Q4.', 4),
  ('40000000-0000-4000-8000-000000001061', '30000000-0000-4000-8000-000000000418', 'Shared openly in team town-hall sessions to promote total radical transparency.', 1),
  ('40000000-0000-4000-8000-000000001062', '30000000-0000-4000-8000-000000000418', 'Sent directly to the board of directors for immediate compensation adjustments.', 2),
  ('40000000-0000-4000-8000-000000001063', '30000000-0000-4000-8000-000000000418', 'Filtered exclusively by the employee''s direct manager without HR oversight.', 3),
  ('40000000-0000-4000-8000-000000001064', '30000000-0000-4000-8000-000000000418', 'Aggregated anonymously into thematic competencies rather than attributing individual quotes.', 4),
  ('40000000-0000-4000-8000-000000001065', '30000000-0000-4000-8000-000000000419', 'Clear, measurable target benchmarks, scheduled check-ins, and explicit organizational support resources.', 1),
  ('40000000-0000-4000-8000-000000001066', '30000000-0000-4000-8000-000000000419', 'An immediate 20% salary reduction during the trial period.', 2),
  ('40000000-0000-4000-8000-000000001067', '30000000-0000-4000-8000-000000000419', 'A mandatory requirement for the employee to work 15 additional overtime hours weekly.', 3),
  ('40000000-0000-4000-8000-000000001068', '30000000-0000-4000-8000-000000000419', 'A clause waiving the employee''s right to formal grievance procedures.', 4),
  ('40000000-0000-4000-8000-000000001069', '30000000-0000-4000-8000-00000000041a', 'Allocating 100% of the bonus pool to the top 5% of performers regardless of team dynamics.', 1),
  ('40000000-0000-4000-8000-00000000106a', '30000000-0000-4000-8000-00000000041a', 'Balancing team-based metric bonuses with individual behavioral competency evaluations.', 2),
  ('40000000-0000-4000-8000-00000000106b', '30000000-0000-4000-8000-00000000041a', 'Linking incentives solely to company-wide EBITDA without individual or team KPIs.', 3),
  ('40000000-0000-4000-8000-00000000106c', '30000000-0000-4000-8000-00000000041a', 'Using forced-distribution bell curves to penalize the bottom 20% automatically.', 4)
on conflict (id) do update
set option_text = excluded.option_text,
    position = excluded.position;

-- 5. Insert Question Answer Keys (50 keys)
insert into public.question_answer_keys (question_id, correct_option_id, explanation)
values
  ('30000000-0000-4000-8000-0000000003e9', '40000000-0000-4000-8000-000000000fa5', 'Cascading OKRs without collaborative adaptation creates rigid silos and destroys intrinsic ownership at operational levels.'),
  ('30000000-0000-4000-8000-0000000003ea', '40000000-0000-4000-8000-000000000faa', 'Continuous check-ins and milestone logging capture year-round achievements, directly eliminating recency bias.'),
  ('30000000-0000-4000-8000-0000000003eb', '40000000-0000-4000-8000-000000000faf', '360-degree peer feedback must be aggregated anonymously into competencies to protect psychological safety and trust.'),
  ('30000000-0000-4000-8000-0000000003ec', '40000000-0000-4000-8000-000000000fb4', 'A legally compliant PIP must feature clear measurable benchmarks, regular feedback checkpoints, and reasonable support resources.'),
  ('30000000-0000-4000-8000-0000000003ed', '40000000-0000-4000-8000-000000000fb5', 'Balancing team achievements with individual competency evaluations fosters collaboration while rewarding personal effort.'),
  ('30000000-0000-4000-8000-0000000003ee', '40000000-0000-4000-8000-000000000fba', 'Cascading OKRs without collaborative adaptation creates rigid silos and destroys intrinsic ownership at operational levels.'),
  ('30000000-0000-4000-8000-0000000003ef', '40000000-0000-4000-8000-000000000fbf', 'Continuous check-ins and milestone logging capture year-round achievements, directly eliminating recency bias.'),
  ('30000000-0000-4000-8000-0000000003f0', '40000000-0000-4000-8000-000000000fc4', '360-degree peer feedback must be aggregated anonymously into competencies to protect psychological safety and trust.'),
  ('30000000-0000-4000-8000-0000000003f1', '40000000-0000-4000-8000-000000000fc5', 'A legally compliant PIP must feature clear measurable benchmarks, regular feedback checkpoints, and reasonable support resources.'),
  ('30000000-0000-4000-8000-0000000003f2', '40000000-0000-4000-8000-000000000fca', 'Balancing team achievements with individual competency evaluations fosters collaboration while rewarding personal effort.'),
  ('30000000-0000-4000-8000-0000000003f3', '40000000-0000-4000-8000-000000000fcf', 'Cascading OKRs without collaborative adaptation creates rigid silos and destroys intrinsic ownership at operational levels.'),
  ('30000000-0000-4000-8000-0000000003f4', '40000000-0000-4000-8000-000000000fd4', 'Continuous check-ins and milestone logging capture year-round achievements, directly eliminating recency bias.'),
  ('30000000-0000-4000-8000-0000000003f5', '40000000-0000-4000-8000-000000000fd5', '360-degree peer feedback must be aggregated anonymously into competencies to protect psychological safety and trust.'),
  ('30000000-0000-4000-8000-0000000003f6', '40000000-0000-4000-8000-000000000fda', 'A legally compliant PIP must feature clear measurable benchmarks, regular feedback checkpoints, and reasonable support resources.'),
  ('30000000-0000-4000-8000-0000000003f7', '40000000-0000-4000-8000-000000000fdf', 'Balancing team achievements with individual competency evaluations fosters collaboration while rewarding personal effort.'),
  ('30000000-0000-4000-8000-0000000003f8', '40000000-0000-4000-8000-000000000fe4', 'Cascading OKRs without collaborative adaptation creates rigid silos and destroys intrinsic ownership at operational levels.'),
  ('30000000-0000-4000-8000-0000000003f9', '40000000-0000-4000-8000-000000000fe5', 'Continuous check-ins and milestone logging capture year-round achievements, directly eliminating recency bias.'),
  ('30000000-0000-4000-8000-0000000003fa', '40000000-0000-4000-8000-000000000fea', '360-degree peer feedback must be aggregated anonymously into competencies to protect psychological safety and trust.'),
  ('30000000-0000-4000-8000-0000000003fb', '40000000-0000-4000-8000-000000000fef', 'A legally compliant PIP must feature clear measurable benchmarks, regular feedback checkpoints, and reasonable support resources.'),
  ('30000000-0000-4000-8000-0000000003fc', '40000000-0000-4000-8000-000000000ff4', 'Balancing team achievements with individual competency evaluations fosters collaboration while rewarding personal effort.'),
  ('30000000-0000-4000-8000-0000000003fd', '40000000-0000-4000-8000-000000000ff5', 'Cascading OKRs without collaborative adaptation creates rigid silos and destroys intrinsic ownership at operational levels.'),
  ('30000000-0000-4000-8000-0000000003fe', '40000000-0000-4000-8000-000000000ffa', 'Continuous check-ins and milestone logging capture year-round achievements, directly eliminating recency bias.'),
  ('30000000-0000-4000-8000-0000000003ff', '40000000-0000-4000-8000-000000000fff', '360-degree peer feedback must be aggregated anonymously into competencies to protect psychological safety and trust.'),
  ('30000000-0000-4000-8000-000000000400', '40000000-0000-4000-8000-000000001004', 'A legally compliant PIP must feature clear measurable benchmarks, regular feedback checkpoints, and reasonable support resources.'),
  ('30000000-0000-4000-8000-000000000401', '40000000-0000-4000-8000-000000001005', 'Balancing team achievements with individual competency evaluations fosters collaboration while rewarding personal effort.'),
  ('30000000-0000-4000-8000-000000000402', '40000000-0000-4000-8000-00000000100a', 'Cascading OKRs without collaborative adaptation creates rigid silos and destroys intrinsic ownership at operational levels.'),
  ('30000000-0000-4000-8000-000000000403', '40000000-0000-4000-8000-00000000100f', 'Continuous check-ins and milestone logging capture year-round achievements, directly eliminating recency bias.'),
  ('30000000-0000-4000-8000-000000000404', '40000000-0000-4000-8000-000000001014', '360-degree peer feedback must be aggregated anonymously into competencies to protect psychological safety and trust.'),
  ('30000000-0000-4000-8000-000000000405', '40000000-0000-4000-8000-000000001015', 'A legally compliant PIP must feature clear measurable benchmarks, regular feedback checkpoints, and reasonable support resources.'),
  ('30000000-0000-4000-8000-000000000406', '40000000-0000-4000-8000-00000000101a', 'Balancing team achievements with individual competency evaluations fosters collaboration while rewarding personal effort.'),
  ('30000000-0000-4000-8000-000000000407', '40000000-0000-4000-8000-00000000101f', 'Cascading OKRs without collaborative adaptation creates rigid silos and destroys intrinsic ownership at operational levels.'),
  ('30000000-0000-4000-8000-000000000408', '40000000-0000-4000-8000-000000001024', 'Continuous check-ins and milestone logging capture year-round achievements, directly eliminating recency bias.'),
  ('30000000-0000-4000-8000-000000000409', '40000000-0000-4000-8000-000000001025', '360-degree peer feedback must be aggregated anonymously into competencies to protect psychological safety and trust.'),
  ('30000000-0000-4000-8000-00000000040a', '40000000-0000-4000-8000-00000000102a', 'A legally compliant PIP must feature clear measurable benchmarks, regular feedback checkpoints, and reasonable support resources.'),
  ('30000000-0000-4000-8000-00000000040b', '40000000-0000-4000-8000-00000000102f', 'Balancing team achievements with individual competency evaluations fosters collaboration while rewarding personal effort.'),
  ('30000000-0000-4000-8000-00000000040c', '40000000-0000-4000-8000-000000001034', 'Cascading OKRs without collaborative adaptation creates rigid silos and destroys intrinsic ownership at operational levels.'),
  ('30000000-0000-4000-8000-00000000040d', '40000000-0000-4000-8000-000000001035', 'Continuous check-ins and milestone logging capture year-round achievements, directly eliminating recency bias.'),
  ('30000000-0000-4000-8000-00000000040e', '40000000-0000-4000-8000-00000000103a', '360-degree peer feedback must be aggregated anonymously into competencies to protect psychological safety and trust.'),
  ('30000000-0000-4000-8000-00000000040f', '40000000-0000-4000-8000-00000000103f', 'A legally compliant PIP must feature clear measurable benchmarks, regular feedback checkpoints, and reasonable support resources.'),
  ('30000000-0000-4000-8000-000000000410', '40000000-0000-4000-8000-000000001044', 'Balancing team achievements with individual competency evaluations fosters collaboration while rewarding personal effort.'),
  ('30000000-0000-4000-8000-000000000411', '40000000-0000-4000-8000-000000001045', 'Cascading OKRs without collaborative adaptation creates rigid silos and destroys intrinsic ownership at operational levels.'),
  ('30000000-0000-4000-8000-000000000412', '40000000-0000-4000-8000-00000000104a', 'Continuous check-ins and milestone logging capture year-round achievements, directly eliminating recency bias.'),
  ('30000000-0000-4000-8000-000000000413', '40000000-0000-4000-8000-00000000104f', '360-degree peer feedback must be aggregated anonymously into competencies to protect psychological safety and trust.'),
  ('30000000-0000-4000-8000-000000000414', '40000000-0000-4000-8000-000000001054', 'A legally compliant PIP must feature clear measurable benchmarks, regular feedback checkpoints, and reasonable support resources.'),
  ('30000000-0000-4000-8000-000000000415', '40000000-0000-4000-8000-000000001055', 'Balancing team achievements with individual competency evaluations fosters collaboration while rewarding personal effort.'),
  ('30000000-0000-4000-8000-000000000416', '40000000-0000-4000-8000-00000000105a', 'Cascading OKRs without collaborative adaptation creates rigid silos and destroys intrinsic ownership at operational levels.'),
  ('30000000-0000-4000-8000-000000000417', '40000000-0000-4000-8000-00000000105f', 'Continuous check-ins and milestone logging capture year-round achievements, directly eliminating recency bias.'),
  ('30000000-0000-4000-8000-000000000418', '40000000-0000-4000-8000-000000001064', '360-degree peer feedback must be aggregated anonymously into competencies to protect psychological safety and trust.'),
  ('30000000-0000-4000-8000-000000000419', '40000000-0000-4000-8000-000000001065', 'A legally compliant PIP must feature clear measurable benchmarks, regular feedback checkpoints, and reasonable support resources.'),
  ('30000000-0000-4000-8000-00000000041a', '40000000-0000-4000-8000-00000000106a', 'Balancing team achievements with individual competency evaluations fosters collaboration while rewarding personal effort.')
on conflict (question_id) do update
set correct_option_id = excluded.correct_option_id,
    explanation = excluded.explanation,
    updated_at = now();

commit;
